[Licensing::Module] Trying to connect to existing licensing client channel...
Built from '6000.2/respin/6000.2.7f1-2eb0c79396db' branch; Version is '6000.2.7f2 (2b518236b676) revision 2838914'; Using compiler version '194234433'; Build Type 'Release'
[Licensing::IpcConnector] Successfully connected to: "LicenseClient-monem" at "2026-03-18T02:26:33.0959696Z"
OS: 'Windows 11  (10.0.26200) 64bit Core' Language: 'en' Physical Memory: 16095 MB
BatchMode: 1, IsHumanControllingUs: 0, StartBugReporterOnCrash: 0, Is64bit: 1
Date: 2026-03-18T02:26:33Z

COMMAND LINE ARGUMENTS:
C:\Program Files\Unity\Hub\Editor\6000.2.7f2\Editor\Unity.exe
-adb2
-batchMode
-noUpm
-name
AssetImportWorker4
-projectPath
C:/Users/monem/OneDrive/Documents/Hellevator/Test
-logFile
Logs/AssetImportWorker4.log
-srvPort
63212
-licensingIpc
LicenseClient-monem
-job-worker-count
5
-background-job-worker-count
8
-gc-helper-count
1
-name
AssetImport
Successfully changed project path to: C:/Users/monem/OneDrive/Documents/Hellevator/Test
C:/Users/monem/OneDrive/Documents/Hellevator/Test
[UnityMemory] Configuration Parameters - Can be set up in boot.config
    "memorysetup-allocator-temp-initial-block-size-main=262144"
    "memorysetup-allocator-temp-initial-block-size-worker=262144"
    "memorysetup-bucket-allocator-granularity=16"
    "memorysetup-bucket-allocator-bucket-count=8"
    "memorysetup-bucket-allocator-block-size=33554432"
    "memorysetup-bucket-allocator-block-count=8"
    "memorysetup-main-allocator-block-size=16777216"
    "memorysetup-thread-allocator-block-size=16777216"
    "memorysetup-gfx-main-allocator-block-size=16777216"
    "memorysetup-gfx-thread-allocator-block-size=16777216"
    "memorysetup-cache-allocator-block-size=4194304"
    "memorysetup-typetree-allocator-block-size=2097152"
    "memorysetup-profiler-bucket-allocator-granularity=16"
    "memorysetup-profiler-bucket-allocator-bucket-count=8"
    "memorysetup-profiler-bucket-allocator-block-size=33554432"
    "memorysetup-profiler-bucket-allocator-block-count=8"
    "memorysetup-profiler-allocator-block-size=16777216"
    "memorysetup-profiler-editor-allocator-block-size=1048576"
    "memorysetup-temp-allocator-size-main=16777216"
    "memorysetup-job-temp-allocator-block-size=2097152"
    "memorysetup-job-temp-allocator-block-size-background=1048576"
    "memorysetup-job-temp-allocator-reduction-small-platforms=262144"
    "memorysetup-temp-allocator-size-background-worker=32768"
    "memorysetup-temp-allocator-size-job-worker=262144"
    "memorysetup-temp-allocator-size-preload-manager=33554432"
    "memorysetup-temp-allocator-size-nav-mesh-worker=65536"
    "memorysetup-temp-allocator-size-audio-worker=65536"
    "memorysetup-temp-allocator-size-cloud-worker=32768"
    "memorysetup-temp-allocator-size-gi-baking-worker=262144"
    "memorysetup-temp-allocator-size-gi-baking-worker=262144"
    "memorysetup-temp-allocator-size-gi-baking-worker=262144"
    "memorysetup-temp-allocator-size-gi-baking-worker=262144"
    "memorysetup-temp-allocator-size-gi-baking-worker=262144"
    "memorysetup-temp-allocator-size-gfx=262144"
Player connection [49388]  Target information:

Player connection [49388]  * "[IP] 10.0.0.181 [Port] 0 [Flags] 2 [Guid] 641653881 [EditorId] 641653881 [Version] 1048832 [Id] WindowsEditor(7,Mari) [Debug] 1 [PackageName] WindowsEditor [ProjectName] Editor" 

Player connection [49388] Host joined multi-casting on [225.0.0.222:54997]...
Player connection [49388] Host joined alternative multi-casting on [225.0.0.222:34997]...
JobSystem: Creating JobQueue using job-worker-count value 5
Input System module state changed to: Initialized.
[Physics::Module] Initialized fallback backend.
[Physics::Module] Id: 0xdecafbad
[Licensing::Client] Code 10 while verifying Licensing Client signature (process Id: 40516, path: "C:/Program Files/Unity Hub/UnityLicensingClient_V1/Unity.Licensing.Client.exe")
[Licensing::Module] LicensingClient has failed validation; ignoring
[Licensing::Client] Handshaking with LicensingClient:
  Version:                 1.17.3+a4e98f1
  Session Id:              5d6c1c6d7ad242ceabecbc459bbc71a1
  Correlation Id:          b903c5826049b10482d8ff6cb412063a
  External correlation Id: 2210203853074171448
  Machine Id:              OASaQYjp0d04xwOYOMSR1gb4iig=
[Licensing::Module] Successfully connected to LicensingClient on channel: "LicenseClient-monem" (connect: 0.00s, validation: 0.01s, handshake: 0.14s)
[Licensing::IpcConnector] Successfully connected to: "LicenseClient-monem-notifications" at "2026-03-18T02:26:33.2439648Z"
[Licensing::Module] Licensing Background thread has ended after 0.15s
Library Redirect Path: Library/
[Physics::Module] Selected backend.
[Physics::Module] Name: PhysX
[Physics::Module] Id: 0xf2b8ea05
[Physics::Module] SDK Version: 4.1.2
[Physics::Module] Integration Version: 1.0.0
[Physics::Module] Threading Mode: Multi-Threaded
Refreshing native plugins compatible for Editor in 380.41 ms, found 3 plugins.
Preloading 0 native plugins for Editor in 0.00 ms.
Initialize engine version: 6000.2.7f2 (2b518236b676)
[Subsystems] Discovering subsystems at path C:/Program Files/Unity/Hub/Editor/6000.2.7f2/Editor/Data/Resources/UnitySubsystems
[Subsystems] Discovering subsystems at path C:/Users/monem/OneDrive/Documents/Hellevator/Test/Assets
GfxDevice: creating device client; kGfxThreadingModeNonThreaded
Direct3D:
    Version:  Direct3D 11.0 [level 11.1]
    Renderer: Intel(R) Iris(R) Xe Graphics (ID=0x46a8)
    Vendor:   Intel
    VRAM:     8047 MB
    Driver:   31.0.101.4255
Initialize mono
Mono path[0] = 'C:/Program Files/Unity/Hub/Editor/6000.2.7f2/Editor/Data/Managed'
Mono path[1] = 'C:/Program Files/Unity/Hub/Editor/6000.2.7f2/Editor/Data/MonoBleedingEdge/lib/mono/unityjit-win32'
Mono config path = 'C:/Program Files/Unity/Hub/Editor/6000.2.7f2/Editor/Data/MonoBleedingEdge/etc'
Using monoOptions --debugger-agent=transport=dt_socket,embedding=1,server=y,suspend=n,address=127.0.0.1:56976
Begin MonoManager ReloadAssembly
Registering precompiled unity dll's ...
Register platform support module: C:/Program Files/Unity/Hub/Editor/6000.2.7f2/Editor/Data/PlaybackEngines/WindowsStandaloneSupport/UnityEditor.WindowsStandalone.Extensions.dll
Registered in 0.016369 seconds.
- Loaded All Assemblies, in  9.507 seconds
Native extension for WindowsStandalone target not found
Mono: successfully reloaded assembly
- Finished resetting the current domain, in  2.716 seconds
Domain Reload Profiling: 12203ms
	BeginReloadAssembly (2067ms)
		ExecutionOrderSort (0ms)
		DisableScriptedObjects (0ms)
		BackupInstance (0ms)
		ReleaseScriptingObjects (0ms)
		CreateAndSetChildDomain (5ms)
	RebuildCommonClasses (2401ms)
	RebuildNativeTypeToScriptingClass (71ms)
	initialDomainReloadingComplete (315ms)
	LoadAllAssembliesAndSetupDomain (4630ms)
		LoadAssemblies (2051ms)
		RebuildTransferFunctionScriptingTraits (0ms)
		AnalyzeDomain (4585ms)
			TypeCache.Refresh (4580ms)
				TypeCache.ScanAssembly (3299ms)
			BuildScriptInfoCaches (0ms)
			ResolveRequiredComponents (2ms)
	FinalizeReload (2717ms)
		ReleaseScriptCaches (0ms)
		RebuildScriptCaches (0ms)
		SetupLoadedEditorAssemblies (2475ms)
			LogAssemblyErrors (0ms)
			InitializePlatformSupportModulesInManaged (345ms)
			SetLoadedEditorAssemblies (14ms)
			BeforeProcessingInitializeOnLoad (391ms)
			ProcessInitializeOnLoadAttributes (1405ms)
			ProcessInitializeOnLoadMethodAttributes (320ms)
			AfterProcessingInitializeOnLoad (0ms)
			EditorAssembliesLoaded (0ms)
		ExecutionOrderSort2 (0ms)
		AwakeInstancesAfterBackupRestoration (0ms)
========================================================================
Worker process is ready to serve import requests
Import Worker Mode flag is 0x00
Begin MonoManager ReloadAssembly
[Licensing::Client] Successfully resolved entitlement details
[Licensing::Module] License group:
  Id: 2475360401423-UnityPersXXXX
  Product: Unity Personal
  Type: Assigned
  Expiration: Unlimited
- Loaded All Assemblies, in 17.551 seconds
Refreshing native plugins compatible for Editor in 2.57 ms, found 3 plugins.
Native extension for WindowsStandalone target not found
Package Manager log level set to [2]
[Package Manager] Failed to launch server process. Reason: Unity was launched with the -noUpm command-line argument
[Package Manager] Unable to send message (not connected to server process).
[Package Manager] Cannot connect to Unity Package Manager local server
Mono: successfully reloaded assembly
- Finished resetting the current domain, in  1.788 seconds
Domain Reload Profiling: 19272ms
	BeginReloadAssembly (1133ms)
		ExecutionOrderSort (0ms)
		DisableScriptedObjects (76ms)
		BackupInstance (0ms)
		ReleaseScriptingObjects (0ms)
		CreateAndSetChildDomain (119ms)
	RebuildCommonClasses (179ms)
	RebuildNativeTypeToScriptingClass (54ms)
	initialDomainReloadingComplete (237ms)
	LoadAllAssembliesAndSetupDomain (15880ms)
		LoadAssemblies (16138ms)
		RebuildTransferFunctionScriptingTraits (0ms)
		AnalyzeDomain (444ms)
			TypeCache.Refresh (390ms)
				TypeCache.ScanAssembly (374ms)
			BuildScriptInfoCaches (42ms)
			ResolveRequiredComponents (8ms)
	FinalizeReload (1788ms)
		ReleaseScriptCaches (0ms)
		RebuildScriptCaches (0ms)
		SetupLoadedEditorAssemblies (1599ms)
			LogAssemblyErrors (0ms)
			InitializePlatformSupportModulesInManaged (4ms)
			SetLoadedEditorAssemblies (6ms)
			BeforeProcessingInitializeOnLoad (297ms)
			ProcessInitializeOnLoadAttributes (1224ms)
			ProcessInitializeOnLoadMethodAttributes (57ms)
			AfterProcessingInitializeOnLoad (11ms)
			EditorAssembliesLoaded (0ms)
		ExecutionOrderSort2 (0ms)
		AwakeInstancesAfterBackupRestoration (10ms)
Launched and connected shader compiler UnityShaderCompiler.exe after 0.11 seconds
Refreshing native plugins compatible for Editor in 1.69 ms, found 3 plugins.
Preloading 0 native plugins for Editor in 0.00 ms.
Unloading 12 Unused Serialized files (Serialized files now loaded: 0)
Unloading 4082 unused Assets / (2.9 MB). Loaded Objects now: 4630.
Memory consumption went from 95.0 MB to 92.1 MB.
Total: 16.871900 ms (FindLiveObjects: 0.505300 ms CreateObjectMapping: 0.642800 ms MarkObjects: 6.791800 ms  DeleteObjects: 8.929400 ms)

========================================================================
Received Prepare
Begin MonoManager ReloadAssembly
- Loaded All Assemblies, in  1.449 seconds
Refreshing native plugins compatible for Editor in 2.23 ms, found 3 plugins.
Native extension for WindowsStandalone target not found
[Package Manager] Failed to launch server process. Reason: Unity was launched with the -noUpm command-line argument
[Package Manager] Unable to send message (not connected to server process).
[Package Manager] Cannot connect to Unity Package Manager local server
Mono: successfully reloaded assembly
- Finished resetting the current domain, in  2.290 seconds
Domain Reload Profiling: 3728ms
	BeginReloadAssembly (421ms)
		ExecutionOrderSort (0ms)
		DisableScriptedObjects (8ms)
		BackupInstance (0ms)
		ReleaseScriptingObjects (0ms)
		CreateAndSetChildDomain (73ms)
	RebuildCommonClasses (79ms)
	RebuildNativeTypeToScriptingClass (29ms)
	initialDomainReloadingComplete (61ms)
	LoadAllAssembliesAndSetupDomain (847ms)
		LoadAssemblies (758ms)
		RebuildTransferFunctionScriptingTraits (0ms)
		AnalyzeDomain (325ms)
			TypeCache.Refresh (20ms)
				TypeCache.ScanAssembly (0ms)
			BuildScriptInfoCaches (286ms)
			ResolveRequiredComponents (13ms)
	FinalizeReload (2291ms)
		ReleaseScriptCaches (0ms)
		RebuildScriptCaches (0ms)
		SetupLoadedEditorAssemblies (1955ms)
			LogAssemblyErrors (0ms)
			InitializePlatformSupportModulesInManaged (5ms)
			SetLoadedEditorAssemblies (10ms)
			BeforeProcessingInitializeOnLoad (353ms)
			ProcessInitializeOnLoadAttributes (1510ms)
			ProcessInitializeOnLoadMethodAttributes (50ms)
			AfterProcessingInitializeOnLoad (27ms)
			EditorAssembliesLoaded (0ms)
		ExecutionOrderSort2 (0ms)
		AwakeInstancesAfterBackupRestoration (19ms)
Refreshing native plugins compatible for Editor in 2.75 ms, found 3 plugins.
Preloading 0 native plugins for Editor in 0.00 ms.
Unloading 12 Unused Serialized files (Serialized files now loaded: 0)
Unloading 4080 unused Assets / (2.8 MB). Loaded Objects now: 4632.
Memory consumption went from 95.0 MB to 92.3 MB.
Total: 12.889400 ms (FindLiveObjects: 1.120300 ms CreateObjectMapping: 0.629500 ms MarkObjects: 9.069300 ms  DeleteObjects: 2.068200 ms)

Prepare: number of updated asset objects reloaded= 0
========================================================================
Received Import Request.
  Time since last request: 434563.446799 seconds.
  path: Assets/script/QTESystem.cs
  artifactKey: Guid(b8f4b23faab25c544a34eba364c502fe) Importer(815301076,1909f56bfc062723c751e8b465ee728b)
Start importing Assets/script/QTESystem.cs using Guid(b8f4b23faab25c544a34eba364c502fe) Importer(815301076,1909f56bfc062723c751e8b465ee728b) (PreviewImporter) -> (artifact id: '4b690e0a8bf5037b1bfc207d069b49c1') in 0.0124575 seconds
Number of updated asset objects reloaded before import = 0Number of asset objects unloaded after import = 0

========================================================================
Received Import Request.
  Time since last request: 381.105194 seconds.
  path: Assets/E.png
  artifactKey: Guid(5ca8fe331c1c91b4f928ccba6c2a5010) Importer(815301076,1909f56bfc062723c751e8b465ee728b)
Start importing Assets/E.png using Guid(5ca8fe331c1c91b4f928ccba6c2a5010) Importer(815301076,1909f56bfc062723c751e8b465ee728b) (PreviewImporter) -> (artifact id: 'e5c95df78d050b912d35e4f8a9519705') in 0.1281787 seconds
Number of updated asset objects reloaded before import = 0Number of asset objects unloaded after import = 2

========================================================================
Received Import Request.
  Time since last request: 0.004652 seconds.
  path: Assets/KriegFont-xqwj SDF.asset
  artifactKey: Guid(2289ca37580063b418f2e331eb29122f) Importer(815301076,1909f56bfc062723c751e8b465ee728b)
Start importing Assets/KriegFont-xqwj SDF.asset using Guid(2289ca37580063b418f2e331eb29122f) Importer(815301076,1909f56bfc062723c751e8b465ee728b) (PreviewImporter) -> (artifact id: '36cea750177d04e6efb2e2c67c9ac352') in 0.2803287 seconds
Number of updated asset objects reloaded before import = 0Number of asset objects unloaded after import = 6

========================================================================
Received Import Request.
  Time since last request: 0.000041 seconds.
  path: Assets/New Material 2.mat
  artifactKey: Guid(39bd195521dbb584db48f99abaadf344) Importer(815301076,1909f56bfc062723c751e8b465ee728b)
Start importing Assets/New Material 2.mat using Guid(39bd195521dbb584db48f99abaadf344) Importer(815301076,1909f56bfc062723c751e8b465ee728b) (PreviewImporter) -> (artifact id: 'a88c7b8cb9bb10d565968200640abb9c') in 0.0493394 seconds
Number of updated asset objects reloaded before import = 0Number of asset objects unloaded after import = 1

========================================================================
Received Import Request.
  Time since last request: 0.000064 seconds.
  path: Assets/New Flare.flare
  artifactKey: Guid(24015c7c75d814c4c860b8bf319617fa) Importer(815301076,1909f56bfc062723c751e8b465ee728b)
Start importing Assets/New Flare.flare using Guid(24015c7c75d814c4c860b8bf319617fa) Importer(815301076,1909f56bfc062723c751e8b465ee728b) (PreviewImporter) -> (artifact id: '7dd872adac18a9653b9cd263b99e0ba4') in 0.0029124 seconds
Number of updated asset objects reloaded before import = 0Number of asset objects unloaded after import = 1

========================================================================
Received Import Request.
  Time since last request: 0.000116 seconds.
  path: Assets/music.mat
  artifactKey: Guid(65667bcc0dc6c444e9f68d230a14ada2) Importer(815301076,1909f56bfc062723c751e8b465ee728b)
Start importing Assets/music.mat using Guid(65667bcc0dc6c444e9f68d230a14ada2) Importer(815301076,1909f56bfc062723c751e8b465ee728b) (PreviewImporter) -> (artifact id: '2a8ba0e81f2d4418fd330807d114d77c') in 0.0502458 seconds
Number of updated asset objects reloaded before import = 0Number of asset objects unloaded after import = 2

========================================================================
Received Import Request.
  Time since last request: 0.000055 seconds.
  path: Assets/New Material 1.mat
  artifactKey: Guid(c34648ca5c1a86c4dbd06aea2bbfe7e2) Importer(815301076,1909f56bfc062723c751e8b465ee728b)
Start importing Assets/New Material 1.mat using Guid(c34648ca5c1a86c4dbd06aea2bbfe7e2) Importer(815301076,1909f56bfc062723c751e8b465ee728b) (PreviewImporter) -> (artifact id: 'cb8a17e736f0aa6ddec31bcaed600d90') in 0.0880089 seconds
Number of updated asset objects reloaded before import = 0Number of asset objects unloaded after import = 2

========================================================================
Received Import Request.
  Time since last request: 0.000041 seconds.
  path: Assets/Pill_Bottle.obj
  artifactKey: Guid(cef55c83b85891f4bbfb3f3b95fb6d6e) Importer(815301076,1909f56bfc062723c751e8b465ee728b)
Start importing Assets/Pill_Bottle.obj using Guid(cef55c83b85891f4bbfb3f3b95fb6d6e) Importer(815301076,1909f56bfc062723c751e8b465ee728b) (PreviewImporter) -> (artifact id: '1ed1662ea310b6d8f575f5b5490d26cf') in 0.1725669 seconds
Number of updated asset objects reloaded before import = 0Number of asset objects unloaded after import = 10

========================================================================
Received Import Request.
  Time since last request: 0.000044 seconds.
  path: Assets/PainKiller_Bottle.fbx
  artifactKey: Guid(23976797943db9c4db56324f8b524cf1) Importer(815301076,1909f56bfc062723c751e8b465ee728b)
Start importing Assets/PainKiller_Bottle.fbx using Guid(23976797943db9c4db56324f8b524cf1) Importer(815301076,1909f56bfc062723c751e8b465ee728b) (PreviewImporter) -> (artifact id: 'd3da757c44e709578d7f68578a05b94d') in 0.0621697 seconds
Number of updated asset objects reloaded before import = 0Number of asset objects unloaded after import = 8

========================================================================
Received Import Request.
  Time since last request: 0.000061 seconds.
  path: Assets/pause.wav
  artifactKey: Guid(7bc2325ceed54944ebafb8b194b3139a) Importer(815301076,1909f56bfc062723c751e8b465ee728b)
Start importing Assets/pause.wav using Guid(7bc2325ceed54944ebafb8b194b3139a) Importer(815301076,1909f56bfc062723c751e8b465ee728b) (PreviewImporter) -> (artifact id: 'ce8567d284eec91f0e611f11f85b27fa') in 0.1045025 seconds
Number of updated asset objects reloaded before import = 0Number of asset objects unloaded after import = 2

========================================================================
Received Import Request.
  Time since last request: 0.573710 seconds.
  path: Assets/Shooting.fbx
  artifactKey: Guid(0db83ecb62ebcf443a7eb3a44de5e3db) Importer(815301076,1909f56bfc062723c751e8b465ee728b)
Start importing Assets/Shooting.fbx using Guid(0db83ecb62ebcf443a7eb3a44de5e3db) Importer(815301076,1909f56bfc062723c751e8b465ee728b) (PreviewImporter) -> (artifact id: 'b5f53270c1b18ee81c581e7eae4e3552') in 0.0784363 seconds
Number of updated asset objects reloaded before import = 0Number of asset objects unloaded after import = 142

========================================================================
Received Import Request.
  Time since last request: 0.033649 seconds.
  path: Assets/Throwing.fbx
  artifactKey: Guid(2674e01f60c235f49afe57c85ff9a21d) Importer(815301076,1909f56bfc062723c751e8b465ee728b)
Start importing Assets/Throwing.fbx using Guid(2674e01f60c235f49afe57c85ff9a21d) Importer(815301076,1909f56bfc062723c751e8b465ee728b) (PreviewImporter) -> (artifact id: 'd543ef586230bc31ede2862428e595b1') in 0.064412 seconds
Number of updated asset objects reloaded before import = 0Number of asset objects unloaded after import = 142

========================================================================
Received Import Request.
  Time since last request: 0.000037 seconds.
  path: Assets/unpause.wav
  artifactKey: Guid(391007099e172af4e8639daff33c8348) Importer(815301076,1909f56bfc062723c751e8b465ee728b)
Start importing Assets/unpause.wav using Guid(391007099e172af4e8639daff33c8348) Importer(815301076,1909f56bfc062723c751e8b465ee728b) (PreviewImporter) -> (artifact id: 'db3d4cc46a77bc987af7e4c79ca895ea') in 0.0421245 seconds
Number of updated asset objects reloaded before import = 0Number of asset objects unloaded after import = 2

========================================================================
Received Import Request.
  Time since last request: 0.000057 seconds.
  path: Assets/Yawn.fbx
  artifactKey: Guid(fbc91a436f72ba441b88d42c9d9b8406) Importer(815301076,1909f56bfc062723c751e8b465ee728b)
Start importing Assets/Yawn.fbx using Guid(fbc91a436f72ba441b88d42c9d9b8406) Importer(815301076,1909f56bfc062723c751e8b465ee728b) (PreviewImporter) -> (artifact id: '6223f55790744ec8ded1d3083c5c5508') in 0.0121754 seconds
Number of updated asset objects reloaded before import = 0Number of asset objects unloaded after import = 137

========================================================================
Received Import Request.
  Time since last request: 0.000029 seconds.
  path: Assets/VideoRt.renderTexture
  artifactKey: Guid(22e65ec70b135634c847e327837e3ce6) Importer(815301076,1909f56bfc062723c751e8b465ee728b)
Start importing Assets/VideoRt.renderTexture using Guid(22e65ec70b135634c847e327837e3ce6) Importer(815301076,1909f56bfc062723c751e8b465ee728b) (PreviewImporter) -> (artifact id: 'ebf63cfffc5c16903db9c763580731be') in 0.0422631 seconds
Number of updated asset objects reloaded before import = 0Number of asset objects unloaded after import = 2

========================================================================
Received Import Request.
  Time since last request: 0.000037 seconds.
  path: Assets/white noise.mp3
  artifactKey: Guid(cdf4784561b659f4fa514aadc208efac) Importer(815301076,1909f56bfc062723c751e8b465ee728b)
Start importing Assets/white noise.mp3 using Guid(cdf4784561b659f4fa514aadc208efac) Importer(815301076,1909f56bfc062723c751e8b465ee728b) (PreviewImporter) -> (artifact id: '543af0ba89123a89ba9adb76a60c9a05') in 0.0309969 seconds
Number of updated asset objects reloaded before import = 0Number of asset objects unloaded after import = 2

========================================================================
Received Import Request.
  Time since last request: 68.220601 seconds.
  path: Assets/E.png
  artifactKey: Guid(5ca8fe331c1c91b4f928ccba6c2a5010) Importer(815301076,1909f56bfc062723c751e8b465ee728b)
Start importing Assets/E.png using Guid(5ca8fe331c1c91b4f928ccba6c2a5010) Importer(815301076,1909f56bfc062723c751e8b465ee728b) (PreviewImporter) -> (artifact id: '47e4800667f1a543852c4748c5ae9632') in 0.0415392 seconds
Number of updated asset objects reloaded before import = 0Number of asset objects unloaded after import = 3

========================================================================
Received Import Request.
  Time since last request: 10.502671 seconds.
  path: Assets/E 1.png
  artifactKey: Guid(5bea1cb6826a0b8418c0152330d63cb9) Importer(815301076,1909f56bfc062723c751e8b465ee728b)
Start importing Assets/E 1.png using Guid(5bea1cb6826a0b8418c0152330d63cb9) Importer(815301076,1909f56bfc062723c751e8b465ee728b) (PreviewImporter) -> (artifact id: 'bc131314fbd3c2dcddd838e500439f03') in 0.0271963 seconds
Number of updated asset objects reloaded before import = 0Number of asset objects unloaded after import = 2

========================================================================
Received Import Request.
  Time since last request: 11.462995 seconds.
  path: Assets/E 1.png
  artifactKey: Guid(5bea1cb6826a0b8418c0152330d63cb9) Importer(815301076,1909f56bfc062723c751e8b465ee728b)
Start importing Assets/E 1.png using Guid(5bea1cb6826a0b8418c0152330d63cb9) Importer(815301076,1909f56bfc062723c751e8b465ee728b) (PreviewImporter) -> (artifact id: 'fe5fd8aad7f1d98c8be62657d0880bba') in 0.0291277 seconds
Number of updated asset objects reloaded before import = 0Number of asset objects unloaded after import = 3

========================================================================
Received Import Request.
  Time since last request: 184.466624 seconds.
  path: Assets/E.png
  artifactKey: Guid(5ca8fe331c1c91b4f928ccba6c2a5010) Importer(815301076,1909f56bfc062723c751e8b465ee728b)
Start importing Assets/E.png using Guid(5ca8fe331c1c91b4f928ccba6c2a5010) Importer(815301076,1909f56bfc062723c751e8b465ee728b) (PreviewImporter) -> (artifact id: '0cdd21fb22675518f8fce36a6c3249b8') in 0.0307905 seconds
Number of updated asset objects reloaded before import = 0Number of asset objects unloaded after import = 2

========================================================================
Received Import Request.
  Time since last request: 9.879100 seconds.
  path: Assets/E.png
  artifactKey: Guid(5ca8fe331c1c91b4f928ccba6c2a5010) Importer(815301076,1909f56bfc062723c751e8b465ee728b)
Start importing Assets/E.png using Guid(5ca8fe331c1c91b4f928ccba6c2a5010) Importer(815301076,1909f56bfc062723c751e8b465ee728b) (PreviewImporter) -> (artifact id: '6b18bf78a029102bf03869adc818e033') in 0.0284184 seconds
Number of updated asset objects reloaded before import = 0Number of asset objects unloaded after import = 3

========================================================================
Received Import Request.
  Time since last request: 199.518131 seconds.
  path: Assets/TextMesh Pro/Resources/Fonts & Materials/LiberationSans SDF - Fallback.asset
  artifactKey: Guid(2e498d1c8094910479dc3e1b768306a4) Importer(815301076,1909f56bfc062723c751e8b465ee728b)
Start importing Assets/TextMesh Pro/Resources/Fonts & Materials/LiberationSans SDF - Fallback.asset using Guid(2e498d1c8094910479dc3e1b768306a4) Importer(815301076,1909f56bfc062723c751e8b465ee728b) (PreviewImporter) -> (artifact id: '77b559f1640cff800e69c7ce9e631f94') in 0.0320747 seconds
Number of updated asset objects reloaded before import = 0Number of asset objects unloaded after import = 6

========================================================================
Received Prepare
Begin MonoManager ReloadAssembly
[Licensing::Client] Successfully resolved entitlement details
- Loaded All Assemblies, in  1.827 seconds
Refreshing native plugins compatible for Editor in 3.65 ms, found 3 plugins.
Native extension for WindowsStandalone target not found
[Package Manager] Failed to launch server process. Reason: Unity was launched with the -noUpm command-line argument
[Package Manager] Unable to send message (not connected to server process).
[Package Manager] Cannot connect to Unity Package Manager local server
Mono: successfully reloaded assembly
- Finished resetting the current domain, in  1.786 seconds
Domain Reload Profiling: 3616ms
	BeginReloadAssembly (621ms)
		ExecutionOrderSort (0ms)
		DisableScriptedObjects (26ms)
		BackupInstance (0ms)
		ReleaseScriptingObjects (1ms)
		CreateAndSetChildDomain (201ms)
	RebuildCommonClasses (70ms)
	RebuildNativeTypeToScriptingClass (24ms)
	initialDomainReloadingComplete (79ms)
	LoadAllAssembliesAndSetupDomain (1037ms)
		LoadAssemblies (973ms)
		RebuildTransferFunctionScriptingTraits (0ms)
		AnalyzeDomain (336ms)
			TypeCache.Refresh (15ms)
				TypeCache.ScanAssembly (0ms)
			BuildScriptInfoCaches (301ms)
			ResolveRequiredComponents (9ms)
	FinalizeReload (1787ms)
		ReleaseScriptCaches (0ms)
		RebuildScriptCaches (0ms)
		SetupLoadedEditorAssemblies (1570ms)
			LogAssemblyErrors (0ms)
			InitializePlatformSupportModulesInManaged (4ms)
			SetLoadedEditorAssemblies (8ms)
			BeforeProcessingInitializeOnLoad (281ms)
			ProcessInitializeOnLoadAttributes (1210ms)
			ProcessInitializeOnLoadMethodAttributes (52ms)
			AfterProcessingInitializeOnLoad (14ms)
			EditorAssembliesLoaded (0ms)
		ExecutionOrderSort2 (0ms)
		AwakeInstancesAfterBackupRestoration (10ms)
Refreshing native plugins compatible for Editor in 4.81 ms, found 3 plugins.
Preloading 0 native plugins for Editor in 0.00 ms.
Unloading 12 Unused Serialized files (Serialized files now loaded: 0)
Unloading 4080 unused Assets / (2.8 MB). Loaded Objects now: 4692.
Memory consumption went from 107.3 MB to 104.5 MB.
Total: 17.937700 ms (FindLiveObjects: 0.969700 ms CreateObjectMapping: 0.395900 ms MarkObjects: 13.341200 ms  DeleteObjects: 3.228600 ms)

Prepare: number of updated asset objects reloaded= 0
========================================================================
Received Prepare
Begin MonoManager ReloadAssembly
[Licensing::Client] Successfully resolved entitlement details
- Loaded All Assemblies, in  1.064 seconds
Refreshing native plugins compatible for Editor in 1.30 ms, found 3 plugins.
Native extension for WindowsStandalone target not found
[Package Manager] Failed to launch server process. Reason: Unity was launched with the -noUpm command-line argument
[Package Manager] Unable to send message (not connected to server process).
[Package Manager] Cannot connect to Unity Package Manager local server
Mono: successfully reloaded assembly
- Finished resetting the current domain, in  1.502 seconds
Domain Reload Profiling: 2558ms
	BeginReloadAssembly (306ms)
		ExecutionOrderSort (0ms)
		DisableScriptedObjects (11ms)
		BackupInstance (0ms)
		ReleaseScriptingObjects (0ms)
		CreateAndSetChildDomain (58ms)
	RebuildCommonClasses (55ms)
	RebuildNativeTypeToScriptingClass (27ms)
	initialDomainReloadingComplete (55ms)
	LoadAllAssembliesAndSetupDomain (611ms)
		LoadAssemblies (504ms)
		RebuildTransferFunctionScriptingTraits (0ms)
		AnalyzeDomain (265ms)
			TypeCache.Refresh (8ms)
				TypeCache.ScanAssembly (0ms)
			BuildScriptInfoCaches (237ms)
			ResolveRequiredComponents (12ms)
	FinalizeReload (1503ms)
		ReleaseScriptCaches (0ms)
		RebuildScriptCaches (0ms)
		SetupLoadedEditorAssemblies (1282ms)
			LogAssemblyErrors (0ms)
			InitializePlatformSupportModulesInManaged (2ms)
			SetLoadedEditorAssemblies (6ms)
			BeforeProcessingInitializeOnLoad (235ms)
			ProcessInitializeOnLoadAttributes (972ms)
			ProcessInitializeOnLoadMethodAttributes (47ms)
			AfterProcessingInitializeOnLoad (19ms)
			EditorAssembliesLoaded (0ms)
		ExecutionOrderSort2 (0ms)
		AwakeInstancesAfterBackupRestoration (17ms)
Refreshing native plugins compatible for Editor in 1.67 ms, found 3 plugins.
Preloading 0 native plugins for Editor in 0.00 ms.
Unloading 12 Unused Serialized files (Serialized files now loaded: 0)
Unloading 4080 unused Assets / (3.0 MB). Loaded Objects now: 4693.
Memory consumption went from 107.3 MB to 104.3 MB.
Total: 12.549900 ms (FindLiveObjects: 0.899200 ms CreateObjectMapping: 0.833900 ms MarkObjects: 7.621400 ms  DeleteObjects: 3.192800 ms)

Prepare: number of updated asset objects reloaded= 0
========================================================================
Received Prepare
Refreshing native plugins compatible for Editor in 2.16 ms, found 3 plugins.
Preloading 0 native plugins for Editor in 0.00 ms.
Unloading 12 Unused Serialized files (Serialized files now loaded: 0)
Unloading 4073 unused Assets / (3.7 MB). Loaded Objects now: 4693.
Memory consumption went from 107.5 MB to 103.8 MB.
Total: 26.876000 ms (FindLiveObjects: 0.542300 ms CreateObjectMapping: 0.347900 ms MarkObjects: 16.592300 ms  DeleteObjects: 9.391300 ms)

Prepare: number of updated asset objects reloaded= 0
========================================================================
Received Prepare
Refreshing native plugins compatible for Editor in 2.37 ms, found 3 plugins.
Preloading 0 native plugins for Editor in 0.00 ms.
Unloading 12 Unused Serialized files (Serialized files now loaded: 0)
Unloading 4073 unused Assets / (3.4 MB). Loaded Objects now: 4693.
Memory consumption went from 107.5 MB to 104.2 MB.
Total: 13.255800 ms (FindLiveObjects: 0.551300 ms CreateObjectMapping: 0.330900 ms MarkObjects: 9.416400 ms  DeleteObjects: 2.954900 ms)

Prepare: number of updated asset objects reloaded= 0
========================================================================
Received Prepare
Refreshing native plugins compatible for Editor in 4.33 ms, found 3 plugins.
Preloading 0 native plugins for Editor in 0.00 ms.
Unloading 12 Unused Serialized files (Serialized files now loaded: 0)
Unloading 4073 unused Assets / (3.0 MB). Loaded Objects now: 4693.
Memory consumption went from 107.5 MB to 104.5 MB.
Total: 12.154700 ms (FindLiveObjects: 0.732300 ms CreateObjectMapping: 0.497100 ms MarkObjects: 8.758200 ms  DeleteObjects: 2.165100 ms)

Prepare: number of updated asset objects reloaded= 0
========================================================================
Received Prepare
Refreshing native plugins compatible for Editor in 1.72 ms, found 3 plugins.
Preloading 0 native plugins for Editor in 0.00 ms.
Unloading 12 Unused Serialized files (Serialized files now loaded: 0)
Unloading 4073 unused Assets / (2.6 MB). Loaded Objects now: 4693.
Memory consumption went from 107.5 MB to 104.9 MB.
Total: 10.694700 ms (FindLiveObjects: 0.886200 ms CreateObjectMapping: 0.463600 ms MarkObjects: 7.747700 ms  DeleteObjects: 1.595500 ms)

Prepare: number of updated asset objects reloaded= 0
========================================================================
Received Prepare
Begin MonoManager ReloadAssembly
[Licensing::Client] Successfully resolved entitlement details
- Loaded All Assemblies, in  1.182 seconds
Refreshing native plugins compatible for Editor in 1.29 ms, found 3 plugins.
Native extension for WindowsStandalone target not found
[Package Manager] Failed to launch server process. Reason: Unity was launched with the -noUpm command-line argument
[Package Manager] Unable to send message (not connected to server process).
[Package Manager] Cannot connect to Unity Package Manager local server
Mono: successfully reloaded assembly
- Finished resetting the current domain, in  1.142 seconds
Domain Reload Profiling: 2319ms
	BeginReloadAssembly (355ms)
		ExecutionOrderSort (0ms)
		DisableScriptedObjects (9ms)
		BackupInstance (0ms)
		ReleaseScriptingObjects (0ms)
		CreateAndSetChildDomain (71ms)
	RebuildCommonClasses (68ms)
	RebuildNativeTypeToScriptingClass (18ms)
	initialDomainReloadingComplete (53ms)
	LoadAllAssembliesAndSetupDomain (682ms)
		LoadAssemblies (569ms)
		RebuildTransferFunctionScriptingTraits (0ms)
		AnalyzeDomain (300ms)
			TypeCache.Refresh (17ms)
				TypeCache.ScanAssembly (1ms)
			BuildScriptInfoCaches (261ms)
			ResolveRequiredComponents (13ms)
	FinalizeReload (1143ms)
		ReleaseScriptCaches (0ms)
		RebuildScriptCaches (0ms)
		SetupLoadedEditorAssemblies (942ms)
			LogAssemblyErrors (0ms)
			InitializePlatformSupportModulesInManaged (3ms)
			SetLoadedEditorAssemblies (5ms)
			BeforeProcessingInitializeOnLoad (204ms)
			ProcessInitializeOnLoadAttributes (685ms)
			ProcessInitializeOnLoadMethodAttributes (36ms)
			AfterProcessingInitializeOnLoad (9ms)
			EditorAssembliesLoaded (0ms)
		ExecutionOrderSort2 (0ms)
		AwakeInstancesAfterBackupRestoration (9ms)
Refreshing native plugins compatible for Editor in 1.15 ms, found 3 plugins.
Preloading 0 native plugins for Editor in 0.00 ms.
Unloading 12 Unused Serialized files (Serialized files now loaded: 0)
Unloading 4080 unused Assets / (2.9 MB). Loaded Objects now: 4694.
Memory consumption went from 107.3 MB to 104.4 MB.
Total: 7.586500 ms (FindLiveObjects: 0.428400 ms CreateObjectMapping: 0.337100 ms MarkObjects: 5.335800 ms  DeleteObjects: 1.483600 ms)

Prepare: number of updated asset objects reloaded= 0
========================================================================
Received Prepare
Begin MonoManager ReloadAssembly
- Loaded All Assemblies, in  1.114 seconds
Refreshing native plugins compatible for Editor in 1.32 ms, found 3 plugins.
Native extension for WindowsStandalone target not found
[Package Manager] Failed to launch server process. Reason: Unity was launched with the -noUpm command-line argument
[Package Manager] Unable to send message (not connected to server process).
[Package Manager] Cannot connect to Unity Package Manager local server
Mono: successfully reloaded assembly
- Finished resetting the current domain, in  1.524 seconds
Domain Reload Profiling: 2637ms
	BeginReloadAssembly (316ms)
		ExecutionOrderSort (0ms)
		DisableScriptedObjects (6ms)
		BackupInstance (0ms)
		ReleaseScriptingObjects (0ms)
		CreateAndSetChildDomain (53ms)
	RebuildCommonClasses (68ms)
	RebuildNativeTypeToScriptingClass (26ms)
	initialDomainReloadingComplete (52ms)
	LoadAllAssembliesAndSetupDomain (650ms)
		LoadAssemblies (549ms)
		RebuildTransferFunctionScriptingTraits (0ms)
		AnalyzeDomain (280ms)
			TypeCache.Refresh (10ms)
				TypeCache.ScanAssembly (0ms)
			BuildScriptInfoCaches (258ms)
			ResolveRequiredComponents (7ms)
	FinalizeReload (1525ms)
		ReleaseScriptCaches (0ms)
		RebuildScriptCaches (0ms)
		SetupLoadedEditorAssemblies (1299ms)
			LogAssemblyErrors (0ms)
			InitializePlatformSupportModulesInManaged (2ms)
			SetLoadedEditorAssemblies (4ms)
			BeforeProcessingInitializeOnLoad (190ms)
			ProcessInitializeOnLoadAttributes (1021ms)
			ProcessInitializeOnLoadMethodAttributes (66ms)
			AfterProcessingInitializeOnLoad (15ms)
			EditorAssembliesLoaded (0ms)
		ExecutionOrderSort2 (0ms)
		AwakeInstancesAfterBackupRestoration (21ms)
Refreshing native plugins compatible for Editor in 2.52 ms, found 3 plugins.
Preloading 0 native plugins for Editor in 0.00 ms.
Unloading 12 Unused Serialized files (Serialized files now loaded: 0)
Unloading 4080 unused Assets / (2.7 MB). Loaded Objects now: 4695.
Memory consumption went from 107.3 MB to 104.7 MB.
Total: 15.834300 ms (FindLiveObjects: 0.871400 ms CreateObjectMapping: 1.410700 ms MarkObjects: 11.155700 ms  DeleteObjects: 2.394400 ms)

Prepare: number of updated asset objects reloaded= 0
========================================================================
Received Prepare
Refreshing native plugins compatible for Editor in 1.75 ms, found 3 plugins.
Preloading 0 native plugins for Editor in 0.00 ms.
Unloading 12 Unused Serialized files (Serialized files now loaded: 0)
Unloading 4073 unused Assets / (2.5 MB). Loaded Objects now: 4695.
Memory consumption went from 107.5 MB to 105.0 MB.
Total: 9.675000 ms (FindLiveObjects: 0.568500 ms CreateObjectMapping: 0.280700 ms MarkObjects: 7.333000 ms  DeleteObjects: 1.490900 ms)

Prepare: number of updated asset objects reloaded= 0
========================================================================
Received Prepare
Begin MonoManager ReloadAssembly
[Licensing::Client] Successfully resolved entitlement details
- Loaded All Assemblies, in  1.165 seconds
Refreshing native plugins compatible for Editor in 1.54 ms, found 3 plugins.
Native extension for WindowsStandalone target not found
[Package Manager] Failed to launch server process. Reason: Unity was launched with the -noUpm command-line argument
[Package Manager] Unable to send message (not connected to server process).
[Package Manager] Cannot connect to Unity Package Manager local server
Mono: successfully reloaded assembly
- Finished resetting the current domain, in  1.076 seconds
Domain Reload Profiling: 2241ms
	BeginReloadAssembly (361ms)
		ExecutionOrderSort (0ms)
		DisableScriptedObjects (14ms)
		BackupInstance (0ms)
		ReleaseScriptingObjects (0ms)
		CreateAndSetChildDomain (64ms)
	RebuildCommonClasses (64ms)
	RebuildNativeTypeToScriptingClass (24ms)
	initialDomainReloadingComplete (55ms)
	LoadAllAssembliesAndSetupDomain (660ms)
		LoadAssemblies (577ms)
		RebuildTransferFunctionScriptingTraits (0ms)
		AnalyzeDomain (275ms)
			TypeCache.Refresh (12ms)
				TypeCache.ScanAssembly (2ms)
			BuildScriptInfoCaches (245ms)
			ResolveRequiredComponents (9ms)
	FinalizeReload (1077ms)
		ReleaseScriptCaches (0ms)
		RebuildScriptCaches (0ms)
		SetupLoadedEditorAssemblies (904ms)
			LogAssemblyErrors (0ms)
			InitializePlatformSupportModulesInManaged (2ms)
			SetLoadedEditorAssemblies (5ms)
			BeforeProcessingInitializeOnLoad (179ms)
			ProcessInitializeOnLoadAttributes (677ms)
			ProcessInitializeOnLoadMethodAttributes (34ms)
			AfterProcessingInitializeOnLoad (7ms)
			EditorAssembliesLoaded (0ms)
		ExecutionOrderSort2 (0ms)
		AwakeInstancesAfterBackupRestoration (8ms)
Refreshing native plugins compatible for Editor in 1.26 ms, found 3 plugins.
Preloading 0 native plugins for Editor in 0.00 ms.
Unloading 12 Unused Serialized files (Serialized files now loaded: 0)
Unloading 4080 unused Assets / (3.0 MB). Loaded Objects now: 4696.
Memory consumption went from 107.4 MB to 104.4 MB.
Total: 6.844700 ms (FindLiveObjects: 0.446500 ms CreateObjectMapping: 0.274400 ms MarkObjects: 4.709100 ms  DeleteObjects: 1.413200 ms)

Prepare: number of updated asset objects reloaded= 0
========================================================================
Received Prepare
Begin MonoManager ReloadAssembly
[Licensing::Client] Successfully resolved entitlement details
- Loaded All Assemblies, in  1.173 seconds
Refreshing native plugins compatible for Editor in 1.32 ms, found 3 plugins.
Native extension for WindowsStandalone target not found
[Package Manager] Failed to launch server process. Reason: Unity was launched with the -noUpm command-line argument
[Package Manager] Unable to send message (not connected to server process).
[Package Manager] Cannot connect to Unity Package Manager local server
Mono: successfully reloaded assembly
- Finished resetting the current domain, in  1.593 seconds
Domain Reload Profiling: 2758ms
	BeginReloadAssembly (370ms)
		ExecutionOrderSort (0ms)
		DisableScriptedObjects (9ms)
		BackupInstance (0ms)
		ReleaseScriptingObjects (0ms)
		CreateAndSetChildDomain (64ms)
	RebuildCommonClasses (61ms)
	RebuildNativeTypeToScriptingClass (22ms)
	initialDomainReloadingComplete (53ms)
	LoadAllAssembliesAndSetupDomain (658ms)
		LoadAssemblies (622ms)
		RebuildTransferFunctionScriptingTraits (0ms)
		AnalyzeDomain (247ms)
			TypeCache.Refresh (9ms)
				TypeCache.ScanAssembly (0ms)
			BuildScriptInfoCaches (226ms)
			ResolveRequiredComponents (7ms)
	FinalizeReload (1595ms)
		ReleaseScriptCaches (0ms)
		RebuildScriptCaches (0ms)
		SetupLoadedEditorAssemblies (1374ms)
			LogAssemblyErrors (0ms)
			InitializePlatformSupportModulesInManaged (3ms)
			SetLoadedEditorAssemblies (8ms)
			BeforeProcessingInitializeOnLoad (193ms)
			ProcessInitializeOnLoadAttributes (1092ms)
			ProcessInitializeOnLoadMethodAttributes (65ms)
			AfterProcessingInitializeOnLoad (12ms)
			EditorAssembliesLoaded (0ms)
		ExecutionOrderSort2 (0ms)
		AwakeInstancesAfterBackupRestoration (12ms)
Refreshing native plugins compatible for Editor in 2.95 ms, found 3 plugins.
Preloading 0 native plugins for Editor in 0.00 ms.
Unloading 12 Unused Serialized files (Serialized files now loaded: 0)
Unloading 4080 unused Assets / (2.9 MB). Loaded Objects now: 4697.
Memory consumption went from 107.4 MB to 104.5 MB.
Total: 10.546900 ms (FindLiveObjects: 0.441600 ms CreateObjectMapping: 0.348500 ms MarkObjects: 7.138500 ms  DeleteObjects: 2.615600 ms)

Prepare: number of updated asset objects reloaded= 0
========================================================================
Received Prepare
Begin MonoManager ReloadAssembly
[Licensing::Client] Successfully resolved entitlement details
- Loaded All Assemblies, in  1.136 seconds
Refreshing native plugins compatible for Editor in 3.00 ms, found 3 plugins.
Native extension for WindowsStandalone target not found
[Package Manager] Failed to launch server process. Reason: Unity was launched with the -noUpm command-line argument
[Package Manager] Unable to send message (not connected to server process).
[Package Manager] Cannot connect to Unity Package Manager local server
Mono: successfully reloaded assembly
- Finished resetting the current domain, in  1.259 seconds
Domain Reload Profiling: 2390ms
	BeginReloadAssembly (317ms)
		ExecutionOrderSort (0ms)
		DisableScriptedObjects (13ms)
		BackupInstance (0ms)
		ReleaseScriptingObjects (0ms)
		CreateAndSetChildDomain (72ms)
	RebuildCommonClasses (67ms)
	RebuildNativeTypeToScriptingClass (19ms)
	initialDomainReloadingComplete (58ms)
	LoadAllAssembliesAndSetupDomain (671ms)
		LoadAssemblies (569ms)
		RebuildTransferFunctionScriptingTraits (0ms)
		AnalyzeDomain (261ms)
			TypeCache.Refresh (12ms)
				TypeCache.ScanAssembly (1ms)
			BuildScriptInfoCaches (231ms)
			ResolveRequiredComponents (10ms)
	FinalizeReload (1260ms)
		ReleaseScriptCaches (0ms)
		RebuildScriptCaches (0ms)
		SetupLoadedEditorAssemblies (1072ms)
			LogAssemblyErrors (0ms)
			InitializePlatformSupportModulesInManaged (2ms)
			SetLoadedEditorAssemblies (4ms)
			BeforeProcessingInitializeOnLoad (169ms)
			ProcessInitializeOnLoadAttributes (824ms)
			ProcessInitializeOnLoadMethodAttributes (61ms)
			AfterProcessingInitializeOnLoad (11ms)
			EditorAssembliesLoaded (0ms)
		ExecutionOrderSort2 (0ms)
		AwakeInstancesAfterBackupRestoration (9ms)
Refreshing native plugins compatible for Editor in 1.47 ms, found 3 plugins.
Preloading 0 native plugins for Editor in 0.00 ms.
Unloading 12 Unused Serialized files (Serialized files now loaded: 0)
Unloading 4080 unused Assets / (2.7 MB). Loaded Objects now: 4698.
Memory consumption went from 107.4 MB to 104.7 MB.
Total: 8.207500 ms (FindLiveObjects: 0.597900 ms CreateObjectMapping: 0.356200 ms MarkObjects: 5.693400 ms  DeleteObjects: 1.557900 ms)

Prepare: number of updated asset objects reloaded= 0
========================================================================
Received Prepare
Begin MonoManager ReloadAssembly
- Loaded All Assemblies, in  1.131 seconds
Refreshing native plugins compatible for Editor in 3.54 ms, found 3 plugins.
Native extension for WindowsStandalone target not found
[Package Manager] Failed to launch server process. Reason: Unity was launched with the -noUpm command-line argument
[Package Manager] Unable to send message (not connected to server process).
[Package Manager] Cannot connect to Unity Package Manager local server
Mono: successfully reloaded assembly
- Finished resetting the current domain, in  1.447 seconds
Domain Reload Profiling: 2577ms
	BeginReloadAssembly (317ms)
		ExecutionOrderSort (0ms)
		DisableScriptedObjects (8ms)
		BackupInstance (0ms)
		ReleaseScriptingObjects (0ms)
		CreateAndSetChildDomain (60ms)
	RebuildCommonClasses (60ms)
	RebuildNativeTypeToScriptingClass (18ms)
	initialDomainReloadingComplete (54ms)
	LoadAllAssembliesAndSetupDomain (679ms)
		LoadAssemblies (571ms)
		RebuildTransferFunctionScriptingTraits (0ms)
		AnalyzeDomain (279ms)
			TypeCache.Refresh (9ms)
				TypeCache.ScanAssembly (0ms)
			BuildScriptInfoCaches (256ms)
			ResolveRequiredComponents (6ms)
	FinalizeReload (1449ms)
		ReleaseScriptCaches (0ms)
		RebuildScriptCaches (0ms)
		SetupLoadedEditorAssemblies (1225ms)
			LogAssemblyErrors (0ms)
			InitializePlatformSupportModulesInManaged (5ms)
			SetLoadedEditorAssemblies (6ms)
			BeforeProcessingInitializeOnLoad (213ms)
			ProcessInitializeOnLoadAttributes (929ms)
			ProcessInitializeOnLoadMethodAttributes (60ms)
			AfterProcessingInitializeOnLoad (13ms)
			EditorAssembliesLoaded (0ms)
		ExecutionOrderSort2 (0ms)
		AwakeInstancesAfterBackupRestoration (18ms)
Refreshing native plugins compatible for Editor in 1.52 ms, found 3 plugins.
Preloading 0 native plugins for Editor in 0.00 ms.
Unloading 12 Unused Serialized files (Serialized files now loaded: 0)
Unloading 4080 unused Assets / (2.7 MB). Loaded Objects now: 4699.
Memory consumption went from 107.4 MB to 104.7 MB.
Total: 10.595900 ms (FindLiveObjects: 0.528700 ms CreateObjectMapping: 0.769500 ms MarkObjects: 7.568300 ms  DeleteObjects: 1.727500 ms)

Prepare: number of updated asset objects reloaded= 0
========================================================================
Received Import Request.
  Time since last request: 2596.631127 seconds.
  path: Assets/script/PauseManager.cs
  artifactKey: Guid(e67c61ccb8e8b8a47bb3e593ef075fc0) Importer(815301076,1909f56bfc062723c751e8b465ee728b)
Start importing Assets/script/PauseManager.cs using Guid(e67c61ccb8e8b8a47bb3e593ef075fc0) Importer(815301076,1909f56bfc062723c751e8b465ee728b) (PreviewImporter) -> (artifact id: 'cac26b7893d895590b0adbccf45161dc') in 0.0225705 seconds
Number of updated asset objects reloaded before import = 0Number of asset objects unloaded after import = 0

========================================================================
Received Prepare
Refreshing native plugins compatible for Editor in 5.47 ms, found 3 plugins.
Preloading 0 native plugins for Editor in 0.00 ms.
Unloading 12 Unused Serialized files (Serialized files now loaded: 0)
Unloading 4073 unused Assets / (2.4 MB). Loaded Objects now: 4699.
Memory consumption went from 107.6 MB to 105.2 MB.
Total: 15.356900 ms (FindLiveObjects: 0.984700 ms CreateObjectMapping: 0.778400 ms MarkObjects: 11.622500 ms  DeleteObjects: 1.968600 ms)

Prepare: number of updated asset objects reloaded= 0
========================================================================
Received Prepare
Refreshing native plugins compatible for Editor in 4.25 ms, found 3 plugins.
Preloading 0 native plugins for Editor in 0.00 ms.
Unloading 12 Unused Serialized files (Serialized files now loaded: 0)
Unloading 4073 unused Assets / (2.5 MB). Loaded Objects now: 4699.
Memory consumption went from 107.6 MB to 105.1 MB.
Total: 9.645300 ms (FindLiveObjects: 0.591000 ms CreateObjectMapping: 0.588600 ms MarkObjects: 6.898600 ms  DeleteObjects: 1.564900 ms)

Prepare: number of updated asset objects reloaded= 0
========================================================================
Received Import Request.
  Time since last request: 442.589598 seconds.
  path: Assets/script/PauseManager.cs
  artifactKey: Guid(e67c61ccb8e8b8a47bb3e593ef075fc0) Importer(815301076,1909f56bfc062723c751e8b465ee728b)
Start importing Assets/script/PauseManager.cs using Guid(e67c61ccb8e8b8a47bb3e593ef075fc0) Importer(815301076,1909f56bfc062723c751e8b465ee728b) (PreviewImporter) -> (artifact id: '17833627643ebe9ca6b74a9893b52877') in 0.0084516 seconds
Number of updated asset objects reloaded before import = 0Number of asset objects unloaded after import = 0

========================================================================
Received Prepare
Begin MonoManager ReloadAssembly
[Licensing::Client] Successfully resolved entitlement details
- Loaded All Assemblies, in  1.253 seconds
Refreshing native plugins compatible for Editor in 1.45 ms, found 3 plugins.
Native extension for WindowsStandalone target not found
[Package Manager] Failed to launch server process. Reason: Unity was launched with the -noUpm command-line argument
[Package Manager] Unable to send message (not connected to server process).
[Package Manager] Cannot connect to Unity Package Manager local server
Mono: successfully reloaded assembly
- Finished resetting the current domain, in  1.396 seconds
Domain Reload Profiling: 2649ms
	BeginReloadAssembly (382ms)
		ExecutionOrderSort (0ms)
		DisableScriptedObjects (14ms)
		BackupInstance (0ms)
		ReleaseScriptingObjects (0ms)
		CreateAndSetChildDomain (86ms)
	RebuildCommonClasses (72ms)
	RebuildNativeTypeToScriptingClass (26ms)
	initialDomainReloadingComplete (48ms)
	LoadAllAssembliesAndSetupDomain (725ms)
		LoadAssemblies (598ms)
		RebuildTransferFunctionScriptingTraits (0ms)
		AnalyzeDomain (321ms)
			TypeCache.Refresh (19ms)
				TypeCache.ScanAssembly (2ms)
			BuildScriptInfoCaches (284ms)
			ResolveRequiredComponents (8ms)
	FinalizeReload (1397ms)
		ReleaseScriptCaches (0ms)
		RebuildScriptCaches (0ms)
		SetupLoadedEditorAssemblies (1172ms)
			LogAssemblyErrors (0ms)
			InitializePlatformSupportModulesInManaged (3ms)
			SetLoadedEditorAssemblies (6ms)
			BeforeProcessingInitializeOnLoad (251ms)
			ProcessInitializeOnLoadAttributes (856ms)
			ProcessInitializeOnLoadMethodAttributes (46ms)
			AfterProcessingInitializeOnLoad (10ms)
			EditorAssembliesLoaded (0ms)
		ExecutionOrderSort2 (0ms)
		AwakeInstancesAfterBackupRestoration (11ms)
Refreshing native plugins compatible for Editor in 3.76 ms, found 3 plugins.
Preloading 0 native plugins for Editor in 0.00 ms.
Unloading 12 Unused Serialized files (Serialized files now loaded: 0)
Unloading 4080 unused Assets / (3.1 MB). Loaded Objects now: 4700.
Memory consumption went from 107.4 MB to 104.3 MB.
Total: 12.087200 ms (FindLiveObjects: 1.046500 ms CreateObjectMapping: 0.342700 ms MarkObjects: 8.099900 ms  DeleteObjects: 2.596100 ms)

Prepare: number of updated asset objects reloaded= 0
========================================================================
Received Prepare
Begin MonoManager ReloadAssembly
- Loaded All Assemblies, in  1.205 seconds
Refreshing native plugins compatible for Editor in 1.51 ms, found 3 plugins.
Native extension for WindowsStandalone target not found
[Package Manager] Failed to launch server process. Reason: Unity was launched with the -noUpm command-line argument
[Package Manager] Unable to send message (not connected to server process).
[Package Manager] Cannot connect to Unity Package Manager local server
Mono: successfully reloaded assembly
- Finished resetting the current domain, in  1.828 seconds
Domain Reload Profiling: 3024ms
	BeginReloadAssembly (331ms)
		ExecutionOrderSort (0ms)
		DisableScriptedObjects (8ms)
		BackupInstance (0ms)
		ReleaseScriptingObjects (0ms)
		CreateAndSetChildDomain (60ms)
	RebuildCommonClasses (72ms)
	RebuildNativeTypeToScriptingClass (25ms)
	initialDomainReloadingComplete (51ms)
	LoadAllAssembliesAndSetupDomain (716ms)
		LoadAssemblies (593ms)
		RebuildTransferFunctionScriptingTraits (0ms)
		AnalyzeDomain (308ms)
			TypeCache.Refresh (11ms)
				TypeCache.ScanAssembly (0ms)
			BuildScriptInfoCaches (272ms)
			ResolveRequiredComponents (13ms)
	FinalizeReload (1828ms)
		ReleaseScriptCaches (0ms)
		RebuildScriptCaches (0ms)
		SetupLoadedEditorAssemblies (1591ms)
			LogAssemblyErrors (0ms)
			InitializePlatformSupportModulesInManaged (4ms)
			SetLoadedEditorAssemblies (6ms)
			BeforeProcessingInitializeOnLoad (231ms)
			ProcessInitializeOnLoadAttributes (1284ms)
			ProcessInitializeOnLoadMethodAttributes (56ms)
			AfterProcessingInitializeOnLoad (10ms)
			EditorAssembliesLoaded (0ms)
		ExecutionOrderSort2 (0ms)
		AwakeInstancesAfterBackupRestoration (13ms)
Refreshing native plugins compatible for Editor in 1.93 ms, found 3 plugins.
Preloading 0 native plugins for Editor in 0.00 ms.
Unloading 12 Unused Serialized files (Serialized files now loaded: 0)
Unloading 4080 unused Assets / (2.8 MB). Loaded Objects now: 4701.
Memory consumption went from 107.4 MB to 104.6 MB.
Total: 9.439600 ms (FindLiveObjects: 0.844900 ms CreateObjectMapping: 0.319300 ms MarkObjects: 6.447600 ms  DeleteObjects: 1.825300 ms)

Prepare: number of updated asset objects reloaded= 0
========================================================================
Received Prepare
Begin MonoManager ReloadAssembly
[Licensing::Client] Successfully resolved entitlement details
- Loaded All Assemblies, in  1.156 seconds
Refreshing native plugins compatible for Editor in 1.30 ms, found 3 plugins.
Native extension for WindowsStandalone target not found
[Package Manager] Failed to launch server process. Reason: Unity was launched with the -noUpm command-line argument
[Package Manager] Unable to send message (not connected to server process).
[Package Manager] Cannot connect to Unity Package Manager local server
Mono: successfully reloaded assembly
- Finished resetting the current domain, in  1.728 seconds
Domain Reload Profiling: 2881ms
	BeginReloadAssembly (327ms)
		ExecutionOrderSort (0ms)
		DisableScriptedObjects (9ms)
		BackupInstance (0ms)
		ReleaseScriptingObjects (0ms)
		CreateAndSetChildDomain (55ms)
	RebuildCommonClasses (54ms)
	RebuildNativeTypeToScriptingClass (21ms)
	initialDomainReloadingComplete (49ms)
	LoadAllAssembliesAndSetupDomain (701ms)
		LoadAssemblies (572ms)
		RebuildTransferFunctionScriptingTraits (0ms)
		AnalyzeDomain (308ms)
			TypeCache.Refresh (11ms)
				TypeCache.ScanAssembly (0ms)
			BuildScriptInfoCaches (281ms)
			ResolveRequiredComponents (8ms)
	FinalizeReload (1730ms)
		ReleaseScriptCaches (0ms)
		RebuildScriptCaches (0ms)
		SetupLoadedEditorAssemblies (1490ms)
			LogAssemblyErrors (0ms)
			InitializePlatformSupportModulesInManaged (4ms)
			SetLoadedEditorAssemblies (7ms)
			BeforeProcessingInitializeOnLoad (194ms)
			ProcessInitializeOnLoadAttributes (1185ms)
			ProcessInitializeOnLoadMethodAttributes (80ms)
			AfterProcessingInitializeOnLoad (20ms)
			EditorAssembliesLoaded (0ms)
		ExecutionOrderSort2 (0ms)
		AwakeInstancesAfterBackupRestoration (17ms)
Refreshing native plugins compatible for Editor in 2.58 ms, found 3 plugins.
Preloading 0 native plugins for Editor in 0.00 ms.
Unloading 12 Unused Serialized files (Serialized files now loaded: 0)
Unloading 4080 unused Assets / (3.0 MB). Loaded Objects now: 4702.
Memory consumption went from 107.4 MB to 104.4 MB.
Total: 12.342500 ms (FindLiveObjects: 0.848400 ms CreateObjectMapping: 0.980400 ms MarkObjects: 7.598900 ms  DeleteObjects: 2.911700 ms)

Prepare: number of updated asset objects reloaded= 0
========================================================================
Received Prepare
Begin MonoManager ReloadAssembly
[Licensing::Client] Successfully resolved entitlement details
- Loaded All Assemblies, in  1.220 seconds
Refreshing native plugins compatible for Editor in 3.52 ms, found 3 plugins.
Native extension for WindowsStandalone target not found
[Package Manager] Failed to launch server process. Reason: Unity was launched with the -noUpm command-line argument
[Package Manager] Unable to send message (not connected to server process).
[Package Manager] Cannot connect to Unity Package Manager local server
Mono: successfully reloaded assembly
- Finished resetting the current domain, in  1.763 seconds
Domain Reload Profiling: 2977ms
	BeginReloadAssembly (347ms)
		ExecutionOrderSort (0ms)
		DisableScriptedObjects (7ms)
		BackupInstance (0ms)
		ReleaseScriptingObjects (0ms)
		CreateAndSetChildDomain (60ms)
	RebuildCommonClasses (72ms)
	RebuildNativeTypeToScriptingClass (26ms)
	initialDomainReloadingComplete (60ms)
	LoadAllAssembliesAndSetupDomain (707ms)
		LoadAssemblies (614ms)
		RebuildTransferFunctionScriptingTraits (0ms)
		AnalyzeDomain (294ms)
			TypeCache.Refresh (9ms)
				TypeCache.ScanAssembly (0ms)
			BuildScriptInfoCaches (264ms)
			ResolveRequiredComponents (10ms)
	FinalizeReload (1765ms)
		ReleaseScriptCaches (0ms)
		RebuildScriptCaches (0ms)
		SetupLoadedEditorAssemblies (1536ms)
			LogAssemblyErrors (0ms)
			InitializePlatformSupportModulesInManaged (3ms)
			SetLoadedEditorAssemblies (7ms)
			BeforeProcessingInitializeOnLoad (255ms)
			ProcessInitializeOnLoadAttributes (1220ms)
			ProcessInitializeOnLoadMethodAttributes (42ms)
			AfterProcessingInitializeOnLoad (9ms)
			EditorAssembliesLoaded (0ms)
		ExecutionOrderSort2 (0ms)
		AwakeInstancesAfterBackupRestoration (10ms)
Refreshing native plugins compatible for Editor in 3.47 ms, found 3 plugins.
Preloading 0 native plugins for Editor in 0.00 ms.
Unloading 12 Unused Serialized files (Serialized files now loaded: 0)
Unloading 4080 unused Assets / (2.8 MB). Loaded Objects now: 4703.
Memory consumption went from 107.4 MB to 104.6 MB.
Total: 12.571000 ms (FindLiveObjects: 0.613700 ms CreateObjectMapping: 0.440000 ms MarkObjects: 9.288200 ms  DeleteObjects: 2.226000 ms)

Prepare: number of updated asset objects reloaded= 0
========================================================================
Received Prepare
Begin MonoManager ReloadAssembly
[Licensing::Client] Successfully resolved entitlement details
- Loaded All Assemblies, in  1.257 seconds
Refreshing native plugins compatible for Editor in 2.41 ms, found 3 plugins.
Native extension for WindowsStandalone target not found
[Package Manager] Failed to launch server process. Reason: Unity was launched with the -noUpm command-line argument
[Package Manager] Unable to send message (not connected to server process).
[Package Manager] Cannot connect to Unity Package Manager local server
Mono: successfully reloaded assembly
- Finished resetting the current domain, in  1.423 seconds
Domain Reload Profiling: 2676ms
	BeginReloadAssembly (380ms)
		ExecutionOrderSort (0ms)
		DisableScriptedObjects (22ms)
		BackupInstance (0ms)
		ReleaseScriptingObjects (0ms)
		CreateAndSetChildDomain (66ms)
	RebuildCommonClasses (80ms)
	RebuildNativeTypeToScriptingClass (26ms)
	initialDomainReloadingComplete (51ms)
	LoadAllAssembliesAndSetupDomain (716ms)
		LoadAssemblies (584ms)
		RebuildTransferFunctionScriptingTraits (0ms)
		AnalyzeDomain (316ms)
			TypeCache.Refresh (15ms)
				TypeCache.ScanAssembly (1ms)
			BuildScriptInfoCaches (279ms)
			ResolveRequiredComponents (12ms)
	FinalizeReload (1423ms)
		ReleaseScriptCaches (0ms)
		RebuildScriptCaches (0ms)
		SetupLoadedEditorAssemblies (1208ms)
			LogAssemblyErrors (0ms)
			InitializePlatformSupportModulesInManaged (3ms)
			SetLoadedEditorAssemblies (4ms)
			BeforeProcessingInitializeOnLoad (232ms)
			ProcessInitializeOnLoadAttributes (923ms)
			ProcessInitializeOnLoadMethodAttributes (37ms)
			AfterProcessingInitializeOnLoad (8ms)
			EditorAssembliesLoaded (0ms)
		ExecutionOrderSort2 (0ms)
		AwakeInstancesAfterBackupRestoration (9ms)
Refreshing native plugins compatible for Editor in 1.21 ms, found 3 plugins.
Preloading 0 native plugins for Editor in 0.00 ms.
Unloading 12 Unused Serialized files (Serialized files now loaded: 0)
Unloading 4080 unused Assets / (2.9 MB). Loaded Objects now: 4704.
Memory consumption went from 107.4 MB to 104.5 MB.
Total: 6.966900 ms (FindLiveObjects: 0.375900 ms CreateObjectMapping: 0.339900 ms MarkObjects: 4.851000 ms  DeleteObjects: 1.398800 ms)

Prepare: number of updated asset objects reloaded= 0
========================================================================
Received Prepare
Begin MonoManager ReloadAssembly
- Loaded All Assemblies, in  1.167 seconds
Refreshing native plugins compatible for Editor in 2.68 ms, found 3 plugins.
Native extension for WindowsStandalone target not found
[Package Manager] Failed to launch server process. Reason: Unity was launched with the -noUpm command-line argument
[Package Manager] Unable to send message (not connected to server process).
[Package Manager] Cannot connect to Unity Package Manager local server
Mono: successfully reloaded assembly
- Finished resetting the current domain, in  1.769 seconds
Domain Reload Profiling: 2936ms
	BeginReloadAssembly (345ms)
		ExecutionOrderSort (0ms)
		DisableScriptedObjects (9ms)
		BackupInstance (0ms)
		ReleaseScriptingObjects (0ms)
		CreateAndSetChildDomain (71ms)
	RebuildCommonClasses (75ms)
	RebuildNativeTypeToScriptingClass (22ms)
	initialDomainReloadingComplete (50ms)
	LoadAllAssembliesAndSetupDomain (674ms)
		LoadAssemblies (572ms)
		RebuildTransferFunctionScriptingTraits (0ms)
		AnalyzeDomain (284ms)
			TypeCache.Refresh (11ms)
				TypeCache.ScanAssembly (0ms)
			BuildScriptInfoCaches (254ms)
			ResolveRequiredComponents (11ms)
	FinalizeReload (1770ms)
		ReleaseScriptCaches (0ms)
		RebuildScriptCaches (0ms)
		SetupLoadedEditorAssemblies (1552ms)
			LogAssemblyErrors (0ms)
			InitializePlatformSupportModulesInManaged (4ms)
			SetLoadedEditorAssemblies (5ms)
			BeforeProcessingInitializeOnLoad (222ms)
			ProcessInitializeOnLoadAttributes (1243ms)
			ProcessInitializeOnLoadMethodAttributes (59ms)
			AfterProcessingInitializeOnLoad (19ms)
			EditorAssembliesLoaded (0ms)
		ExecutionOrderSort2 (0ms)
		AwakeInstancesAfterBackupRestoration (12ms)
Refreshing native plugins compatible for Editor in 2.10 ms, found 3 plugins.
Preloading 0 native plugins for Editor in 0.00 ms.
Unloading 12 Unused Serialized files (Serialized files now loaded: 0)
Unloading 4080 unused Assets / (2.9 MB). Loaded Objects now: 4705.
Memory consumption went from 107.4 MB to 104.5 MB.
Total: 13.509800 ms (FindLiveObjects: 0.954500 ms CreateObjectMapping: 0.858900 ms MarkObjects: 8.198600 ms  DeleteObjects: 3.494900 ms)

Prepare: number of updated asset objects reloaded= 0
========================================================================
Received Prepare
Begin MonoManager ReloadAssembly
[Licensing::Client] Successfully resolved entitlement details
- Loaded All Assemblies, in  1.235 seconds
Refreshing native plugins compatible for Editor in 1.99 ms, found 3 plugins.
Native extension for WindowsStandalone target not found
[Package Manager] Failed to launch server process. Reason: Unity was launched with the -noUpm command-line argument
[Package Manager] Unable to send message (not connected to server process).
[Package Manager] Cannot connect to Unity Package Manager local server
Mono: successfully reloaded assembly
- Finished resetting the current domain, in  1.589 seconds
Domain Reload Profiling: 2822ms
	BeginReloadAssembly (329ms)
		ExecutionOrderSort (0ms)
		DisableScriptedObjects (15ms)
		BackupInstance (0ms)
		ReleaseScriptingObjects (0ms)
		CreateAndSetChildDomain (64ms)
	RebuildCommonClasses (63ms)
	RebuildNativeTypeToScriptingClass (18ms)
	initialDomainReloadingComplete (47ms)
	LoadAllAssembliesAndSetupDomain (775ms)
		LoadAssemblies (564ms)
		RebuildTransferFunctionScriptingTraits (0ms)
		AnalyzeDomain (376ms)
			TypeCache.Refresh (11ms)
				TypeCache.ScanAssembly (0ms)
			BuildScriptInfoCaches (335ms)
			ResolveRequiredComponents (18ms)
	FinalizeReload (1590ms)
		ReleaseScriptCaches (0ms)
		RebuildScriptCaches (0ms)
		SetupLoadedEditorAssemblies (1372ms)
			LogAssemblyErrors (0ms)
			InitializePlatformSupportModulesInManaged (3ms)
			SetLoadedEditorAssemblies (5ms)
			BeforeProcessingInitializeOnLoad (300ms)
			ProcessInitializeOnLoadAttributes (1001ms)
			ProcessInitializeOnLoadMethodAttributes (52ms)
			AfterProcessingInitializeOnLoad (10ms)
			EditorAssembliesLoaded (0ms)
		ExecutionOrderSort2 (0ms)
		AwakeInstancesAfterBackupRestoration (9ms)
Refreshing native plugins compatible for Editor in 2.53 ms, found 3 plugins.
Preloading 0 native plugins for Editor in 0.00 ms.
Unloading 12 Unused Serialized files (Serialized files now loaded: 0)
Unloading 4080 unused Assets / (2.7 MB). Loaded Objects now: 4706.
Memory consumption went from 107.4 MB to 104.7 MB.
Total: 11.112300 ms (FindLiveObjects: 0.564000 ms CreateObjectMapping: 0.722300 ms MarkObjects: 7.524500 ms  DeleteObjects: 2.299500 ms)

Prepare: number of updated asset objects reloaded= 0
========================================================================
Received Prepare
Begin MonoManager ReloadAssembly
[Licensing::Client] Successfully resolved entitlement details
- Loaded All Assemblies, in  1.269 seconds
Refreshing native plugins compatible for Editor in 1.51 ms, found 3 plugins.
Native extension for WindowsStandalone target not found
[Package Manager] Failed to launch server process. Reason: Unity was launched with the -noUpm command-line argument
[Package Manager] Unable to send message (not connected to server process).
[Package Manager] Cannot connect to Unity Package Manager local server
Mono: successfully reloaded assembly
- Finished resetting the current domain, in  1.704 seconds
Domain Reload Profiling: 2972ms
	BeginReloadAssembly (331ms)
		ExecutionOrderSort (0ms)
		DisableScriptedObjects (12ms)
		BackupInstance (0ms)
		ReleaseScriptingObjects (0ms)
		CreateAndSetChildDomain (59ms)
	RebuildCommonClasses (81ms)
	RebuildNativeTypeToScriptingClass (23ms)
	initialDomainReloadingComplete (66ms)
	LoadAllAssembliesAndSetupDomain (766ms)
		LoadAssemblies (607ms)
		RebuildTransferFunctionScriptingTraits (0ms)
		AnalyzeDomain (327ms)
			TypeCache.Refresh (10ms)
				TypeCache.ScanAssembly (0ms)
			BuildScriptInfoCaches (301ms)
			ResolveRequiredComponents (8ms)
	FinalizeReload (1705ms)
		ReleaseScriptCaches (0ms)
		RebuildScriptCaches (0ms)
		SetupLoadedEditorAssemblies (1447ms)
			LogAssemblyErrors (0ms)
			InitializePlatformSupportModulesInManaged (4ms)
			SetLoadedEditorAssemblies (7ms)
			BeforeProcessingInitializeOnLoad (304ms)
			ProcessInitializeOnLoadAttributes (1059ms)
			ProcessInitializeOnLoadMethodAttributes (59ms)
			AfterProcessingInitializeOnLoad (14ms)
			EditorAssembliesLoaded (0ms)
		ExecutionOrderSort2 (0ms)
		AwakeInstancesAfterBackupRestoration (12ms)
Refreshing native plugins compatible for Editor in 1.94 ms, found 3 plugins.
Preloading 0 native plugins for Editor in 0.00 ms.
Unloading 12 Unused Serialized files (Serialized files now loaded: 0)
Unloading 4080 unused Assets / (3.0 MB). Loaded Objects now: 4707.
Memory consumption went from 107.4 MB to 104.5 MB.
Total: 13.686300 ms (FindLiveObjects: 0.821900 ms CreateObjectMapping: 1.112100 ms MarkObjects: 9.109100 ms  DeleteObjects: 2.641200 ms)

Prepare: number of updated asset objects reloaded= 0
========================================================================
Received Prepare
Begin MonoManager ReloadAssembly
- Loaded All Assemblies, in  1.176 seconds
Refreshing native plugins compatible for Editor in 2.71 ms, found 3 plugins.
Native extension for WindowsStandalone target not found
[Package Manager] Failed to launch server process. Reason: Unity was launched with the -noUpm command-line argument
[Package Manager] Unable to send message (not connected to server process).
[Package Manager] Cannot connect to Unity Package Manager local server
Mono: successfully reloaded assembly
- Finished resetting the current domain, in  1.671 seconds
Domain Reload Profiling: 2845ms
	BeginReloadAssembly (307ms)
		ExecutionOrderSort (0ms)
		DisableScriptedObjects (14ms)
		BackupInstance (0ms)
		ReleaseScriptingObjects (0ms)
		CreateAndSetChildDomain (58ms)
	RebuildCommonClasses (71ms)
	RebuildNativeTypeToScriptingClass (19ms)
	initialDomainReloadingComplete (51ms)
	LoadAllAssembliesAndSetupDomain (725ms)
		LoadAssemblies (570ms)
		RebuildTransferFunctionScriptingTraits (0ms)
		AnalyzeDomain (317ms)
			TypeCache.Refresh (13ms)
				TypeCache.ScanAssembly (0ms)
			BuildScriptInfoCaches (290ms)
			ResolveRequiredComponents (8ms)
	FinalizeReload (1672ms)
		ReleaseScriptCaches (0ms)
		RebuildScriptCaches (0ms)
		SetupLoadedEditorAssemblies (1450ms)
			LogAssemblyErrors (0ms)
			InitializePlatformSupportModulesInManaged (3ms)
			SetLoadedEditorAssemblies (5ms)
			BeforeProcessingInitializeOnLoad (271ms)
			ProcessInitializeOnLoadAttributes (1090ms)
			ProcessInitializeOnLoadMethodAttributes (59ms)
			AfterProcessingInitializeOnLoad (21ms)
			EditorAssembliesLoaded (0ms)
		ExecutionOrderSort2 (0ms)
		AwakeInstancesAfterBackupRestoration (18ms)
Refreshing native plugins compatible for Editor in 3.18 ms, found 3 plugins.
Preloading 0 native plugins for Editor in 0.00 ms.
Unloading 12 Unused Serialized files (Serialized files now loaded: 0)
Unloading 4080 unused Assets / (2.6 MB). Loaded Objects now: 4708.
Memory consumption went from 107.4 MB to 104.9 MB.
Total: 10.390800 ms (FindLiveObjects: 0.570900 ms CreateObjectMapping: 0.442200 ms MarkObjects: 7.387200 ms  DeleteObjects: 1.988700 ms)

Prepare: number of updated asset objects reloaded= 0
========================================================================
Received Import Request.
  Time since last request: 700.578568 seconds.
  path: ProjectSettings/TagManager.asset
  artifactKey: Guid(00000000000000003000000000000000) Importer(815301076,1909f56bfc062723c751e8b465ee728b)
Start importing ProjectSettings/TagManager.asset using Guid(00000000000000003000000000000000) Importer(815301076,1909f56bfc062723c751e8b465ee728b) (PreviewImporter) -> (artifact id: 'f9551b14c1d8a010f323aca560b24fec') in 0.0277013 seconds
Number of updated asset objects reloaded before import = 0Number of asset objects unloaded after import = 0

========================================================================
Received Prepare
Begin MonoManager ReloadAssembly
[Licensing::Client] Successfully resolved entitlement details
- Loaded All Assemblies, in  1.219 seconds
Refreshing native plugins compatible for Editor in 1.32 ms, found 3 plugins.
Native extension for WindowsStandalone target not found
[Package Manager] Failed to launch server process. Reason: Unity was launched with the -noUpm command-line argument
[Package Manager] Unable to send message (not connected to server process).
[Package Manager] Cannot connect to Unity Package Manager local server
Mono: successfully reloaded assembly
- Finished resetting the current domain, in  1.640 seconds
Domain Reload Profiling: 2860ms
	BeginReloadAssembly (370ms)
		ExecutionOrderSort (0ms)
		DisableScriptedObjects (14ms)
		BackupInstance (0ms)
		ReleaseScriptingObjects (0ms)
		CreateAndSetChildDomain (64ms)
	RebuildCommonClasses (57ms)
	RebuildNativeTypeToScriptingClass (20ms)
	initialDomainReloadingComplete (51ms)
	LoadAllAssembliesAndSetupDomain (721ms)
		LoadAssemblies (604ms)
		RebuildTransferFunctionScriptingTraits (0ms)
		AnalyzeDomain (315ms)
			TypeCache.Refresh (12ms)
				TypeCache.ScanAssembly (0ms)
			BuildScriptInfoCaches (280ms)
			ResolveRequiredComponents (14ms)
	FinalizeReload (1641ms)
		ReleaseScriptCaches (0ms)
		RebuildScriptCaches (0ms)
		SetupLoadedEditorAssemblies (1439ms)
			LogAssemblyErrors (0ms)
			InitializePlatformSupportModulesInManaged (3ms)
			SetLoadedEditorAssemblies (7ms)
			BeforeProcessingInitializeOnLoad (252ms)
			ProcessInitializeOnLoadAttributes (1104ms)
			ProcessInitializeOnLoadMethodAttributes (62ms)
			AfterProcessingInitializeOnLoad (12ms)
			EditorAssembliesLoaded (0ms)
		ExecutionOrderSort2 (0ms)
		AwakeInstancesAfterBackupRestoration (11ms)
Refreshing native plugins compatible for Editor in 1.71 ms, found 3 plugins.
Preloading 0 native plugins for Editor in 0.00 ms.
Unloading 12 Unused Serialized files (Serialized files now loaded: 0)
Unloading 4081 unused Assets / (2.4 MB). Loaded Objects now: 4709.
Memory consumption went from 107.4 MB to 105.0 MB.
Total: 12.460900 ms (FindLiveObjects: 0.892100 ms CreateObjectMapping: 0.775400 ms MarkObjects: 9.114700 ms  DeleteObjects: 1.676500 ms)

Prepare: number of updated asset objects reloaded= 0
========================================================================
Received Import Request.
  Time since last request: 145.577852 seconds.
  path: Assets/_Recovery/0 (1).unity
  artifactKey: Guid(25cb9cf69bbeeae448e55a2aa936fed5) Importer(2089858483,192608db42251d675da83286b1cce702)
Start importing Assets/_Recovery/0 (1).unity using Guid(25cb9cf69bbeeae448e55a2aa936fed5) Importer(2089858483,192608db42251d675da83286b1cce702) (ScriptedImporter) -> (artifact id: 'ad8ffccaa2f22113093b8e45231bfa24') in 0.1770157 seconds
Number of updated asset objects reloaded before import = 0Number of asset objects unloaded after import = 1

========================================================================
Received Import Request.
  Time since last request: 0.000032 seconds.
  path: Assets/apartment/apartment_counter_BaseColor.png
  artifactKey: Guid(5e2184c4c02a5724c8ff3ff2bed45bb8) Importer(2089858483,192608db42251d675da83286b1cce702)
Start importing Assets/apartment/apartment_counter_BaseColor.png using Guid(5e2184c4c02a5724c8ff3ff2bed45bb8) Importer(2089858483,192608db42251d675da83286b1cce702) (ScriptedImporter) -> (artifact id: 'ac9bd5b3a763e6b29e887c9b16e69897') in 0.1667903 seconds
Number of updated asset objects reloaded before import = 0Number of asset objects unloaded after import = 1

========================================================================
Received Import Request.
  Time since last request: 0.000098 seconds.
  path: Assets/apartment/apartment_counter sink_Metallic.png
  artifactKey: Guid(1a91d5ef21961ef46923d34702ce0cde) Importer(2089858483,192608db42251d675da83286b1cce702)
Start importing Assets/apartment/apartment_counter sink_Metallic.png using Guid(1a91d5ef21961ef46923d34702ce0cde) Importer(2089858483,192608db42251d675da83286b1cce702) (ScriptedImporter) -> (artifact id: '73a24f4b0c46daf14128a346b712a506') in 0.0668662 seconds
Number of updated asset objects reloaded before import = 0Number of asset objects unloaded after import = 1

========================================================================
Received Import Request.
  Time since last request: 0.000047 seconds.
  path: Assets/psx-bong
  artifactKey: Guid(7c4b26a9263b38c478e63917d6d818a9) Importer(2089858483,192608db42251d675da83286b1cce702)
Start importing Assets/psx-bong using Guid(7c4b26a9263b38c478e63917d6d818a9) Importer(2089858483,192608db42251d675da83286b1cce702) (ScriptedImporter) -> (artifact id: '3b766b2a8ad22333eba105c373889b8d') in 0.0319696 seconds
Number of updated asset objects reloaded before import = 0Number of asset objects unloaded after import = 1

========================================================================
Received Import Request.
  Time since last request: 0.000149 seconds.
  path: Assets/Ui/Ui
  artifactKey: Guid(70d1f4767d294dd48988f1f8417bd0a2) Importer(2089858483,192608db42251d675da83286b1cce702)
Start importing Assets/Ui/Ui using Guid(70d1f4767d294dd48988f1f8417bd0a2) Importer(2089858483,192608db42251d675da83286b1cce702) (ScriptedImporter) -> (artifact id: 'd7624bfd9a5fd4928eab4ec4a7ebdf3b') in 0.0328793 seconds
Number of updated asset objects reloaded before import = 0Number of asset objects unloaded after import = 1

========================================================================
Received Import Request.
  Time since last request: 0.000285 seconds.
  path: Assets/script/TriggeredGameFlow.cs
  artifactKey: Guid(973cdb851e5bd5b41a82d9242ea075b0) Importer(2089858483,192608db42251d675da83286b1cce702)
Start importing Assets/script/TriggeredGameFlow.cs using Guid(973cdb851e5bd5b41a82d9242ea075b0) Importer(2089858483,192608db42251d675da83286b1cce702) (ScriptedImporter) -> (artifact id: '405e917fb7ec44220420c8853afa86fd') in 0.0494441 seconds
Number of updated asset objects reloaded before import = 0Number of asset objects unloaded after import = 0

========================================================================
Received Import Request.
  Time since last request: 0.000039 seconds.
  path: Assets/psx-bong/source/Bong/BongRed.jpg
  artifactKey: Guid(15e3e035fac6a2a4e9d5cec833ff60f3) Importer(2089858483,192608db42251d675da83286b1cce702)
Start importing Assets/psx-bong/source/Bong/BongRed.jpg using Guid(15e3e035fac6a2a4e9d5cec833ff60f3) Importer(2089858483,192608db42251d675da83286b1cce702) (ScriptedImporter) -> (artifact id: '4637dd836f4f8576329a21775b7a739d') in 0.0585846 seconds
Number of updated asset objects reloaded before import = 0Number of asset objects unloaded after import = 1

========================================================================
Received Import Request.
  Time since last request: 0.000056 seconds.
  path: Assets/apartment/apartment_rud_Metallic.png
  artifactKey: Guid(34b2c0b148d3360429a606207d1fb885) Importer(2089858483,192608db42251d675da83286b1cce702)
Start importing Assets/apartment/apartment_rud_Metallic.png using Guid(34b2c0b148d3360429a606207d1fb885) Importer(2089858483,192608db42251d675da83286b1cce702) (ScriptedImporter) -> (artifact id: '16179ed6f71cb7a52b3f8f291c0ef482') in 0.0597608 seconds
Number of updated asset objects reloaded before import = 0Number of asset objects unloaded after import = 1

========================================================================
Received Import Request.
  Time since last request: 0.000039 seconds.
  path: Assets/Super Retro Compact Pack/Materials/FunCar_Muscle_Red.mat
  artifactKey: Guid(dd5c248e806ba7f4f83f36bb8cd484af) Importer(2089858483,192608db42251d675da83286b1cce702)
Start importing Assets/Super Retro Compact Pack/Materials/FunCar_Muscle_Red.mat using Guid(dd5c248e806ba7f4f83f36bb8cd484af) Importer(2089858483,192608db42251d675da83286b1cce702) (ScriptedImporter) -> (artifact id: '7bde8f11b4cc190365910f1dbcff5082') in 0.0873339 seconds
Number of updated asset objects reloaded before import = 0Number of asset objects unloaded after import = 2

========================================================================
Received Import Request.
  Time since last request: 0.000039 seconds.
  path: Assets/Zombie/Animation/zombie@death2.fbx
  artifactKey: Guid(0b3f699d392be524b9cda84276bf2c99) Importer(2089858483,192608db42251d675da83286b1cce702)
Start importing Assets/Zombie/Animation/zombie@death2.fbx using Guid(0b3f699d392be524b9cda84276bf2c99) Importer(2089858483,192608db42251d675da83286b1cce702) (ScriptedImporter) -> (artifact id: '78d5c40441f863607bef5021623daa03') in 0.1691186 seconds
Number of updated asset objects reloaded before import = 0Number of asset objects unloaded after import = 355

========================================================================
Received Import Request.
  Time since last request: 0.000047 seconds.
  path: Assets/Super Retro Compact Pack/Materials/FunCar_Taxi_01.mat
  artifactKey: Guid(c7ca7112c22ed394dbc4dc6910d4fd1c) Importer(2089858483,192608db42251d675da83286b1cce702)
Start importing Assets/Super Retro Compact Pack/Materials/FunCar_Taxi_01.mat using Guid(c7ca7112c22ed394dbc4dc6910d4fd1c) Importer(2089858483,192608db42251d675da83286b1cce702) (ScriptedImporter) -> (artifact id: '27fe85dbee41e9f22e24801dd9cd9cb9') in 0.0732201 seconds
Number of updated asset objects reloaded before import = 0Number of asset objects unloaded after import = 2

========================================================================
Received Import Request.
  Time since last request: 0.000042 seconds.
  path: Assets/cerveza-cristal-psx/textures
  artifactKey: Guid(25aeb47446b12eb4397b1204c748432f) Importer(2089858483,192608db42251d675da83286b1cce702)
Start importing Assets/cerveza-cristal-psx/textures using Guid(25aeb47446b12eb4397b1204c748432f) Importer(2089858483,192608db42251d675da83286b1cce702) (ScriptedImporter) -> (artifact id: '84bc123c7dba71150b1fa09ac0157fbd') in 0.0289568 seconds
Number of updated asset objects reloaded before import = 0Number of asset objects unloaded after import = 1

========================================================================
Received Import Request.
  Time since last request: 0.000046 seconds.
  path: Assets/Super Retro Compact Pack/Prefabs/CompactCar_Blue.prefab
  artifactKey: Guid(24075fd542ead56449bccfc9219b69ec) Importer(2089858483,192608db42251d675da83286b1cce702)
Start importing Assets/Super Retro Compact Pack/Prefabs/CompactCar_Blue.prefab using Guid(24075fd542ead56449bccfc9219b69ec) Importer(2089858483,192608db42251d675da83286b1cce702) (ScriptedImporter) -> (artifact id: '183de6d46a47beec0812604ce2a57b8b') in 0.090226 seconds
Number of updated asset objects reloaded before import = 0Number of asset objects unloaded after import = 34

========================================================================
Received Import Request.
  Time since last request: 0.000057 seconds.
  path: Assets/Super Retro Compact Pack/Prefabs/CompactCar_Muscle_Orange.prefab
  artifactKey: Guid(9b95fce458fc2c044890430885a32d8f) Importer(2089858483,192608db42251d675da83286b1cce702)
Start importing Assets/Super Retro Compact Pack/Prefabs/CompactCar_Muscle_Orange.prefab using Guid(9b95fce458fc2c044890430885a32d8f) Importer(2089858483,192608db42251d675da83286b1cce702) (ScriptedImporter) -> (artifact id: '6aa5e00ee1ec689ebd58d0c0cda3a305') in 0.0855356 seconds
Number of updated asset objects reloaded before import = 0Number of asset objects unloaded after import = 40

========================================================================
Received Import Request.
  Time since last request: 0.000049 seconds.
  path: Assets/pause.wav
  artifactKey: Guid(7bc2325ceed54944ebafb8b194b3139a) Importer(2089858483,192608db42251d675da83286b1cce702)
Start importing Assets/pause.wav using Guid(7bc2325ceed54944ebafb8b194b3139a) Importer(2089858483,192608db42251d675da83286b1cce702) (ScriptedImporter) -> (artifact id: '3dee73968598cb9eca4e80202ec5589f') in 0.0956285 seconds
Number of updated asset objects reloaded before import = 0Number of asset objects unloaded after import = 1

========================================================================
Received Import Request.
  Time since last request: 0.000101 seconds.
  path: Assets/Super Retro Compact Pack/Textures/CompactCar_Texture_Neon.png
  artifactKey: Guid(e1a29ab7f4ea6af408cc6639f7330c08) Importer(2089858483,192608db42251d675da83286b1cce702)
Start importing Assets/Super Retro Compact Pack/Textures/CompactCar_Texture_Neon.png using Guid(e1a29ab7f4ea6af408cc6639f7330c08) Importer(2089858483,192608db42251d675da83286b1cce702) (ScriptedImporter) -> (artifact id: '82cf18be5a020b0560ea2de392f553c7') in 0.0628539 seconds
Number of updated asset objects reloaded before import = 0Number of asset objects unloaded after import = 1

========================================================================
Received Import Request.
  Time since last request: 0.000038 seconds.
  path: Assets/Super Retro Compact Pack/Highway Set/Models/Skydome.fbx
  artifactKey: Guid(fb910e1c5078454408bfd32ba375fc3e) Importer(815301076,1909f56bfc062723c751e8b465ee728b)
Start importing Assets/Super Retro Compact Pack/Highway Set/Models/Skydome.fbx using Guid(fb910e1c5078454408bfd32ba375fc3e) Importer(815301076,1909f56bfc062723c751e8b465ee728b) (PreviewImporter) -> (artifact id: '1eba5371c7f0e9641b1bc87cfce3cb6e') in 0.2837706 seconds
Number of updated asset objects reloaded before import = 0Number of asset objects unloaded after import = 16

========================================================================
Received Import Request.
  Time since last request: 0.000030 seconds.
  path: Assets/apartment/Materials/apartment-rug.mat
  artifactKey: Guid(22436d745601f5a4b8ae401042f8fb31) Importer(2089858483,192608db42251d675da83286b1cce702)
Start importing Assets/apartment/Materials/apartment-rug.mat using Guid(22436d745601f5a4b8ae401042f8fb31) Importer(2089858483,192608db42251d675da83286b1cce702) (ScriptedImporter) -> (artifact id: 'fbfa5dabd907087eee466c05ce533cb7') in 0.1462182 seconds
Number of updated asset objects reloaded before import = 0Number of asset objects unloaded after import = 5

========================================================================
Received Import Request.
  Time since last request: 0.000046 seconds.
  path: Assets/script/PauseManager.cs
  artifactKey: Guid(e67c61ccb8e8b8a47bb3e593ef075fc0) Importer(2089858483,192608db42251d675da83286b1cce702)
Start importing Assets/script/PauseManager.cs using Guid(e67c61ccb8e8b8a47bb3e593ef075fc0) Importer(2089858483,192608db42251d675da83286b1cce702) (ScriptedImporter) -> (artifact id: '6c87b0de2e333fff3da3a63b55c6fee3') in 0.0279027 seconds
Number of updated asset objects reloaded before import = 0Number of asset objects unloaded after import = 0

========================================================================
Received Import Request.
  Time since last request: 0.000110 seconds.
  path: Assets/apartment/apartment_rug_Roughness.png
  artifactKey: Guid(f15c4be206d96f94e8a16f19a29df48d) Importer(2089858483,192608db42251d675da83286b1cce702)
Start importing Assets/apartment/apartment_rug_Roughness.png using Guid(f15c4be206d96f94e8a16f19a29df48d) Importer(2089858483,192608db42251d675da83286b1cce702) (ScriptedImporter) -> (artifact id: 'd87f59b7012e60ecaba4f4e05fc21e7d') in 0.0415953 seconds
Number of updated asset objects reloaded before import = 0Number of asset objects unloaded after import = 1

========================================================================
Received Import Request.
  Time since last request: 0.000134 seconds.
  path: Assets/titlescreen.png
  artifactKey: Guid(0f7baf1b5c6467c498d406bd2b7e91b8) Importer(2089858483,192608db42251d675da83286b1cce702)
Start importing Assets/titlescreen.png using Guid(0f7baf1b5c6467c498d406bd2b7e91b8) Importer(2089858483,192608db42251d675da83286b1cce702) (ScriptedImporter) -> (artifact id: '56c98264073d48109656d8eb8e11cb3c') in 0.0417514 seconds
Number of updated asset objects reloaded before import = 0Number of asset objects unloaded after import = 1

========================================================================
Received Import Request.
  Time since last request: 0.000262 seconds.
  path: Assets/apartment/apartment_chair_Roughness.png
  artifactKey: Guid(ddec04f3fa9a0b942b5f28aecbc8bda4) Importer(2089858483,192608db42251d675da83286b1cce702)
Start importing Assets/apartment/apartment_chair_Roughness.png using Guid(ddec04f3fa9a0b942b5f28aecbc8bda4) Importer(2089858483,192608db42251d675da83286b1cce702) (ScriptedImporter) -> (artifact id: '0c4d7b22631ad0ae10036cc42c0710c4') in 0.0606369 seconds
Number of updated asset objects reloaded before import = 0Number of asset objects unloaded after import = 1

========================================================================
Received Import Request.
  Time since last request: 0.000047 seconds.
  path: Assets/Super Retro Compact Pack/Highway Set/Models/Pylon.fbx
  artifactKey: Guid(2338ebbe76b97bb41ae8bf3b27baf6ea) Importer(2089858483,192608db42251d675da83286b1cce702)
Start importing Assets/Super Retro Compact Pack/Highway Set/Models/Pylon.fbx using Guid(2338ebbe76b97bb41ae8bf3b27baf6ea) Importer(2089858483,192608db42251d675da83286b1cce702) (ScriptedImporter) -> (artifact id: '07525612969f5d3cdb2aa194b1075cb0') in 0.0794854 seconds
Number of updated asset objects reloaded before import = 0Number of asset objects unloaded after import = 8

========================================================================
Received Import Request.
  Time since last request: 0.000244 seconds.
  path: Assets/apartment/apartment_tv table_BaseColor.png
  artifactKey: Guid(b62e8257777299d4487df8538f2416a7) Importer(2089858483,192608db42251d675da83286b1cce702)
Start importing Assets/apartment/apartment_tv table_BaseColor.png using Guid(b62e8257777299d4487df8538f2416a7) Importer(2089858483,192608db42251d675da83286b1cce702) (ScriptedImporter) -> (artifact id: 'd5066bc899dca31148652def66dde480') in 0.0586914 seconds
Number of updated asset objects reloaded before import = 0Number of asset objects unloaded after import = 1

========================================================================
Received Import Request.
  Time since last request: 0.000237 seconds.
  path: Assets/chinese-take-out-boxes/textures/food3.png
  artifactKey: Guid(f41fccf18788eb24ab098bbca8c64f60) Importer(2089858483,192608db42251d675da83286b1cce702)
Start importing Assets/chinese-take-out-boxes/textures/food3.png using Guid(f41fccf18788eb24ab098bbca8c64f60) Importer(2089858483,192608db42251d675da83286b1cce702) (ScriptedImporter) -> (artifact id: '04ad90eaa604d854d3d717b888d45129') in 0.0614183 seconds
Number of updated asset objects reloaded before import = 0Number of asset objects unloaded after import = 1

========================================================================
Received Import Request.
  Time since last request: 0.000029 seconds.
  path: Assets/white noise.mp3
  artifactKey: Guid(cdf4784561b659f4fa514aadc208efac) Importer(2089858483,192608db42251d675da83286b1cce702)
Start importing Assets/white noise.mp3 using Guid(cdf4784561b659f4fa514aadc208efac) Importer(2089858483,192608db42251d675da83286b1cce702) (ScriptedImporter) -> (artifact id: '42634320c6426239601dbd004b31e28a') in 0.0584206 seconds
Number of updated asset objects reloaded before import = 0Number of asset objects unloaded after import = 1

========================================================================
Received Import Request.
  Time since last request: 0.000071 seconds.
  path: Assets/apartment/apartment_wall_Normal.png
  artifactKey: Guid(dc822bedf5cc3b141ba637c814bc462f) Importer(2089858483,192608db42251d675da83286b1cce702)
Start importing Assets/apartment/apartment_wall_Normal.png using Guid(dc822bedf5cc3b141ba637c814bc462f) Importer(2089858483,192608db42251d675da83286b1cce702) (ScriptedImporter) -> (artifact id: '38228adbe917d3737db80097970a8126') in 0.0705558 seconds
Number of updated asset objects reloaded before import = 0Number of asset objects unloaded after import = 1

========================================================================
Received Import Request.
  Time since last request: 0.000028 seconds.
  path: Assets/PSX City/PSX City/Textures/Building6.png
  artifactKey: Guid(1a05a54f26f6ebb419370ffbcec69160) Importer(2089858483,192608db42251d675da83286b1cce702)
Start importing Assets/PSX City/PSX City/Textures/Building6.png using Guid(1a05a54f26f6ebb419370ffbcec69160) Importer(2089858483,192608db42251d675da83286b1cce702) (ScriptedImporter) -> (artifact id: '3b923240ca5cdcdde9d8f1ea90cb7f01') in 0.0562323 seconds
Number of updated asset objects reloaded before import = 0Number of asset objects unloaded after import = 1

========================================================================
Received Import Request.
  Time since last request: 0.000244 seconds.
  path: Assets/PSX City/PSX City/Textures/Light.png
  artifactKey: Guid(e333debd8d526034da5735f3a7213688) Importer(2089858483,192608db42251d675da83286b1cce702)
Start importing Assets/PSX City/PSX City/Textures/Light.png using Guid(e333debd8d526034da5735f3a7213688) Importer(2089858483,192608db42251d675da83286b1cce702) (ScriptedImporter) -> (artifact id: '3e7f2818b6ad4454445d8ae14736a34a') in 0.0582273 seconds
Number of updated asset objects reloaded before import = 0Number of asset objects unloaded after import = 1

========================================================================
Received Import Request.
  Time since last request: 0.000028 seconds.
  path: Assets/Materials/korn.mat
  artifactKey: Guid(2ed673f277630f146a3cf9e1712d64ff) Importer(2089858483,192608db42251d675da83286b1cce702)
Start importing Assets/Materials/korn.mat using Guid(2ed673f277630f146a3cf9e1712d64ff) Importer(2089858483,192608db42251d675da83286b1cce702) (ScriptedImporter) -> (artifact id: 'fcba87e9186d6514ae6247a2a2ffd44a') in 0.0438801 seconds
Number of updated asset objects reloaded before import = 0Number of asset objects unloaded after import = 2

========================================================================
Received Import Request.
  Time since last request: 0.000027 seconds.
  path: Assets/apartment/apartment_curtain_Metallic.png
  artifactKey: Guid(2ad2361b07ac044468060f9f6abb7a5a) Importer(2089858483,192608db42251d675da83286b1cce702)
Start importing Assets/apartment/apartment_curtain_Metallic.png using Guid(2ad2361b07ac044468060f9f6abb7a5a) Importer(2089858483,192608db42251d675da83286b1cce702) (ScriptedImporter) -> (artifact id: '2eb4ec173201f4ac999d43beee52680e') in 0.057975 seconds
Number of updated asset objects reloaded before import = 0Number of asset objects unloaded after import = 1

========================================================================
Received Import Request.
  Time since last request: 0.000187 seconds.
  path: Assets/apartment/apartment_rug_Normal.png
  artifactKey: Guid(c8b103ec907c2814dbe9935bd3c0f13e) Importer(2089858483,192608db42251d675da83286b1cce702)
Start importing Assets/apartment/apartment_rug_Normal.png using Guid(c8b103ec907c2814dbe9935bd3c0f13e) Importer(2089858483,192608db42251d675da83286b1cce702) (ScriptedImporter) -> (artifact id: 'ac549a4ce6c3477e0eb39a05954bd119') in 0.0437489 seconds
Number of updated asset objects reloaded before import = 0Number of asset objects unloaded after import = 1

========================================================================
Received Import Request.
  Time since last request: 0.000179 seconds.
  path: Assets/apartment/apartment_floor_Height.png
  artifactKey: Guid(307278d88730ced4fa84f30f49515a04) Importer(2089858483,192608db42251d675da83286b1cce702)
Start importing Assets/apartment/apartment_floor_Height.png using Guid(307278d88730ced4fa84f30f49515a04) Importer(2089858483,192608db42251d675da83286b1cce702) (ScriptedImporter) -> (artifact id: '24a50852343168a310dd72bd3f9f6687') in 0.062728 seconds
Number of updated asset objects reloaded before import = 0Number of asset objects unloaded after import = 1

========================================================================
Received Import Request.
  Time since last request: 0.000125 seconds.
  path: Assets/Super Retro Compact Pack/Prefabs/CompactCar_Pink.prefab
  artifactKey: Guid(29c487e88858e1548ac01bcf722c297b) Importer(2089858483,192608db42251d675da83286b1cce702)
Start importing Assets/Super Retro Compact Pack/Prefabs/CompactCar_Pink.prefab using Guid(29c487e88858e1548ac01bcf722c297b) Importer(2089858483,192608db42251d675da83286b1cce702) (ScriptedImporter) -> (artifact id: '7e39f54aad82e7b3c1bbccbf9510459c') in 0.0800883 seconds
Number of updated asset objects reloaded before import = 0Number of asset objects unloaded after import = 34

========================================================================
Received Import Request.
  Time since last request: 0.000039 seconds.
  path: Assets/fire-png-692.png
  artifactKey: Guid(c99043e0c3f02f8449e5d3493fe4a638) Importer(2089858483,192608db42251d675da83286b1cce702)
Start importing Assets/fire-png-692.png using Guid(c99043e0c3f02f8449e5d3493fe4a638) Importer(2089858483,192608db42251d675da83286b1cce702) (ScriptedImporter) -> (artifact id: '6ca7162eee32fd832830e5c8248b7a42') in 0.0795349 seconds
Number of updated asset objects reloaded before import = 0Number of asset objects unloaded after import = 3

========================================================================
Received Import Request.
  Time since last request: 0.000033 seconds.
  path: Assets/chinese-take-out-boxes/Materials/box1.mat
  artifactKey: Guid(215048476f1a3444490aef6fa062c71d) Importer(2089858483,192608db42251d675da83286b1cce702)
Start importing Assets/chinese-take-out-boxes/Materials/box1.mat using Guid(215048476f1a3444490aef6fa062c71d) Importer(2089858483,192608db42251d675da83286b1cce702) (ScriptedImporter) -> (artifact id: '166988784074a9575f81907d53ec9bcf') in 0.0684477 seconds
Number of updated asset objects reloaded before import = 0Number of asset objects unloaded after import = 2

========================================================================
Received Import Request.
  Time since last request: 0.000048 seconds.
  path: Assets/PSX City/PSX City/Textures/Building4.png
  artifactKey: Guid(9cc9bec1dd07f3b40a4920cc2f29a46e) Importer(2089858483,192608db42251d675da83286b1cce702)
Start importing Assets/PSX City/PSX City/Textures/Building4.png using Guid(9cc9bec1dd07f3b40a4920cc2f29a46e) Importer(2089858483,192608db42251d675da83286b1cce702) (ScriptedImporter) -> (artifact id: '03944dc90d3edea762e57c3060bc0a27') in 0.0622207 seconds
Number of updated asset objects reloaded before import = 0Number of asset objects unloaded after import = 1

========================================================================
Received Import Request.
  Time since last request: 0.000089 seconds.
  path: Assets/apartment/apartment_table_Height.png
  artifactKey: Guid(8feb0d0ace082534ea9cc4f7401ae3c1) Importer(2089858483,192608db42251d675da83286b1cce702)
Start importing Assets/apartment/apartment_table_Height.png using Guid(8feb0d0ace082534ea9cc4f7401ae3c1) Importer(2089858483,192608db42251d675da83286b1cce702) (ScriptedImporter) -> (artifact id: 'dec345eca03d5c19ff3401a1ea8fd2bc') in 0.0756935 seconds
Number of updated asset objects reloaded before import = 0Number of asset objects unloaded after import = 1

========================================================================
Received Import Request.
  Time since last request: 0.000222 seconds.
  path: Assets/Super Retro Compact Pack/Materials/FunCar_Blue.mat
  artifactKey: Guid(b133bc66540140547a1c27a0915df99b) Importer(2089858483,192608db42251d675da83286b1cce702)
Start importing Assets/Super Retro Compact Pack/Materials/FunCar_Blue.mat using Guid(b133bc66540140547a1c27a0915df99b) Importer(2089858483,192608db42251d675da83286b1cce702) (ScriptedImporter) -> (artifact id: '26f7b433895698652ea6629df90ec8ed') in 0.060787 seconds
Number of updated asset objects reloaded before import = 0Number of asset objects unloaded after import = 2

========================================================================
Received Import Request.
  Time since last request: 0.000062 seconds.
  path: Assets/apartment/apartment.fbx
  artifactKey: Guid(871fa7b45f78f5e49afac779c80344ad) Importer(2089858483,192608db42251d675da83286b1cce702)
Start importing Assets/apartment/apartment.fbx using Guid(871fa7b45f78f5e49afac779c80344ad) Importer(2089858483,192608db42251d675da83286b1cce702) (ScriptedImporter) -> (artifact id: '948241ae2cf8d856344077f669af4a9a') in 0.1088608 seconds
Number of updated asset objects reloaded before import = 0Number of asset objects unloaded after import = 104

========================================================================
Received Import Request.
  Time since last request: 0.000046 seconds.
  path: Assets/Super Retro Compact Pack/Highway Set/Models/Road_Shoulder_01.fbx
  artifactKey: Guid(78dfd16155cce33439ed6ad79cccb910) Importer(815301076,1909f56bfc062723c751e8b465ee728b)
Start importing Assets/Super Retro Compact Pack/Highway Set/Models/Road_Shoulder_01.fbx using Guid(78dfd16155cce33439ed6ad79cccb910) Importer(815301076,1909f56bfc062723c751e8b465ee728b) (PreviewImporter) -> (artifact id: '4d0cf7772a117fcab8761b26bd261b1d') in 0.0540546 seconds
Number of updated asset objects reloaded before import = 0Number of asset objects unloaded after import = 8

========================================================================
Received Import Request.
  Time since last request: 0.000032 seconds.
  path: Assets/Dancing Twerk.fbx
  artifactKey: Guid(d0b415c05177f0d408116ae7161b7dac) Importer(2089858483,192608db42251d675da83286b1cce702)
Start importing Assets/Dancing Twerk.fbx using Guid(d0b415c05177f0d408116ae7161b7dac) Importer(2089858483,192608db42251d675da83286b1cce702) (ScriptedImporter) -> (artifact id: '8810126ffd8007ba4179d1706978d66e') in 0.0729716 seconds
Number of updated asset objects reloaded before import = 0Number of asset objects unloaded after import = 150

========================================================================
Received Import Request.
  Time since last request: 0.000037 seconds.
  path: Assets/cerveza-cristal-psx/source/Cerveza Cristal.fbx
  artifactKey: Guid(58954c5c5bc8f9e4ebfa8e34a94d18ae) Importer(815301076,1909f56bfc062723c751e8b465ee728b)
Start importing Assets/cerveza-cristal-psx/source/Cerveza Cristal.fbx using Guid(58954c5c5bc8f9e4ebfa8e34a94d18ae) Importer(815301076,1909f56bfc062723c751e8b465ee728b) (PreviewImporter) -> (artifact id: 'd8458c09f86c1a39531a45a358fb1fe3') in 0.078064 seconds
Number of updated asset objects reloaded before import = 0Number of asset objects unloaded after import = 9

========================================================================
Received Import Request.
  Time since last request: 0.000041 seconds.
  path: Assets/unpause.wav
  artifactKey: Guid(391007099e172af4e8639daff33c8348) Importer(2089858483,192608db42251d675da83286b1cce702)
Start importing Assets/unpause.wav using Guid(391007099e172af4e8639daff33c8348) Importer(2089858483,192608db42251d675da83286b1cce702) (ScriptedImporter) -> (artifact id: '0481c77e57fc10159f918e29538e3168') in 0.0816782 seconds
Number of updated asset objects reloaded before import = 0Number of asset objects unloaded after import = 1

========================================================================
Received Import Request.
  Time since last request: 0.000271 seconds.
  path: Assets/Super Retro Compact Pack/Prefabs/CompactCar_Orange.prefab
  artifactKey: Guid(bd149a05945aa5a47838bffd087d8205) Importer(815301076,1909f56bfc062723c751e8b465ee728b)
Start importing Assets/Super Retro Compact Pack/Prefabs/CompactCar_Orange.prefab using Guid(bd149a05945aa5a47838bffd087d8205) Importer(815301076,1909f56bfc062723c751e8b465ee728b) (PreviewImporter) -> (artifact id: 'f4ece778c078e04603b4c43c01e6a27a') in 0.0604338 seconds
Number of updated asset objects reloaded before import = 0Number of asset objects unloaded after import = 37

========================================================================
Received Import Request.
  Time since last request: 0.000036 seconds.
  path: Assets/apartment/apartment.fbx
  artifactKey: Guid(871fa7b45f78f5e49afac779c80344ad) Importer(815301076,1909f56bfc062723c751e8b465ee728b)
Start importing Assets/apartment/apartment.fbx using Guid(871fa7b45f78f5e49afac779c80344ad) Importer(815301076,1909f56bfc062723c751e8b465ee728b) (PreviewImporter) -> (artifact id: '19c6a4a77278489022ab2c53ac495001') in 3.3619963 seconds
Number of updated asset objects reloaded before import = 0Number of asset objects unloaded after import = 197

========================================================================
Received Import Request.
  Time since last request: 0.000043 seconds.
  path: Assets/Super Retro Compact Pack/Highway Set/Prefabs/Gate_01.prefab
  artifactKey: Guid(ef49aca8bf976534e88ad608c0718acf) Importer(2089858483,192608db42251d675da83286b1cce702)
Start importing Assets/Super Retro Compact Pack/Highway Set/Prefabs/Gate_01.prefab using Guid(ef49aca8bf976534e88ad608c0718acf) Importer(2089858483,192608db42251d675da83286b1cce702) (ScriptedImporter) -> (artifact id: 'ed4b556c528cf2efed67ed700dd72432') in 0.0897478 seconds
Number of updated asset objects reloaded before import = 0Number of asset objects unloaded after import = 22

========================================================================
Received Import Request.
  Time since last request: 0.000053 seconds.
  path: Assets/apartment/apartment_cabinet_BaseColor.png
  artifactKey: Guid(ee2bb8d4c08a5c44299f54c44283fa7d) Importer(2089858483,192608db42251d675da83286b1cce702)
Start importing Assets/apartment/apartment_cabinet_BaseColor.png using Guid(ee2bb8d4c08a5c44299f54c44283fa7d) Importer(2089858483,192608db42251d675da83286b1cce702) (ScriptedImporter) -> (artifact id: '43d190def6286b5966c6a5298c36af1e') in 0.0382215 seconds
Number of updated asset objects reloaded before import = 0Number of asset objects unloaded after import = 1

========================================================================
Received Import Request.
  Time since last request: 0.000207 seconds.
  path: Assets/PSX City
  artifactKey: Guid(201ba5204ee19ae4d97271ef0acdfe24) Importer(2089858483,192608db42251d675da83286b1cce702)
Start importing Assets/PSX City using Guid(201ba5204ee19ae4d97271ef0acdfe24) Importer(2089858483,192608db42251d675da83286b1cce702) (ScriptedImporter) -> (artifact id: '96f615db1dabdc21b1bd63161d84f816') in 0.0276868 seconds
Number of updated asset objects reloaded before import = 0Number of asset objects unloaded after import = 1

========================================================================
Received Import Request.
  Time since last request: 0.000146 seconds.
  path: Assets/Zombie/Animation/Materials/phong1.mat
  artifactKey: Guid(95035d60f8693884da838a35079aff2b) Importer(2089858483,192608db42251d675da83286b1cce702)
Start importing Assets/Zombie/Animation/Materials/phong1.mat using Guid(95035d60f8693884da838a35079aff2b) Importer(2089858483,192608db42251d675da83286b1cce702) (ScriptedImporter) -> (artifact id: 'fea7e40ccc2c599198cab9e73d2d1e77') in 0.0317698 seconds
Number of updated asset objects reloaded before import = 0Number of asset objects unloaded after import = 1

========================================================================
Received Import Request.
  Time since last request: 0.000039 seconds.
  path: Assets/apartment/Materials/trash.mat
  artifactKey: Guid(c7b49c9aab25f8d4c876a00ecced131f) Importer(2089858483,192608db42251d675da83286b1cce702)
Start importing Assets/apartment/Materials/trash.mat using Guid(c7b49c9aab25f8d4c876a00ecced131f) Importer(2089858483,192608db42251d675da83286b1cce702) (ScriptedImporter) -> (artifact id: '8a5e593e030c9b6bfea21a14fdb411fc') in 0.0486024 seconds
Number of updated asset objects reloaded before import = 0Number of asset objects unloaded after import = 1

========================================================================
Received Import Request.
  Time since last request: 0.000218 seconds.
  path: Assets/Super Retro Compact Pack/Highway Set/Models/Road_Shoulder_01.fbx
  artifactKey: Guid(78dfd16155cce33439ed6ad79cccb910) Importer(2089858483,192608db42251d675da83286b1cce702)
Start importing Assets/Super Retro Compact Pack/Highway Set/Models/Road_Shoulder_01.fbx using Guid(78dfd16155cce33439ed6ad79cccb910) Importer(2089858483,192608db42251d675da83286b1cce702) (ScriptedImporter) -> (artifact id: '89f3dbb51a06b054b71c4efc95f6dffa') in 0.051932 seconds
Number of updated asset objects reloaded before import = 0Number of asset objects unloaded after import = 8

========================================================================
Received Import Request.
  Time since last request: 0.000049 seconds.
  path: Assets/chinese-take-out-boxes/source/food.fbx
  artifactKey: Guid(56c9e9ff4cee954448879f4a3d0ccfd0) Importer(2089858483,192608db42251d675da83286b1cce702)
Start importing Assets/chinese-take-out-boxes/source/food.fbx using Guid(56c9e9ff4cee954448879f4a3d0ccfd0) Importer(2089858483,192608db42251d675da83286b1cce702) (ScriptedImporter) -> (artifact id: '57466d09d0f1af0ebea89e4697c8bb87') in 0.0805031 seconds
Number of updated asset objects reloaded before import = 0Number of asset objects unloaded after import = 43

========================================================================
Received Import Request.
  Time since last request: 0.000058 seconds.
  path: Assets/Super Retro Compact Pack/Highway Set/Models/Road_Middle_01.fbx
  artifactKey: Guid(ea924ee5b71e03042b5e20ab5df971e0) Importer(2089858483,192608db42251d675da83286b1cce702)
Start importing Assets/Super Retro Compact Pack/Highway Set/Models/Road_Middle_01.fbx using Guid(ea924ee5b71e03042b5e20ab5df971e0) Importer(2089858483,192608db42251d675da83286b1cce702) (ScriptedImporter) -> (artifact id: 'f37a981cf27e6815c6b0651e3b38cd63') in 0.0480157 seconds
Number of updated asset objects reloaded before import = 0Number of asset objects unloaded after import = 8

========================================================================
Received Import Request.
  Time since last request: 0.000043 seconds.
  path: Assets/apartment/apartment_chair_BaseColor.png
  artifactKey: Guid(ade07f1fa239b6440aad6b4a304bff11) Importer(2089858483,192608db42251d675da83286b1cce702)
Start importing Assets/apartment/apartment_chair_BaseColor.png using Guid(ade07f1fa239b6440aad6b4a304bff11) Importer(2089858483,192608db42251d675da83286b1cce702) (ScriptedImporter) -> (artifact id: '1de4c0c86e0d57ec8a4f1ff76f550e4b') in 0.0558191 seconds
Number of updated asset objects reloaded before import = 0Number of asset objects unloaded after import = 1

========================================================================
Received Import Request.
  Time since last request: 0.000042 seconds.
  path: Assets/apartment/apartment_window frame_Roughness.png
  artifactKey: Guid(5d9b97a7f81116a4ab7cec4b8e3b239f) Importer(2089858483,192608db42251d675da83286b1cce702)
Start importing Assets/apartment/apartment_window frame_Roughness.png using Guid(5d9b97a7f81116a4ab7cec4b8e3b239f) Importer(2089858483,192608db42251d675da83286b1cce702) (ScriptedImporter) -> (artifact id: '5b6f99beb2569133194da527ca8cd6da') in 0.0442174 seconds
Number of updated asset objects reloaded before import = 0Number of asset objects unloaded after import = 1

========================================================================
Received Import Request.
  Time since last request: 0.000084 seconds.
  path: Assets/Super Retro Compact Pack/Prefabs/CompactCar_Green.prefab
  artifactKey: Guid(5bcf42d65da7f114ab0a01d1eefd99ee) Importer(815301076,1909f56bfc062723c751e8b465ee728b)
Start importing Assets/Super Retro Compact Pack/Prefabs/CompactCar_Green.prefab using Guid(5bcf42d65da7f114ab0a01d1eefd99ee) Importer(815301076,1909f56bfc062723c751e8b465ee728b) (PreviewImporter) -> (artifact id: '3e6bf678966ee123a24d44c8363442f8') in 0.0406421 seconds
Number of updated asset objects reloaded before import = 0Number of asset objects unloaded after import = 37

========================================================================
Received Import Request.
  Time since last request: 0.000104 seconds.
  path: Assets/trash-can-02/textures
  artifactKey: Guid(9d1b38746345e0b46951a3a25ce69009) Importer(2089858483,192608db42251d675da83286b1cce702)
Start importing Assets/trash-can-02/textures using Guid(9d1b38746345e0b46951a3a25ce69009) Importer(2089858483,192608db42251d675da83286b1cce702) (ScriptedImporter) -> (artifact id: '39b09638399e9adc637ea407308d21a0') in 0.0327048 seconds
Number of updated asset objects reloaded before import = 0Number of asset objects unloaded after import = 1

========================================================================
Received Import Request.
  Time since last request: 0.000226 seconds.
  path: Assets/Zombie/Animation/Materials/lambert2.mat
  artifactKey: Guid(6b8153c3563311844bab0983aeaac5d1) Importer(2089858483,192608db42251d675da83286b1cce702)
Start importing Assets/Zombie/Animation/Materials/lambert2.mat using Guid(6b8153c3563311844bab0983aeaac5d1) Importer(2089858483,192608db42251d675da83286b1cce702) (ScriptedImporter) -> (artifact id: 'ce6aed4903f87a45d2710d5646a1f668') in 0.035484 seconds
Number of updated asset objects reloaded before import = 0Number of asset objects unloaded after import = 1

========================================================================
Received Import Request.
  Time since last request: 0.000137 seconds.
  path: Assets/VideoRt.renderTexture
  artifactKey: Guid(22e65ec70b135634c847e327837e3ce6) Importer(2089858483,192608db42251d675da83286b1cce702)
Start importing Assets/VideoRt.renderTexture using Guid(22e65ec70b135634c847e327837e3ce6) Importer(2089858483,192608db42251d675da83286b1cce702) (ScriptedImporter) -> (artifact id: 'd0529e00c401811598e817c7cb648a91') in 0.0641784 seconds
Number of updated asset objects reloaded before import = 0Number of asset objects unloaded after import = 1

========================================================================
Received Import Request.
  Time since last request: 0.000194 seconds.
  path: Assets/KriegFont-xqwj.otf
  artifactKey: Guid(0200b5dc976817d4cb984de0c96ae11a) Importer(2089858483,192608db42251d675da83286b1cce702)
Start importing Assets/KriegFont-xqwj.otf using Guid(0200b5dc976817d4cb984de0c96ae11a) Importer(2089858483,192608db42251d675da83286b1cce702) (ScriptedImporter) -> (artifact id: '0812bc2f811e5da25569de11c13e8600') in 0.048547 seconds
Number of updated asset objects reloaded before import = 0Number of asset objects unloaded after import = 3

========================================================================
Received Import Request.
  Time since last request: 0.000030 seconds.
  path: Assets/Super Retro Compact Pack/Highway Set/Models
  artifactKey: Guid(f4fe2851c637a56408b96e7f23d36d19) Importer(2089858483,192608db42251d675da83286b1cce702)
Start importing Assets/Super Retro Compact Pack/Highway Set/Models using Guid(f4fe2851c637a56408b96e7f23d36d19) Importer(2089858483,192608db42251d675da83286b1cce702) (ScriptedImporter) -> (artifact id: '91729deb89f06306698d9ccd77be184b') in 0.0276418 seconds
Number of updated asset objects reloaded before import = 0Number of asset objects unloaded after import = 1

========================================================================
Received Import Request.
  Time since last request: 0.000153 seconds.
  path: Assets/Super Retro Compact Pack/Highway Set/Prefabs/Barrier_02.prefab
  artifactKey: Guid(39b29c640ffe9d6449186f94ce049d88) Importer(815301076,1909f56bfc062723c751e8b465ee728b)
Start importing Assets/Super Retro Compact Pack/Highway Set/Prefabs/Barrier_02.prefab using Guid(39b29c640ffe9d6449186f94ce049d88) Importer(815301076,1909f56bfc062723c751e8b465ee728b) (PreviewImporter) -> (artifact id: '13cf9af05cd997adfa9f0d69b0f32b09') in 0.0388573 seconds
Number of updated asset objects reloaded before import = 0Number of asset objects unloaded after import = 10

========================================================================
Received Import Request.
  Time since last request: 0.000046 seconds.
  path: Assets/Super Retro Compact Pack/Highway Set/Materials/Road_Middle.mat
  artifactKey: Guid(974ecc42f6a8707459189e6588e8d0b4) Importer(2089858483,192608db42251d675da83286b1cce702)
Start importing Assets/Super Retro Compact Pack/Highway Set/Materials/Road_Middle.mat using Guid(974ecc42f6a8707459189e6588e8d0b4) Importer(2089858483,192608db42251d675da83286b1cce702) (ScriptedImporter) -> (artifact id: '67e4c499483a63fea508ff56561fde69') in 0.059651 seconds
Number of updated asset objects reloaded before import = 0Number of asset objects unloaded after import = 2

========================================================================
Received Import Request.
  Time since last request: 0.000055 seconds.
  path: Assets/jumpscare.wav
  artifactKey: Guid(68c6a334edb5f7b45b84f5529aff3033) Importer(2089858483,192608db42251d675da83286b1cce702)
Start importing Assets/jumpscare.wav using Guid(68c6a334edb5f7b45b84f5529aff3033) Importer(2089858483,192608db42251d675da83286b1cce702) (ScriptedImporter) -> (artifact id: 'ec2a7dff83f201a142b48c5ba2254b4e') in 0.1038345 seconds
Number of updated asset objects reloaded before import = 0Number of asset objects unloaded after import = 1

========================================================================
Received Prepare
Begin MonoManager ReloadAssembly
- Loaded All Assemblies, in  1.929 seconds
Refreshing native plugins compatible for Editor in 1.37 ms, found 3 plugins.
Native extension for WindowsStandalone target not found
[Package Manager] Failed to launch server process. Reason: Unity was launched with the -noUpm command-line argument
[Package Manager] Unable to send message (not connected to server process).
[Package Manager] Cannot connect to Unity Package Manager local server
Mono: successfully reloaded assembly
- Finished resetting the current domain, in  1.933 seconds
Domain Reload Profiling: 3846ms
	BeginReloadAssembly (628ms)
		ExecutionOrderSort (0ms)
		DisableScriptedObjects (24ms)
		BackupInstance (0ms)
		ReleaseScriptingObjects (0ms)
		CreateAndSetChildDomain (142ms)
	RebuildCommonClasses (101ms)
	RebuildNativeTypeToScriptingClass (42ms)
	initialDomainReloadingComplete (86ms)
	LoadAllAssembliesAndSetupDomain (1055ms)
		LoadAssemblies (909ms)
		RebuildTransferFunctionScriptingTraits (0ms)
		AnalyzeDomain (442ms)
			TypeCache.Refresh (10ms)
				TypeCache.ScanAssembly (0ms)
			BuildScriptInfoCaches (416ms)
			ResolveRequiredComponents (9ms)
	FinalizeReload (1934ms)
		ReleaseScriptCaches (0ms)
		RebuildScriptCaches (0ms)
		SetupLoadedEditorAssemblies (1645ms)
			LogAssemblyErrors (0ms)
			InitializePlatformSupportModulesInManaged (6ms)
			SetLoadedEditorAssemblies (8ms)
			BeforeProcessingInitializeOnLoad (390ms)
			ProcessInitializeOnLoadAttributes (1164ms)
			ProcessInitializeOnLoadMethodAttributes (57ms)
			AfterProcessingInitializeOnLoad (19ms)
			EditorAssembliesLoaded (0ms)
		ExecutionOrderSort2 (0ms)
		AwakeInstancesAfterBackupRestoration (12ms)
Refreshing native plugins compatible for Editor in 1.46 ms, found 3 plugins.
Preloading 0 native plugins for Editor in 0.00 ms.
Unloading 12 Unused Serialized files (Serialized files now loaded: 0)
Unloading 4080 unused Assets / (2.3 MB). Loaded Objects now: 4711.
Memory consumption went from 107.7 MB to 105.4 MB.
Total: 8.705500 ms (FindLiveObjects: 0.490900 ms CreateObjectMapping: 0.420600 ms MarkObjects: 6.322700 ms  DeleteObjects: 1.468900 ms)

Prepare: number of updated asset objects reloaded= 0
========================================================================
Received Prepare
Begin MonoManager ReloadAssembly
[Licensing::Client] Successfully resolved entitlement details
- Loaded All Assemblies, in  1.489 seconds
Refreshing native plugins compatible for Editor in 1.45 ms, found 3 plugins.
Native extension for WindowsStandalone target not found
[Package Manager] Failed to launch server process. Reason: Unity was launched with the -noUpm command-line argument
[Package Manager] Unable to send message (not connected to server process).
[Package Manager] Cannot connect to Unity Package Manager local server
Mono: successfully reloaded assembly
- Finished resetting the current domain, in  1.843 seconds
Domain Reload Profiling: 3332ms
	BeginReloadAssembly (417ms)
		ExecutionOrderSort (0ms)
		DisableScriptedObjects (12ms)
		BackupInstance (0ms)
		ReleaseScriptingObjects (0ms)
		CreateAndSetChildDomain (75ms)
	RebuildCommonClasses (71ms)
	RebuildNativeTypeToScriptingClass (32ms)
	initialDomainReloadingComplete (69ms)
	LoadAllAssembliesAndSetupDomain (899ms)
		LoadAssemblies (723ms)
		RebuildTransferFunctionScriptingTraits (0ms)
		AnalyzeDomain (388ms)
			TypeCache.Refresh (16ms)
				TypeCache.ScanAssembly (0ms)
			BuildScriptInfoCaches (344ms)
			ResolveRequiredComponents (17ms)
	FinalizeReload (1844ms)
		ReleaseScriptCaches (0ms)
		RebuildScriptCaches (0ms)
		SetupLoadedEditorAssemblies (1611ms)
			LogAssemblyErrors (0ms)
			InitializePlatformSupportModulesInManaged (3ms)
			SetLoadedEditorAssemblies (6ms)
			BeforeProcessingInitializeOnLoad (247ms)
			ProcessInitializeOnLoadAttributes (1263ms)
			ProcessInitializeOnLoadMethodAttributes (71ms)
			AfterProcessingInitializeOnLoad (21ms)
			EditorAssembliesLoaded (0ms)
		ExecutionOrderSort2 (0ms)
		AwakeInstancesAfterBackupRestoration (14ms)
Refreshing native plugins compatible for Editor in 2.45 ms, found 3 plugins.
Preloading 0 native plugins for Editor in 0.00 ms.
Unloading 12 Unused Serialized files (Serialized files now loaded: 0)
Unloading 4080 unused Assets / (2.8 MB). Loaded Objects now: 4712.
Memory consumption went from 107.7 MB to 104.9 MB.
Total: 14.551200 ms (FindLiveObjects: 0.854400 ms CreateObjectMapping: 0.689300 ms MarkObjects: 9.975400 ms  DeleteObjects: 3.030000 ms)

Prepare: number of updated asset objects reloaded= 0
========================================================================
Received Prepare
Default GameObject BitMask: UI already registered
Begin MonoManager ReloadAssembly
[Licensing::Client] Successfully resolved entitlement details
- Loaded All Assemblies, in  2.591 seconds
Refreshing native plugins compatible for Editor in 4.00 ms, found 3 plugins.
Native extension for WindowsStandalone target not found
[Package Manager] Failed to launch server process. Reason: Unity was launched with the -noUpm command-line argument
[Package Manager] Unable to send message (not connected to server process).
[Package Manager] Cannot connect to Unity Package Manager local server
Mono: successfully reloaded assembly
- Finished resetting the current domain, in  2.559 seconds
Domain Reload Profiling: 5142ms
	BeginReloadAssembly (1017ms)
		ExecutionOrderSort (0ms)
		DisableScriptedObjects (36ms)
		BackupInstance (0ms)
		ReleaseScriptingObjects (0ms)
		CreateAndSetChildDomain (234ms)
	RebuildCommonClasses (105ms)
	RebuildNativeTypeToScriptingClass (27ms)
	initialDomainReloadingComplete (83ms)
	LoadAllAssembliesAndSetupDomain (1351ms)
		LoadAssemblies (1416ms)
		RebuildTransferFunctionScriptingTraits (0ms)
		AnalyzeDomain (476ms)
			TypeCache.Refresh (21ms)
				TypeCache.ScanAssembly (2ms)
			BuildScriptInfoCaches (435ms)
			ResolveRequiredComponents (13ms)
	FinalizeReload (2560ms)
		ReleaseScriptCaches (0ms)
		RebuildScriptCaches (0ms)
		SetupLoadedEditorAssemblies (2186ms)
			LogAssemblyErrors (0ms)
			InitializePlatformSupportModulesInManaged (4ms)
			SetLoadedEditorAssemblies (12ms)
			BeforeProcessingInitializeOnLoad (398ms)
			ProcessInitializeOnLoadAttributes (1670ms)
			ProcessInitializeOnLoadMethodAttributes (83ms)
			AfterProcessingInitializeOnLoad (19ms)
			EditorAssembliesLoaded (0ms)
		ExecutionOrderSort2 (0ms)
		AwakeInstancesAfterBackupRestoration (24ms)
Refreshing native plugins compatible for Editor in 5.95 ms, found 3 plugins.
Preloading 0 native plugins for Editor in 0.00 ms.
Unloading 12 Unused Serialized files (Serialized files now loaded: 0)
Unloading 4080 unused Assets / (2.9 MB). Loaded Objects now: 4713.
Memory consumption went from 107.7 MB to 104.8 MB.
Total: 17.638700 ms (FindLiveObjects: 0.930200 ms CreateObjectMapping: 0.877700 ms MarkObjects: 12.395200 ms  DeleteObjects: 3.433100 ms)

Prepare: number of updated asset objects reloaded= 1
========================================================================
Received Prepare
Default GameObject BitMask: UI already registered
Begin MonoManager ReloadAssembly
- Loaded All Assemblies, in  1.846 seconds
Refreshing native plugins compatible for Editor in 2.67 ms, found 3 plugins.
Native extension for WindowsStandalone target not found
[Package Manager] Failed to launch server process. Reason: Unity was launched with the -noUpm command-line argument
[Package Manager] Unable to send message (not connected to server process).
[Package Manager] Cannot connect to Unity Package Manager local server
Mono: successfully reloaded assembly
- Finished resetting the current domain, in  2.506 seconds
Domain Reload Profiling: 4348ms
	BeginReloadAssembly (490ms)
		ExecutionOrderSort (0ms)
		DisableScriptedObjects (11ms)
		BackupInstance (0ms)
		ReleaseScriptingObjects (1ms)
		CreateAndSetChildDomain (86ms)
	RebuildCommonClasses (109ms)
	RebuildNativeTypeToScriptingClass (33ms)
	initialDomainReloadingComplete (94ms)
	LoadAllAssembliesAndSetupDomain (1114ms)
		LoadAssemblies (1031ms)
		RebuildTransferFunctionScriptingTraits (0ms)
		AnalyzeDomain (369ms)
			TypeCache.Refresh (14ms)
				TypeCache.ScanAssembly (0ms)
			BuildScriptInfoCaches (329ms)
			ResolveRequiredComponents (17ms)
	FinalizeReload (2507ms)
		ReleaseScriptCaches (0ms)
		RebuildScriptCaches (0ms)
		SetupLoadedEditorAssemblies (2149ms)
			LogAssemblyErrors (0ms)
			InitializePlatformSupportModulesInManaged (6ms)
			SetLoadedEditorAssemblies (8ms)
			BeforeProcessingInitializeOnLoad (393ms)
			ProcessInitializeOnLoadAttributes (1643ms)
			ProcessInitializeOnLoadMethodAttributes (73ms)
			AfterProcessingInitializeOnLoad (25ms)
			EditorAssembliesLoaded (0ms)
		ExecutionOrderSort2 (0ms)
		AwakeInstancesAfterBackupRestoration (11ms)
Refreshing native plugins compatible for Editor in 2.58 ms, found 3 plugins.
Preloading 0 native plugins for Editor in 0.00 ms.
Unloading 12 Unused Serialized files (Serialized files now loaded: 0)
Unloading 4080 unused Assets / (2.8 MB). Loaded Objects now: 4714.
Memory consumption went from 107.8 MB to 104.9 MB.
Total: 19.758400 ms (FindLiveObjects: 1.058300 ms CreateObjectMapping: 1.302900 ms MarkObjects: 14.031500 ms  DeleteObjects: 3.362900 ms)

Prepare: number of updated asset objects reloaded= 0
========================================================================
Received Prepare
Default GameObject BitMask: UI already registered
Begin MonoManager ReloadAssembly
[Licensing::Client] Successfully resolved entitlement details
- Loaded All Assemblies, in  1.925 seconds
Refreshing native plugins compatible for Editor in 4.63 ms, found 3 plugins.
Native extension for WindowsStandalone target not found
[Package Manager] Failed to launch server process. Reason: Unity was launched with the -noUpm command-line argument
[Package Manager] Unable to send message (not connected to server process).
[Package Manager] Cannot connect to Unity Package Manager local server
Mono: successfully reloaded assembly
- Finished resetting the current domain, in  2.049 seconds
Domain Reload Profiling: 3966ms
	BeginReloadAssembly (627ms)
		ExecutionOrderSort (0ms)
		DisableScriptedObjects (20ms)
		BackupInstance (0ms)
		ReleaseScriptingObjects (0ms)
		CreateAndSetChildDomain (176ms)
	RebuildCommonClasses (102ms)
	RebuildNativeTypeToScriptingClass (28ms)
	initialDomainReloadingComplete (97ms)
	LoadAllAssembliesAndSetupDomain (1062ms)
		LoadAssemblies (927ms)
		RebuildTransferFunctionScriptingTraits (0ms)
		AnalyzeDomain (421ms)
			TypeCache.Refresh (17ms)
				TypeCache.ScanAssembly (1ms)
			BuildScriptInfoCaches (378ms)
			ResolveRequiredComponents (16ms)
	FinalizeReload (2050ms)
		ReleaseScriptCaches (0ms)
		RebuildScriptCaches (0ms)
		SetupLoadedEditorAssemblies (1761ms)
			LogAssemblyErrors (0ms)
			InitializePlatformSupportModulesInManaged (4ms)
			SetLoadedEditorAssemblies (7ms)
			BeforeProcessingInitializeOnLoad (352ms)
			ProcessInitializeOnLoadAttributes (1305ms)
			ProcessInitializeOnLoadMethodAttributes (76ms)
			AfterProcessingInitializeOnLoad (16ms)
			EditorAssembliesLoaded (0ms)
		ExecutionOrderSort2 (0ms)
		AwakeInstancesAfterBackupRestoration (15ms)
Refreshing native plugins compatible for Editor in 2.31 ms, found 3 plugins.
Preloading 0 native plugins for Editor in 0.00 ms.
Unloading 12 Unused Serialized files (Serialized files now loaded: 0)
Unloading 4081 unused Assets / (3.7 MB). Loaded Objects now: 4716.
Memory consumption went from 107.8 MB to 104.1 MB.
Total: 13.364500 ms (FindLiveObjects: 0.852500 ms CreateObjectMapping: 0.473000 ms MarkObjects: 7.619700 ms  DeleteObjects: 4.417100 ms)

Prepare: number of updated asset objects reloaded= 1
========================================================================
Received Import Request.
  Time since last request: 2509.256622 seconds.
  path: Assets/script/InputSystem_Actions.inputactions
  artifactKey: Guid(289c1b55c9541489481df5cc06664110) Importer(815301076,1909f56bfc062723c751e8b465ee728b)
Start importing Assets/script/InputSystem_Actions.inputactions using Guid(289c1b55c9541489481df5cc06664110) Importer(815301076,1909f56bfc062723c751e8b465ee728b) (PreviewImporter) -> (artifact id: '2baf0b86bb5e6d763120ea51fc01eac2') in 0.0770211 seconds
Number of updated asset objects reloaded before import = 0Number of asset objects unloaded after import = 20

========================================================================
Received Import Request.
  Time since last request: 2.126195 seconds.
  path: Assets/script/QTESystem.cs
  artifactKey: Guid(b8f4b23faab25c544a34eba364c502fe) Importer(815301076,1909f56bfc062723c751e8b465ee728b)
Start importing Assets/script/QTESystem.cs using Guid(b8f4b23faab25c544a34eba364c502fe) Importer(815301076,1909f56bfc062723c751e8b465ee728b) (PreviewImporter) -> (artifact id: 'ee494a7ccf35baa11b581f382b8eae07') in 0.0018201 seconds
Number of updated asset objects reloaded before import = 0Number of asset objects unloaded after import = 0

========================================================================
Received Import Request.
  Time since last request: 4.303035 seconds.
  path: Assets/script/RealTimeTimer.cs
  artifactKey: Guid(2e6ddb4c8f3a1e049a0babdb4a10800b) Importer(815301076,1909f56bfc062723c751e8b465ee728b)
Start importing Assets/script/RealTimeTimer.cs using Guid(2e6ddb4c8f3a1e049a0babdb4a10800b) Importer(815301076,1909f56bfc062723c751e8b465ee728b) (PreviewImporter) -> (artifact id: '214f6ab147ae0931acd32b817e694458') in 0.001614 seconds
Number of updated asset objects reloaded before import = 0Number of asset objects unloaded after import = 0

========================================================================
Received Import Request.
  Time since last request: 11.985415 seconds.
  path: Assets/script/JumpscareTrigger.cs
  artifactKey: Guid(bde0d36883626fa468e751791fc63637) Importer(815301076,1909f56bfc062723c751e8b465ee728b)
Start importing Assets/script/JumpscareTrigger.cs using Guid(bde0d36883626fa468e751791fc63637) Importer(815301076,1909f56bfc062723c751e8b465ee728b) (PreviewImporter) -> (artifact id: 'e923792630d737348d92d96fa742741f') in 0.0031845 seconds
Number of updated asset objects reloaded before import = 0Number of asset objects unloaded after import = 0

========================================================================
Received Import Request.
  Time since last request: 1307.888027 seconds.
  path: Assets/script/InputSystem_Actions.cs
  artifactKey: Guid(992f1169815a93a4f86a503699b6b507) Importer(2089858483,192608db42251d675da83286b1cce702)
Start importing Assets/script/InputSystem_Actions.cs using Guid(992f1169815a93a4f86a503699b6b507) Importer(2089858483,192608db42251d675da83286b1cce702) (ScriptedImporter) -> (artifact id: 'c2418dfd8ed512682eb7f7dfc89e19f0') in 0.2150487 seconds
Number of updated asset objects reloaded before import = 0Number of asset objects unloaded after import = 0

========================================================================
Received Import Request.
  Time since last request: 0.000103 seconds.
  path: Assets/TextMesh Pro/Resources/Fonts & Materials/LiberationSans SDF - Fallback.asset
  artifactKey: Guid(2e498d1c8094910479dc3e1b768306a4) Importer(2089858483,192608db42251d675da83286b1cce702)
Start importing Assets/TextMesh Pro/Resources/Fonts & Materials/LiberationSans SDF - Fallback.asset using Guid(2e498d1c8094910479dc3e1b768306a4) Importer(2089858483,192608db42251d675da83286b1cce702) (ScriptedImporter) -> (artifact id: 'f4f2e15961ef9fb3676222c8262e0e28') in 0.1471068 seconds
Number of updated asset objects reloaded before import = 0Number of asset objects unloaded after import = 5

========================================================================
Received Import Request.
  Time since last request: 0.000048 seconds.
  path: Assets/New Material.mat
  artifactKey: Guid(0520ba55b66539c4ebe5deef4a1db957) Importer(2089858483,192608db42251d675da83286b1cce702)
Start importing Assets/New Material.mat using Guid(0520ba55b66539c4ebe5deef4a1db957) Importer(2089858483,192608db42251d675da83286b1cce702) (ScriptedImporter) -> (artifact id: '4d99e14975ebaae9d822d8e38e9ed39a') in 0.0814289 seconds
Number of updated asset objects reloaded before import = 0Number of asset objects unloaded after import = 1

========================================================================
Received Import Request.
  Time since last request: 0.000115 seconds.
  path: Assets/Super Retro Compact Pack/Highway Set/Materials
  artifactKey: Guid(ab689e9823ab9a4418251624b4e5f7ae) Importer(2089858483,192608db42251d675da83286b1cce702)
Start importing Assets/Super Retro Compact Pack/Highway Set/Materials using Guid(ab689e9823ab9a4418251624b4e5f7ae) Importer(2089858483,192608db42251d675da83286b1cce702) (ScriptedImporter) -> (artifact id: 'b26675309d3a68483ab536d31592578d') in 0.0255872 seconds
Number of updated asset objects reloaded before import = 0Number of asset objects unloaded after import = 1

========================================================================
Received Import Request.
  Time since last request: 0.000189 seconds.
  path: Assets/Super Retro Compact Pack/Prefabs/CompactCar_Yellow.prefab
  artifactKey: Guid(77529227da8c9914b82949870fef5f73) Importer(2089858483,192608db42251d675da83286b1cce702)
Start importing Assets/Super Retro Compact Pack/Prefabs/CompactCar_Yellow.prefab using Guid(77529227da8c9914b82949870fef5f73) Importer(2089858483,192608db42251d675da83286b1cce702) (ScriptedImporter) -> (artifact id: '982cbb7c152106035374419fe60f9ad8') in 0.0581499 seconds
Number of updated asset objects reloaded before import = 0Number of asset objects unloaded after import = 34

========================================================================
Received Import Request.
  Time since last request: 0.000051 seconds.
  path: Assets/circle.png
  artifactKey: Guid(bb676e28ccfb23340b03e2f91576f8c5) Importer(2089858483,192608db42251d675da83286b1cce702)
Start importing Assets/circle.png using Guid(bb676e28ccfb23340b03e2f91576f8c5) Importer(2089858483,192608db42251d675da83286b1cce702) (ScriptedImporter) -> (artifact id: 'f05050ca509eace689cddd3db19d9f98') in 0.1298366 seconds
Number of updated asset objects reloaded before import = 0Number of asset objects unloaded after import = 3

========================================================================
Received Import Request.
  Time since last request: 0.000042 seconds.
  path: Assets/script/fnbar-quicktimeevents-main/LICENSE
  artifactKey: Guid(4a6be57d69cfc25429f444310c2aec2f) Importer(2089858483,192608db42251d675da83286b1cce702)
Start importing Assets/script/fnbar-quicktimeevents-main/LICENSE using Guid(4a6be57d69cfc25429f444310c2aec2f) Importer(2089858483,192608db42251d675da83286b1cce702) (ScriptedImporter) -> (artifact id: 'a71ffc27c48d0d350fc016a3512a7406') in 0.0283794 seconds
Number of updated asset objects reloaded before import = 0Number of asset objects unloaded after import = 1

========================================================================
Received Import Request.
  Time since last request: 0.000132 seconds.
  path: Assets/script/fnbar-quicktimeevents-main/nui/style.css
  artifactKey: Guid(bd974cfd941ee1443a711649c332bfe9) Importer(2089858483,192608db42251d675da83286b1cce702)
Start importing Assets/script/fnbar-quicktimeevents-main/nui/style.css using Guid(bd974cfd941ee1443a711649c332bfe9) Importer(2089858483,192608db42251d675da83286b1cce702) (ScriptedImporter) -> (artifact id: '7f329b8e491e78931deb16bfa861f16e') in 0.0301338 seconds
Number of updated asset objects reloaded before import = 0Number of asset objects unloaded after import = 1

========================================================================
Received Import Request.
  Time since last request: 0.000111 seconds.
  path: Assets/script/fnbar-quicktimeevents-main/nui/index.html
  artifactKey: Guid(5ab0732856a771e43af758b89160ea78) Importer(2089858483,192608db42251d675da83286b1cce702)
Start importing Assets/script/fnbar-quicktimeevents-main/nui/index.html using Guid(5ab0732856a771e43af758b89160ea78) Importer(2089858483,192608db42251d675da83286b1cce702) (ScriptedImporter) -> (artifact id: 'ddaa338760be822b795e6556cbe4fd3b') in 0.0263205 seconds
Number of updated asset objects reloaded before import = 0Number of asset objects unloaded after import = 1

========================================================================
Received Import Request.
  Time since last request: 0.000254 seconds.
  path: Assets/script/fnbar-quicktimeevents-main
  artifactKey: Guid(8688e0155e931ce408a714282bb5f360) Importer(2089858483,192608db42251d675da83286b1cce702)
Start importing Assets/script/fnbar-quicktimeevents-main using Guid(8688e0155e931ce408a714282bb5f360) Importer(2089858483,192608db42251d675da83286b1cce702) (ScriptedImporter) -> (artifact id: '0bebc3ee773ea0a9bf4e1593994ad321') in 0.0307211 seconds
Number of updated asset objects reloaded before import = 0Number of asset objects unloaded after import = 1

========================================================================
Received Import Request.
  Time since last request: 0.000257 seconds.
  path: Assets/script/fnbar-quicktimeevents-main/nui
  artifactKey: Guid(73ebaf8d833cc574c97ed01382a2f189) Importer(2089858483,192608db42251d675da83286b1cce702)
Start importing Assets/script/fnbar-quicktimeevents-main/nui using Guid(73ebaf8d833cc574c97ed01382a2f189) Importer(2089858483,192608db42251d675da83286b1cce702) (ScriptedImporter) -> (artifact id: 'd7a0d08936a3cc94db293b70f7aab62a') in 0.0259896 seconds
Number of updated asset objects reloaded before import = 0Number of asset objects unloaded after import = 1

========================================================================
Received Import Request.
  Time since last request: 0.000127 seconds.
  path: Assets/PainKiller_Bottle.fbx
  artifactKey: Guid(23976797943db9c4db56324f8b524cf1) Importer(2089858483,192608db42251d675da83286b1cce702)
Start importing Assets/PainKiller_Bottle.fbx using Guid(23976797943db9c4db56324f8b524cf1) Importer(2089858483,192608db42251d675da83286b1cce702) (ScriptedImporter) -> (artifact id: '2a118a1cbe558d196d44b7344557ca60') in 0.1084206 seconds
Number of updated asset objects reloaded before import = 0Number of asset objects unloaded after import = 8

========================================================================
Received Import Request.
  Time since last request: 0.000045 seconds.
  path: Assets/psx-bong/textures/BongGlassGreen.jpeg
  artifactKey: Guid(fa2f1202186bee248a70dae632c891e9) Importer(2089858483,192608db42251d675da83286b1cce702)
Start importing Assets/psx-bong/textures/BongGlassGreen.jpeg using Guid(fa2f1202186bee248a70dae632c891e9) Importer(2089858483,192608db42251d675da83286b1cce702) (ScriptedImporter) -> (artifact id: '99519c579a90d0943eeb4c1ee8efcb28') in 0.0467809 seconds
Number of updated asset objects reloaded before import = 0Number of asset objects unloaded after import = 1

========================================================================
Received Import Request.
  Time since last request: 0.000178 seconds.
  path: Assets/script/JumpscareTrigger.cs
  artifactKey: Guid(bde0d36883626fa468e751791fc63637) Importer(2089858483,192608db42251d675da83286b1cce702)
Start importing Assets/script/JumpscareTrigger.cs using Guid(bde0d36883626fa468e751791fc63637) Importer(2089858483,192608db42251d675da83286b1cce702) (ScriptedImporter) -> (artifact id: '556f956a53b54e696743a28f45922380') in 0.0296114 seconds
Number of updated asset objects reloaded before import = 0Number of asset objects unloaded after import = 0

========================================================================
Received Import Request.
  Time since last request: 0.000090 seconds.
  path: Assets/Ui/Ui/scared.png
  artifactKey: Guid(0ccb27d30d9f2b840bf23a639ff19f06) Importer(2089858483,192608db42251d675da83286b1cce702)
Start importing Assets/Ui/Ui/scared.png using Guid(0ccb27d30d9f2b840bf23a639ff19f06) Importer(2089858483,192608db42251d675da83286b1cce702) (ScriptedImporter) -> (artifact id: '4bce53bbedc59d865469fb7c70892cfb') in 0.07601 seconds
Number of updated asset objects reloaded before import = 0Number of asset objects unloaded after import = 3

========================================================================
Received Import Request.
  Time since last request: 0.000040 seconds.
  path: Assets/Materials/missing poster.mat
  artifactKey: Guid(519d9326545099f4692b91925c22808d) Importer(2089858483,192608db42251d675da83286b1cce702)
Start importing Assets/Materials/missing poster.mat using Guid(519d9326545099f4692b91925c22808d) Importer(2089858483,192608db42251d675da83286b1cce702) (ScriptedImporter) -> (artifact id: '89b4e96e04e94cf5261674fa2ce2b5e4') in 0.0337718 seconds
Number of updated asset objects reloaded before import = 0Number of asset objects unloaded after import = 2

========================================================================
Received Import Request.
  Time since last request: 0.000031 seconds.
  path: Assets/apartment/apartment_wall_BaseColor.png
  artifactKey: Guid(d1918b3bd5465ef44a414784273eafe7) Importer(2089858483,192608db42251d675da83286b1cce702)
Start importing Assets/apartment/apartment_wall_BaseColor.png using Guid(d1918b3bd5465ef44a414784273eafe7) Importer(2089858483,192608db42251d675da83286b1cce702) (ScriptedImporter) -> (artifact id: '9bc77a4d080e1a8e3108355442af3f66') in 0.042462 seconds
Number of updated asset objects reloaded before import = 0Number of asset objects unloaded after import = 1

========================================================================
Received Import Request.
  Time since last request: 0.000108 seconds.
  path: Assets/script/fnbar-quicktimeevents-main/README.md
  artifactKey: Guid(935a6194b7011d64c97e4b3cbe652bd9) Importer(2089858483,192608db42251d675da83286b1cce702)
Start importing Assets/script/fnbar-quicktimeevents-main/README.md using Guid(935a6194b7011d64c97e4b3cbe652bd9) Importer(2089858483,192608db42251d675da83286b1cce702) (ScriptedImporter) -> (artifact id: 'ec957ece8927d9226d69c40e10960dbd') in 0.0292279 seconds
Number of updated asset objects reloaded before import = 0Number of asset objects unloaded after import = 1

========================================================================
Received Import Request.
  Time since last request: 0.000137 seconds.
  path: Assets/apartment/apartment_window frame_Normal.png
  artifactKey: Guid(fb320b4506b44db43a3b1f3e1eddb8f2) Importer(2089858483,192608db42251d675da83286b1cce702)
Start importing Assets/apartment/apartment_window frame_Normal.png using Guid(fb320b4506b44db43a3b1f3e1eddb8f2) Importer(2089858483,192608db42251d675da83286b1cce702) (ScriptedImporter) -> (artifact id: '1a0b806a12b0ea333aa7f1cb55a61874') in 0.050644 seconds
Number of updated asset objects reloaded before import = 0Number of asset objects unloaded after import = 1

========================================================================
Received Import Request.
  Time since last request: 0.000118 seconds.
  path: Assets/Super Retro Compact Pack/Prefabs/CompactCar_Muscle_Blue.prefab
  artifactKey: Guid(257511af356a77849a4391279ffc13b8) Importer(2089858483,192608db42251d675da83286b1cce702)
Start importing Assets/Super Retro Compact Pack/Prefabs/CompactCar_Muscle_Blue.prefab using Guid(257511af356a77849a4391279ffc13b8) Importer(2089858483,192608db42251d675da83286b1cce702) (ScriptedImporter) -> (artifact id: '080edee193fc781205f0ecd49c4543ea') in 0.0447073 seconds
Number of updated asset objects reloaded before import = 0Number of asset objects unloaded after import = 40

========================================================================
Received Import Request.
  Time since last request: 0.000046 seconds.
  path: Assets/chinese-take-out-boxes/textures/food2.png
  artifactKey: Guid(35e0560ac3bb3a64b8a207d250009d2f) Importer(2089858483,192608db42251d675da83286b1cce702)
Start importing Assets/chinese-take-out-boxes/textures/food2.png using Guid(35e0560ac3bb3a64b8a207d250009d2f) Importer(2089858483,192608db42251d675da83286b1cce702) (ScriptedImporter) -> (artifact id: '26590d090d5c47370d6178ec7e838706') in 0.0616616 seconds
Number of updated asset objects reloaded before import = 0Number of asset objects unloaded after import = 1

========================================================================
Received Import Request.
  Time since last request: 0.000075 seconds.
  path: Assets/Dance party.unity
  artifactKey: Guid(d76593829588e794ab6f28bd173c9582) Importer(2089858483,192608db42251d675da83286b1cce702)
Start importing Assets/Dance party.unity using Guid(d76593829588e794ab6f28bd173c9582) Importer(2089858483,192608db42251d675da83286b1cce702) (ScriptedImporter) -> (artifact id: 'ea881404ed6a2a500d73acd7256cfdef') in 0.0448805 seconds
Number of updated asset objects reloaded before import = 0Number of asset objects unloaded after import = 1

========================================================================
Received Import Request.
  Time since last request: 0.000164 seconds.
  path: Assets/Materials/light.mat
  artifactKey: Guid(f7b3695dc24cc8f4fa3f13dcc42e4195) Importer(2089858483,192608db42251d675da83286b1cce702)
Start importing Assets/Materials/light.mat using Guid(f7b3695dc24cc8f4fa3f13dcc42e4195) Importer(2089858483,192608db42251d675da83286b1cce702) (ScriptedImporter) -> (artifact id: '9517865263a92f07842f22248fea6b31') in 0.0356741 seconds
Number of updated asset objects reloaded before import = 0Number of asset objects unloaded after import = 2

========================================================================
Received Import Request.
  Time since last request: 0.000038 seconds.
  path: Assets/apartment/apartment_tv_Height.png
  artifactKey: Guid(d5ba5aba5f0e3344fac476a209f52ae7) Importer(2089858483,192608db42251d675da83286b1cce702)
Start importing Assets/apartment/apartment_tv_Height.png using Guid(d5ba5aba5f0e3344fac476a209f52ae7) Importer(2089858483,192608db42251d675da83286b1cce702) (ScriptedImporter) -> (artifact id: '5d6e477a10b2784627931d5c4c9a452c') in 0.050048 seconds
Number of updated asset objects reloaded before import = 0Number of asset objects unloaded after import = 1

========================================================================
Received Import Request.
  Time since last request: 0.000167 seconds.
  path: Assets/Footsteps - Essentials/hallway .wav
  artifactKey: Guid(d2cb06eb080d41b47981392fb74adc67) Importer(2089858483,192608db42251d675da83286b1cce702)
Start importing Assets/Footsteps - Essentials/hallway .wav using Guid(d2cb06eb080d41b47981392fb74adc67) Importer(2089858483,192608db42251d675da83286b1cce702) (ScriptedImporter) -> (artifact id: '4597c26138953672198b78b01cf384c5') in 0.0648498 seconds
Number of updated asset objects reloaded before import = 0Number of asset objects unloaded after import = 1

========================================================================
Received Import Request.
  Time since last request: 0.000033 seconds.
  path: Assets/E 1.png
  artifactKey: Guid(5bea1cb6826a0b8418c0152330d63cb9) Importer(2089858483,192608db42251d675da83286b1cce702)
Start importing Assets/E 1.png using Guid(5bea1cb6826a0b8418c0152330d63cb9) Importer(2089858483,192608db42251d675da83286b1cce702) (ScriptedImporter) -> (artifact id: '9cf9bdb550f7d19cafa3f47f92192ab0') in 0.0444236 seconds
Number of updated asset objects reloaded before import = 0Number of asset objects unloaded after import = 3

========================================================================
Received Import Request.
  Time since last request: 0.000037 seconds.
  path: Assets/apartment/apartment_tv_Roughness.png
  artifactKey: Guid(f7151ab0dfc90344095ccc52a0a2f728) Importer(2089858483,192608db42251d675da83286b1cce702)
Start importing Assets/apartment/apartment_tv_Roughness.png using Guid(f7151ab0dfc90344095ccc52a0a2f728) Importer(2089858483,192608db42251d675da83286b1cce702) (ScriptedImporter) -> (artifact id: '33bdcdfc019c11ebd4ca59b3b6e81408') in 0.0525672 seconds
Number of updated asset objects reloaded before import = 0Number of asset objects unloaded after import = 1

========================================================================
Received Import Request.
  Time since last request: 0.000258 seconds.
  path: Assets/apartment/apartment_curtain_Height.png
  artifactKey: Guid(0aa8d9d0dd388de49b839c7523f56ca3) Importer(2089858483,192608db42251d675da83286b1cce702)
Start importing Assets/apartment/apartment_curtain_Height.png using Guid(0aa8d9d0dd388de49b839c7523f56ca3) Importer(2089858483,192608db42251d675da83286b1cce702) (ScriptedImporter) -> (artifact id: '9d82e87fa51f79a2110c440944bc7c59') in 0.0486129 seconds
Number of updated asset objects reloaded before import = 0Number of asset objects unloaded after import = 1

========================================================================
Received Import Request.
  Time since last request: 0.000253 seconds.
  path: Assets/psx-bong/textures/grindedweed.jpeg
  artifactKey: Guid(e548ede6dbdf8564e9f15bdeb4e6a696) Importer(2089858483,192608db42251d675da83286b1cce702)
Start importing Assets/psx-bong/textures/grindedweed.jpeg using Guid(e548ede6dbdf8564e9f15bdeb4e6a696) Importer(2089858483,192608db42251d675da83286b1cce702) (ScriptedImporter) -> (artifact id: '213b0b64be358fe0e3266671c0128d29') in 0.0442332 seconds
Number of updated asset objects reloaded before import = 0Number of asset objects unloaded after import = 1

========================================================================
Received Import Request.
  Time since last request: 0.000217 seconds.
  path: Assets/script/FootstepSurface.cs
  artifactKey: Guid(205ded0c97d4d0848a895589fe620322) Importer(2089858483,192608db42251d675da83286b1cce702)
Start importing Assets/script/FootstepSurface.cs using Guid(205ded0c97d4d0848a895589fe620322) Importer(2089858483,192608db42251d675da83286b1cce702) (ScriptedImporter) -> (artifact id: 'e5ac987b97037cacf9f9bd152e311970') in 0.032014 seconds
Number of updated asset objects reloaded before import = 0Number of asset objects unloaded after import = 0

========================================================================
Received Import Request.
  Time since last request: 0.000086 seconds.
  path: Assets/Super Retro Compact Pack/Textures/CompactCar_Texture_Orange.png
  artifactKey: Guid(46b01a7b4e7700f4a825c6c6d4289ffe) Importer(2089858483,192608db42251d675da83286b1cce702)
Start importing Assets/Super Retro Compact Pack/Textures/CompactCar_Texture_Orange.png using Guid(46b01a7b4e7700f4a825c6c6d4289ffe) Importer(2089858483,192608db42251d675da83286b1cce702) (ScriptedImporter) -> (artifact id: 'ab92be8ffee1ffdd242a3e099fa606c4') in 0.0429068 seconds
Number of updated asset objects reloaded before import = 0Number of asset objects unloaded after import = 1

========================================================================
Received Import Request.
  Time since last request: 0.000190 seconds.
  path: Assets/apartment/Materials/plate.mat
  artifactKey: Guid(ecafce9ce7c98c542a650eb0922ed14f) Importer(2089858483,192608db42251d675da83286b1cce702)
Start importing Assets/apartment/Materials/plate.mat using Guid(ecafce9ce7c98c542a650eb0922ed14f) Importer(2089858483,192608db42251d675da83286b1cce702) (ScriptedImporter) -> (artifact id: '17ecd9449c6a8d5691758b701e7021a9') in 0.0349634 seconds
Number of updated asset objects reloaded before import = 0Number of asset objects unloaded after import = 1

========================================================================
Received Import Request.
  Time since last request: 0.000133 seconds.
  path: Assets/Super Retro Compact Pack/Textures/CompactCar_Texture_White.png
  artifactKey: Guid(b23b3dbf8e19d4b4199838b3a0535120) Importer(2089858483,192608db42251d675da83286b1cce702)
Start importing Assets/Super Retro Compact Pack/Textures/CompactCar_Texture_White.png using Guid(b23b3dbf8e19d4b4199838b3a0535120) Importer(2089858483,192608db42251d675da83286b1cce702) (ScriptedImporter) -> (artifact id: '3d7f5ae8fbf7e897e7d5ba4373765bd6') in 0.0418263 seconds
Number of updated asset objects reloaded before import = 0Number of asset objects unloaded after import = 1

========================================================================
Received Import Request.
  Time since last request: 0.000200 seconds.
  path: Assets/script/CameraTriggerZone.cs
  artifactKey: Guid(c54d8351b8facae42957ec1e87230a2a) Importer(2089858483,192608db42251d675da83286b1cce702)
Start importing Assets/script/CameraTriggerZone.cs using Guid(c54d8351b8facae42957ec1e87230a2a) Importer(2089858483,192608db42251d675da83286b1cce702) (ScriptedImporter) -> (artifact id: '1fb6fb7853ded388dd303868a8bc3d0b') in 0.0256721 seconds
Number of updated asset objects reloaded before import = 0Number of asset objects unloaded after import = 0

========================================================================
Received Import Request.
  Time since last request: 0.000220 seconds.
  path: Assets/New Material 1.mat
  artifactKey: Guid(c34648ca5c1a86c4dbd06aea2bbfe7e2) Importer(2089858483,192608db42251d675da83286b1cce702)
Start importing Assets/New Material 1.mat using Guid(c34648ca5c1a86c4dbd06aea2bbfe7e2) Importer(2089858483,192608db42251d675da83286b1cce702) (ScriptedImporter) -> (artifact id: 'a3bb9e3630fe18cda474c5cd2d62c77b') in 0.0718812 seconds
Number of updated asset objects reloaded before import = 0Number of asset objects unloaded after import = 2

========================================================================
Received Import Request.
  Time since last request: 0.000139 seconds.
  path: Assets/tvstations.mp3.mp3
  artifactKey: Guid(25fb7390641fa8b46a7771619677fb44) Importer(2089858483,192608db42251d675da83286b1cce702)
Start importing Assets/tvstations.mp3.mp3 using Guid(25fb7390641fa8b46a7771619677fb44) Importer(2089858483,192608db42251d675da83286b1cce702) (ScriptedImporter) -> (artifact id: '76cf6f47790983ceb47019f39ffb4f59') in 0.0918016 seconds
Number of updated asset objects reloaded before import = 0Number of asset objects unloaded after import = 1

========================================================================
Received Import Request.
  Time since last request: 0.000044 seconds.
  path: Assets/script/GirlController.controller
  artifactKey: Guid(3305d582e37fea74cbf982463107d8bd) Importer(2089858483,192608db42251d675da83286b1cce702)
Start importing Assets/script/GirlController.controller using Guid(3305d582e37fea74cbf982463107d8bd) Importer(2089858483,192608db42251d675da83286b1cce702) (ScriptedImporter) -> (artifact id: '546097250480824b3e47a4ee37966bd3') in 0.0674838 seconds
Number of updated asset objects reloaded before import = 0Number of asset objects unloaded after import = 8

========================================================================
Received Import Request.
  Time since last request: 0.000052 seconds.
  path: Assets/Elevator hall/Elevator hall_wall_material_Normal.png
  artifactKey: Guid(5134729700e016f48a9ee1ae353447e6) Importer(2089858483,192608db42251d675da83286b1cce702)
Start importing Assets/Elevator hall/Elevator hall_wall_material_Normal.png using Guid(5134729700e016f48a9ee1ae353447e6) Importer(2089858483,192608db42251d675da83286b1cce702) (ScriptedImporter) -> (artifact id: 'c862606772f05913d5d430be15c0b832') in 0.0507288 seconds
Number of updated asset objects reloaded before import = 0Number of asset objects unloaded after import = 1

========================================================================
Received Import Request.
  Time since last request: 0.000126 seconds.
  path: Assets/office texture/office_front_desk_material_Roughness_Raw_ACEScg.png.tx
  artifactKey: Guid(5f64a1b04b896af4e9e503ab632dba60) Importer(2089858483,192608db42251d675da83286b1cce702)
Start importing Assets/office texture/office_front_desk_material_Roughness_Raw_ACEScg.png.tx using Guid(5f64a1b04b896af4e9e503ab632dba60) Importer(2089858483,192608db42251d675da83286b1cce702) (ScriptedImporter) -> (artifact id: '541f65c71891606ef11647553162bb8a') in 0.0271955 seconds
Number of updated asset objects reloaded before import = 0Number of asset objects unloaded after import = 1

========================================================================
Received Import Request.
  Time since last request: 0.000122 seconds.
  path: Assets/apartment/apartment_tv_BaseColor.png
  artifactKey: Guid(02d17284799f21d4fb5dd9f44697e462) Importer(2089858483,192608db42251d675da83286b1cce702)
Start importing Assets/apartment/apartment_tv_BaseColor.png using Guid(02d17284799f21d4fb5dd9f44697e462) Importer(2089858483,192608db42251d675da83286b1cce702) (ScriptedImporter) -> (artifact id: '680eff69a70bf347f0248d65713d9b53') in 0.0427564 seconds
Number of updated asset objects reloaded before import = 0Number of asset objects unloaded after import = 1

========================================================================
Received Import Request.
  Time since last request: 0.000172 seconds.
  path: Assets/office texture/office_tv_material_Roughness_Raw_ACEScg.png.tx
  artifactKey: Guid(e243405c8a89b8649b91770150a6fd7a) Importer(2089858483,192608db42251d675da83286b1cce702)
Start importing Assets/office texture/office_tv_material_Roughness_Raw_ACEScg.png.tx using Guid(e243405c8a89b8649b91770150a6fd7a) Importer(2089858483,192608db42251d675da83286b1cce702) (ScriptedImporter) -> (artifact id: '21742a9aad437c2b293b15033be09d53') in 0.0246025 seconds
Number of updated asset objects reloaded before import = 0Number of asset objects unloaded after import = 1

========================================================================
Received Import Request.
  Time since last request: 0.000094 seconds.
  path: Assets/Super Retro Compact Pack/Materials/CompactCar_Texture_Green.mat
  artifactKey: Guid(8b921361f188bc540a995daae73f734e) Importer(2089858483,192608db42251d675da83286b1cce702)
Start importing Assets/Super Retro Compact Pack/Materials/CompactCar_Texture_Green.mat using Guid(8b921361f188bc540a995daae73f734e) Importer(2089858483,192608db42251d675da83286b1cce702) (ScriptedImporter) -> (artifact id: '64d999fcd9e37fbd08541176fb61b932') in 0.028474 seconds
Number of updated asset objects reloaded before import = 0Number of asset objects unloaded after import = 2

========================================================================
Received Import Request.
  Time since last request: 0.000154 seconds.
  path: Assets/apartment/Materials/apartment-plate.mat
  artifactKey: Guid(60e8a7d9c6a9870449a6e15ba2f037c1) Importer(2089858483,192608db42251d675da83286b1cce702)
Start importing Assets/apartment/Materials/apartment-plate.mat using Guid(60e8a7d9c6a9870449a6e15ba2f037c1) Importer(2089858483,192608db42251d675da83286b1cce702) (ScriptedImporter) -> (artifact id: 'c516565b804ecae7c6a7ce7c37229f07') in 0.0438353 seconds
Number of updated asset objects reloaded before import = 0Number of asset objects unloaded after import = 5

========================================================================
Received Import Request.
  Time since last request: 0.000039 seconds.
  path: Assets/Listening To Music.fbx
  artifactKey: Guid(b79b7b7c3549aeb469fbf9c1f6e50937) Importer(2089858483,192608db42251d675da83286b1cce702)
Start importing Assets/Listening To Music.fbx using Guid(b79b7b7c3549aeb469fbf9c1f6e50937) Importer(2089858483,192608db42251d675da83286b1cce702) (ScriptedImporter) -> (artifact id: '765a6664ba55a9f5d75167342a3f85bf') in 0.0924263 seconds
Number of updated asset objects reloaded before import = 0Number of asset objects unloaded after import = 150

========================================================================
Received Import Request.
  Time since last request: 0.000111 seconds.
  path: Assets/Elevator hall/Elevator hall_door_material_Normal.png
  artifactKey: Guid(e1885528af4e7de45a5d3195f16129e0) Importer(2089858483,192608db42251d675da83286b1cce702)
Start importing Assets/Elevator hall/Elevator hall_door_material_Normal.png using Guid(e1885528af4e7de45a5d3195f16129e0) Importer(2089858483,192608db42251d675da83286b1cce702) (ScriptedImporter) -> (artifact id: 'e5829d184e9aaa704d4f79994ff6e25a') in 0.0488456 seconds
Number of updated asset objects reloaded before import = 0Number of asset objects unloaded after import = 1

========================================================================
Received Import Request.
  Time since last request: 0.000181 seconds.
  path: Assets/Materials/mailbox_material.mat
  artifactKey: Guid(8510978e52ff7ce4186d98272a10904e) Importer(2089858483,192608db42251d675da83286b1cce702)
Start importing Assets/Materials/mailbox_material.mat using Guid(8510978e52ff7ce4186d98272a10904e) Importer(2089858483,192608db42251d675da83286b1cce702) (ScriptedImporter) -> (artifact id: '0df42c9ba88ca66aebeace3a08b16069') in 0.0634077 seconds
Number of updated asset objects reloaded before import = 0Number of asset objects unloaded after import = 4

========================================================================
Received Import Request.
  Time since last request: 0.000040 seconds.
  path: Assets/office texture/office_table_material_Roughness.png
  artifactKey: Guid(309e626349fe6614f97ef60050a09812) Importer(2089858483,192608db42251d675da83286b1cce702)
Start importing Assets/office texture/office_table_material_Roughness.png using Guid(309e626349fe6614f97ef60050a09812) Importer(2089858483,192608db42251d675da83286b1cce702) (ScriptedImporter) -> (artifact id: '48adf695316cdfb1ac73d806ad89514b') in 0.0462777 seconds
Number of updated asset objects reloaded before import = 0Number of asset objects unloaded after import = 1

========================================================================
Received Import Request.
  Time since last request: 0.000044 seconds.
  path: Assets/apartment/Materials/curtain1.mat
  artifactKey: Guid(465b36d21ab82084bad170b7c7b8e358) Importer(2089858483,192608db42251d675da83286b1cce702)
Start importing Assets/apartment/Materials/curtain1.mat using Guid(465b36d21ab82084bad170b7c7b8e358) Importer(2089858483,192608db42251d675da83286b1cce702) (ScriptedImporter) -> (artifact id: 'f53f787b0171b30675f7cdea69c76083') in 0.0289348 seconds
Number of updated asset objects reloaded before import = 0Number of asset objects unloaded after import = 1

========================================================================
Received Import Request.
  Time since last request: 0.000196 seconds.
  path: Assets/office texture/office_rug_2_material_Roughness_Raw_ACEScg.png.tx
  artifactKey: Guid(5440dcc646e062845a62efc229415075) Importer(2089858483,192608db42251d675da83286b1cce702)
Start importing Assets/office texture/office_rug_2_material_Roughness_Raw_ACEScg.png.tx using Guid(5440dcc646e062845a62efc229415075) Importer(2089858483,192608db42251d675da83286b1cce702) (ScriptedImporter) -> (artifact id: 'b5778bce9dc73c216e027c07efc8fe9a') in 0.0250523 seconds
Number of updated asset objects reloaded before import = 0Number of asset objects unloaded after import = 1

========================================================================
Received Import Request.
  Time since last request: 0.000138 seconds.
  path: Assets/toppng.com-dust-cloud-png-1024x1024.png
  artifactKey: Guid(d05e55db598bcc74fbe46faf51d75dac) Importer(2089858483,192608db42251d675da83286b1cce702)
Start importing Assets/toppng.com-dust-cloud-png-1024x1024.png using Guid(d05e55db598bcc74fbe46faf51d75dac) Importer(2089858483,192608db42251d675da83286b1cce702) (ScriptedImporter) -> (artifact id: '64a325e6b70479b4c08f56d5ee0d1be3') in 0.0414605 seconds
Number of updated asset objects reloaded before import = 0Number of asset objects unloaded after import = 1

========================================================================
Received Import Request.
  Time since last request: 0.000102 seconds.
  path: Assets/Super Retro Compact Pack/Textures/CompactCar_Texture_Muscle_Orange.png
  artifactKey: Guid(35fc608cedea63949966438c775b5d17) Importer(2089858483,192608db42251d675da83286b1cce702)
Start importing Assets/Super Retro Compact Pack/Textures/CompactCar_Texture_Muscle_Orange.png using Guid(35fc608cedea63949966438c775b5d17) Importer(2089858483,192608db42251d675da83286b1cce702) (ScriptedImporter) -> (artifact id: '547f995f3a9bc38eb14f2b860f6204f7') in 0.0427916 seconds
Number of updated asset objects reloaded before import = 0Number of asset objects unloaded after import = 1

========================================================================
Received Import Request.
  Time since last request: 0.000095 seconds.
  path: Assets/psx-bong/source
  artifactKey: Guid(17c66e23513a9704ca65488be7ac8df2) Importer(2089858483,192608db42251d675da83286b1cce702)
Start importing Assets/psx-bong/source using Guid(17c66e23513a9704ca65488be7ac8df2) Importer(2089858483,192608db42251d675da83286b1cce702) (ScriptedImporter) -> (artifact id: '31bb1bcb4dd6cc6e5beb10c8ddf19ee9') in 0.0259962 seconds
Number of updated asset objects reloaded before import = 0Number of asset objects unloaded after import = 1

========================================================================
Received Import Request.
  Time since last request: 0.000160 seconds.
  path: Assets/Super Retro Compact Pack/Textures/CompactCar_Texture_Brown.png
  artifactKey: Guid(c5f0c5b6a96ea23409d860300468a82a) Importer(2089858483,192608db42251d675da83286b1cce702)
Start importing Assets/Super Retro Compact Pack/Textures/CompactCar_Texture_Brown.png using Guid(c5f0c5b6a96ea23409d860300468a82a) Importer(2089858483,192608db42251d675da83286b1cce702) (ScriptedImporter) -> (artifact id: '523dff2a1901b641f009e797fc80da15') in 0.0461644 seconds
Number of updated asset objects reloaded before import = 0Number of asset objects unloaded after import = 1

========================================================================
Received Import Request.
  Time since last request: 0.000087 seconds.
  path: Assets/tvstations.mp3.m4a
  artifactKey: Guid(462d56bc5fc0da84fb2dedbb349ecbb6) Importer(2089858483,192608db42251d675da83286b1cce702)
Start importing Assets/tvstations.mp3.m4a using Guid(462d56bc5fc0da84fb2dedbb349ecbb6) Importer(2089858483,192608db42251d675da83286b1cce702) (ScriptedImporter) -> (artifact id: '4f20f5de94e249604aa5bf3d833dbe7c') in 0.0256137 seconds
Number of updated asset objects reloaded before import = 0Number of asset objects unloaded after import = 1

========================================================================
Received Import Request.
  Time since last request: 0.000186 seconds.
  path: Assets/New Flare.flare
  artifactKey: Guid(24015c7c75d814c4c860b8bf319617fa) Importer(2089858483,192608db42251d675da83286b1cce702)
Start importing Assets/New Flare.flare using Guid(24015c7c75d814c4c860b8bf319617fa) Importer(2089858483,192608db42251d675da83286b1cce702) (ScriptedImporter) -> (artifact id: '69365b5dba70a2fdbd9992608923fad6') in 0.0327442 seconds
Number of updated asset objects reloaded before import = 0Number of asset objects unloaded after import = 2

========================================================================
Received Import Request.
  Time since last request: 0.000048 seconds.
  path: Assets/office texture/office_front_desk_material_Roughness.png
  artifactKey: Guid(9a6d5dfe72c287944b87b99bc0ce53af) Importer(2089858483,192608db42251d675da83286b1cce702)
Start importing Assets/office texture/office_front_desk_material_Roughness.png using Guid(9a6d5dfe72c287944b87b99bc0ce53af) Importer(2089858483,192608db42251d675da83286b1cce702) (ScriptedImporter) -> (artifact id: '126dba6c3935365246b183f502452bc4') in 0.0461348 seconds
Number of updated asset objects reloaded before import = 0Number of asset objects unloaded after import = 1

========================================================================
Received Import Request.
  Time since last request: 0.000048 seconds.
  path: Assets/Ui
  artifactKey: Guid(adbab9173620f8546aaaf4a34db1ee88) Importer(2089858483,192608db42251d675da83286b1cce702)
Start importing Assets/Ui using Guid(adbab9173620f8546aaaf4a34db1ee88) Importer(2089858483,192608db42251d675da83286b1cce702) (ScriptedImporter) -> (artifact id: '58e2ba29a7e40e6c85b283c4936db3e5') in 0.0238685 seconds
Number of updated asset objects reloaded before import = 0Number of asset objects unloaded after import = 1

========================================================================
Received Import Request.
  Time since last request: 0.000201 seconds.
  path: Assets/granny.fbx
  artifactKey: Guid(e3eeddef8a47e17479eaf49da1594bca) Importer(2089858483,192608db42251d675da83286b1cce702)
Start importing Assets/granny.fbx using Guid(e3eeddef8a47e17479eaf49da1594bca) Importer(2089858483,192608db42251d675da83286b1cce702) (ScriptedImporter) -> (artifact id: 'd1a61f57c1a0ce85123de2b358f75568') in 0.0573649 seconds
Number of updated asset objects reloaded before import = 0Number of asset objects unloaded after import = 188

========================================================================
Received Import Request.
  Time since last request: 0.000042 seconds.
  path: Assets/apartment/apartment_floor_BaseColor.png
  artifactKey: Guid(4e1906f34f6af6541a6cd7d921bb4d31) Importer(2089858483,192608db42251d675da83286b1cce702)
Start importing Assets/apartment/apartment_floor_BaseColor.png using Guid(4e1906f34f6af6541a6cd7d921bb4d31) Importer(2089858483,192608db42251d675da83286b1cce702) (ScriptedImporter) -> (artifact id: 'e6127f995edd697483b0c04f215898de') in 0.0440542 seconds
Number of updated asset objects reloaded before import = 0Number of asset objects unloaded after import = 1

========================================================================
Received Import Request.
  Time since last request: 0.000128 seconds.
  path: Assets/elevator texture/elevator_panel_material_Roughness.png
  artifactKey: Guid(56bb72bab462183498f8cb514bd939ad) Importer(2089858483,192608db42251d675da83286b1cce702)
Start importing Assets/elevator texture/elevator_panel_material_Roughness.png using Guid(56bb72bab462183498f8cb514bd939ad) Importer(2089858483,192608db42251d675da83286b1cce702) (ScriptedImporter) -> (artifact id: '4c66f1e46d3e3fee900ef36d83b39337') in 0.1904883 seconds
Number of updated asset objects reloaded before import = 0Number of asset objects unloaded after import = 1

========================================================================
Received Import Request.
  Time since last request: 0.000097 seconds.
  path: Assets/Super Retro Compact Pack/Materials/FunCar_Yellow.mat
  artifactKey: Guid(608f07cf4ff79644f9f0f5ff4334402c) Importer(2089858483,192608db42251d675da83286b1cce702)
Start importing Assets/Super Retro Compact Pack/Materials/FunCar_Yellow.mat using Guid(608f07cf4ff79644f9f0f5ff4334402c) Importer(2089858483,192608db42251d675da83286b1cce702) (ScriptedImporter) -> (artifact id: 'dfcdaf0a2ab941f1973a1e40fc95a629') in 0.0307919 seconds
Number of updated asset objects reloaded before import = 0Number of asset objects unloaded after import = 2

========================================================================
Received Import Request.
  Time since last request: 0.000033 seconds.
  path: Assets/apartment/apartment_table_Normal.png
  artifactKey: Guid(68082114594dca844bc9c81baaef94a3) Importer(2089858483,192608db42251d675da83286b1cce702)
Start importing Assets/apartment/apartment_table_Normal.png using Guid(68082114594dca844bc9c81baaef94a3) Importer(2089858483,192608db42251d675da83286b1cce702) (ScriptedImporter) -> (artifact id: '59494880f531f1a312a46b32abd76f04') in 0.0447315 seconds
Number of updated asset objects reloaded before import = 0Number of asset objects unloaded after import = 1

========================================================================
Received Import Request.
  Time since last request: 0.000144 seconds.
  path: Assets/apartment/apartment_window_BaseColor.png
  artifactKey: Guid(e2825023fe4aff145a1ef41202a3c0d3) Importer(2089858483,192608db42251d675da83286b1cce702)
Start importing Assets/apartment/apartment_window_BaseColor.png using Guid(e2825023fe4aff145a1ef41202a3c0d3) Importer(2089858483,192608db42251d675da83286b1cce702) (ScriptedImporter) -> (artifact id: '5a10b8a03ca8b66167643469af4dd02e') in 0.042519 seconds
Number of updated asset objects reloaded before import = 0Number of asset objects unloaded after import = 1

========================================================================
Received Import Request.
  Time since last request: 0.000137 seconds.
  path: Assets/script/ElevatorSequence.cs
  artifactKey: Guid(1bd0fe04cd98a854f84f3d007480d91b) Importer(2089858483,192608db42251d675da83286b1cce702)
Start importing Assets/script/ElevatorSequence.cs using Guid(1bd0fe04cd98a854f84f3d007480d91b) Importer(2089858483,192608db42251d675da83286b1cce702) (ScriptedImporter) -> (artifact id: '669a4aa5366099ce3f8fc62355e8454f') in 0.0303368 seconds
Number of updated asset objects reloaded before import = 0Number of asset objects unloaded after import = 0

========================================================================
Received Import Request.
  Time since last request: 0.000089 seconds.
  path: Assets/Materials/rug_2_material1.mat
  artifactKey: Guid(ced23abeaf1bcd044b55a019bcda5e00) Importer(2089858483,192608db42251d675da83286b1cce702)
Start importing Assets/Materials/rug_2_material1.mat using Guid(ced23abeaf1bcd044b55a019bcda5e00) Importer(2089858483,192608db42251d675da83286b1cce702) (ScriptedImporter) -> (artifact id: 'd4fbf238896b0050f0284d78dd110927') in 0.0851732 seconds
Number of updated asset objects reloaded before import = 0Number of asset objects unloaded after import = 4

========================================================================
Received Import Request.
  Time since last request: 0.000034 seconds.
  path: Assets/office texture/office_rug_2_material_Height.png
  artifactKey: Guid(4666f1512b9d31f42ac4e36eefce6dd0) Importer(2089858483,192608db42251d675da83286b1cce702)
Start importing Assets/office texture/office_rug_2_material_Height.png using Guid(4666f1512b9d31f42ac4e36eefce6dd0) Importer(2089858483,192608db42251d675da83286b1cce702) (ScriptedImporter) -> (artifact id: '59c6f47787b60ba453cba42c4a76374c') in 0.0444238 seconds
Number of updated asset objects reloaded before import = 0Number of asset objects unloaded after import = 1

========================================================================
Received Import Request.
  Time since last request: 0.000170 seconds.
  path: Assets/elevator texture/elevator_floor_button_material_Normal.png
  artifactKey: Guid(ba7e9a226010e614bb6f95fc64eadee2) Importer(2089858483,192608db42251d675da83286b1cce702)
Start importing Assets/elevator texture/elevator_floor_button_material_Normal.png using Guid(ba7e9a226010e614bb6f95fc64eadee2) Importer(2089858483,192608db42251d675da83286b1cce702) (ScriptedImporter) -> (artifact id: '4c2bdd51c83fe4eed4d040386bc3f9e7') in 0.0479241 seconds
Number of updated asset objects reloaded before import = 0Number of asset objects unloaded after import = 1

========================================================================
Received Import Request.
  Time since last request: 0.000036 seconds.
  path: Assets/Elevator hall/Elevator hall_door_knob_material_Normal.png
  artifactKey: Guid(5f8cdbe9a948ee349a13e029d0d4cac3) Importer(2089858483,192608db42251d675da83286b1cce702)
Start importing Assets/Elevator hall/Elevator hall_door_knob_material_Normal.png using Guid(5f8cdbe9a948ee349a13e029d0d4cac3) Importer(2089858483,192608db42251d675da83286b1cce702) (ScriptedImporter) -> (artifact id: 'b6cc5bb878f538dc062a5fced328f089') in 0.0524503 seconds
Number of updated asset objects reloaded before import = 0Number of asset objects unloaded after import = 1

========================================================================
Received Import Request.
  Time since last request: 0.000205 seconds.
  path: Assets/Materials/office-window_material1.mat
  artifactKey: Guid(49a0edee39c96fe4a9d3d53b802c8d0b) Importer(2089858483,192608db42251d675da83286b1cce702)
Start importing Assets/Materials/office-window_material1.mat using Guid(49a0edee39c96fe4a9d3d53b802c8d0b) Importer(2089858483,192608db42251d675da83286b1cce702) (ScriptedImporter) -> (artifact id: 'b9f5256ea5d40f0b0a83ae43b1609aa5') in 0.0662908 seconds
Number of updated asset objects reloaded before import = 0Number of asset objects unloaded after import = 5

========================================================================
Received Import Request.
  Time since last request: 0.000036 seconds.
  path: Assets/office texture/office_elevator_door1_Height.png
  artifactKey: Guid(3492d8598780985449cfd843abe691fd) Importer(2089858483,192608db42251d675da83286b1cce702)
Start importing Assets/office texture/office_elevator_door1_Height.png using Guid(3492d8598780985449cfd843abe691fd) Importer(2089858483,192608db42251d675da83286b1cce702) (ScriptedImporter) -> (artifact id: '4b9a08276d486b196251439c13809304') in 0.0458385 seconds
Number of updated asset objects reloaded before import = 0Number of asset objects unloaded after import = 1

========================================================================
Received Import Request.
  Time since last request: 0.000054 seconds.
  path: Assets/office texture/office_plant_material_Metallic.png
  artifactKey: Guid(9e9557d0ec8780d4495d1c1156472ebd) Importer(2089858483,192608db42251d675da83286b1cce702)
Start importing Assets/office texture/office_plant_material_Metallic.png using Guid(9e9557d0ec8780d4495d1c1156472ebd) Importer(2089858483,192608db42251d675da83286b1cce702) (ScriptedImporter) -> (artifact id: 'ee1d91d2fff117c1f7f7c9aae85549eb') in 0.0393233 seconds
Number of updated asset objects reloaded before import = 0Number of asset objects unloaded after import = 1

========================================================================
Received Import Request.
  Time since last request: 0.000265 seconds.
  path: Assets/Scenes 1/4TheHallway.unity
  artifactKey: Guid(9e3270298307a9840b34fa02d02eadad) Importer(2089858483,192608db42251d675da83286b1cce702)
Start importing Assets/Scenes 1/4TheHallway.unity using Guid(9e3270298307a9840b34fa02d02eadad) Importer(2089858483,192608db42251d675da83286b1cce702) (ScriptedImporter) -> (artifact id: 'b906860f4417e6b7a9b8869fd2774f90') in 0.0491399 seconds
Number of updated asset objects reloaded before import = 0Number of asset objects unloaded after import = 1

========================================================================
Received Import Request.
  Time since last request: 0.000035 seconds.
  path: Assets/Super Retro Compact Pack/Materials/FunCar_Gray.mat
  artifactKey: Guid(56cf323172abb2341b430a6b1d28bfc0) Importer(2089858483,192608db42251d675da83286b1cce702)
Start importing Assets/Super Retro Compact Pack/Materials/FunCar_Gray.mat using Guid(56cf323172abb2341b430a6b1d28bfc0) Importer(2089858483,192608db42251d675da83286b1cce702) (ScriptedImporter) -> (artifact id: 'd8f9c86b640483b0b258bb998f1feb9c') in 0.0301325 seconds
Number of updated asset objects reloaded before import = 0Number of asset objects unloaded after import = 2

========================================================================
Received Import Request.
  Time since last request: 0.000030 seconds.
  path: Assets/cerveza-cristal-psx/textures/asdfasf.png
  artifactKey: Guid(d4d2da97f4c3ae143a139cb28a50400b) Importer(2089858483,192608db42251d675da83286b1cce702)
Start importing Assets/cerveza-cristal-psx/textures/asdfasf.png using Guid(d4d2da97f4c3ae143a139cb28a50400b) Importer(2089858483,192608db42251d675da83286b1cce702) (ScriptedImporter) -> (artifact id: 'e048c252510b98bc0b0aa0986dd07fc5') in 0.0390224 seconds
Number of updated asset objects reloaded before import = 0Number of asset objects unloaded after import = 1

========================================================================
Received Import Request.
  Time since last request: 0.000131 seconds.
  path: Assets/apartment/Materials/sink.mat
  artifactKey: Guid(870e2dad977edea4b9c9aa9f6cc91797) Importer(2089858483,192608db42251d675da83286b1cce702)
Start importing Assets/apartment/Materials/sink.mat using Guid(870e2dad977edea4b9c9aa9f6cc91797) Importer(2089858483,192608db42251d675da83286b1cce702) (ScriptedImporter) -> (artifact id: '2bf8a8027639f3a58967448d6e47c765') in 0.0311677 seconds
Number of updated asset objects reloaded before import = 0Number of asset objects unloaded after import = 1

========================================================================
Received Import Request.
  Time since last request: 0.000030 seconds.
  path: Assets/apartment/apartment_window bar_BaseColor.png
  artifactKey: Guid(7ccae02fb5cf5ed43ba547f0f39dba1d) Importer(2089858483,192608db42251d675da83286b1cce702)
Start importing Assets/apartment/apartment_window bar_BaseColor.png using Guid(7ccae02fb5cf5ed43ba547f0f39dba1d) Importer(2089858483,192608db42251d675da83286b1cce702) (ScriptedImporter) -> (artifact id: '82bc29c0849cb86cccf7a78ac8e04e56') in 0.0365672 seconds
Number of updated asset objects reloaded before import = 0Number of asset objects unloaded after import = 1

========================================================================
Received Import Request.
  Time since last request: 0.000095 seconds.
  path: Assets/Super Retro Compact Pack/Highway Set/Prefabs/Road_Shoulder_01.prefab
  artifactKey: Guid(f19daf3e726e58c42bb22c0dd0172db1) Importer(2089858483,192608db42251d675da83286b1cce702)
Start importing Assets/Super Retro Compact Pack/Highway Set/Prefabs/Road_Shoulder_01.prefab using Guid(f19daf3e726e58c42bb22c0dd0172db1) Importer(2089858483,192608db42251d675da83286b1cce702) (ScriptedImporter) -> (artifact id: '0510bd185d075109ed143a44f0f7ab29') in 0.0400518 seconds
Number of updated asset objects reloaded before import = 0Number of asset objects unloaded after import = 9

========================================================================
Received Import Request.
  Time since last request: 0.000031 seconds.
  path: Assets/apartment/apartment_counter_Height.png
  artifactKey: Guid(dd6ed836b2f23144cae39f3ee186fbae) Importer(2089858483,192608db42251d675da83286b1cce702)
Start importing Assets/apartment/apartment_counter_Height.png using Guid(dd6ed836b2f23144cae39f3ee186fbae) Importer(2089858483,192608db42251d675da83286b1cce702) (ScriptedImporter) -> (artifact id: 'ec2410ff5624350f371c4179a2d90217') in 0.0433549 seconds
Number of updated asset objects reloaded before import = 0Number of asset objects unloaded after import = 1

========================================================================
Received Import Request.
  Time since last request: 0.000187 seconds.
  path: Assets/elevator texture/elevator_floor_material_Roughness.png
  artifactKey: Guid(44d0f6f02fdc7ef41b509bf64d2923a6) Importer(2089858483,192608db42251d675da83286b1cce702)
Start importing Assets/elevator texture/elevator_floor_material_Roughness.png using Guid(44d0f6f02fdc7ef41b509bf64d2923a6) Importer(2089858483,192608db42251d675da83286b1cce702) (ScriptedImporter) -> (artifact id: 'b5190325bd8d4513d5a0f63c8efea2a9') in 0.0427279 seconds
Number of updated asset objects reloaded before import = 0Number of asset objects unloaded after import = 1

========================================================================
Received Import Request.
  Time since last request: 0.000039 seconds.
  path: Assets/apartment/apartment_window_Metallic.png
  artifactKey: Guid(d04bbb06d074aec4793bcef03ec73e5d) Importer(2089858483,192608db42251d675da83286b1cce702)
Start importing Assets/apartment/apartment_window_Metallic.png using Guid(d04bbb06d074aec4793bcef03ec73e5d) Importer(2089858483,192608db42251d675da83286b1cce702) (ScriptedImporter) -> (artifact id: '7f0c6f9f62225eae304010690db5bd49') in 0.0387971 seconds
Number of updated asset objects reloaded before import = 0Number of asset objects unloaded after import = 1

========================================================================
Received Prepare
Default GameObject BitMask: UI already registered
Refreshing native plugins compatible for Editor in 1.55 ms, found 3 plugins.
Preloading 0 native plugins for Editor in 0.00 ms.
Unloading 12 Unused Serialized files (Serialized files now loaded: 0)
Unloading 4075 unused Assets / (1.6 MB). Loaded Objects now: 4718.
Memory consumption went from 108.8 MB to 107.2 MB.
Total: 54.079600 ms (FindLiveObjects: 0.848300 ms CreateObjectMapping: 0.378000 ms MarkObjects: 46.314400 ms  DeleteObjects: 6.536300 ms)

Prepare: number of updated asset objects reloaded= 0
========================================================================
Received Import Request.
  Time since last request: 3.595044 seconds.
  path: Assets/script/test.cs
  artifactKey: Guid(2333c8a4ae9952c429044a7aeca624f6) Importer(2089858483,192608db42251d675da83286b1cce702)
Start importing Assets/script/test.cs using Guid(2333c8a4ae9952c429044a7aeca624f6) Importer(2089858483,192608db42251d675da83286b1cce702) (ScriptedImporter) -> (artifact id: '6f2de6c566ea70d9f9777fd7fdc3eb93') in 0.0311074 seconds
Number of updated asset objects reloaded before import = 0Number of asset objects unloaded after import = 0

========================================================================
Received Import Request.
  Time since last request: 0.449015 seconds.
  path: Assets/script/test.cs
  artifactKey: Guid(2333c8a4ae9952c429044a7aeca624f6) Importer(815301076,1909f56bfc062723c751e8b465ee728b)
Start importing Assets/script/test.cs using Guid(2333c8a4ae9952c429044a7aeca624f6) Importer(815301076,1909f56bfc062723c751e8b465ee728b) (PreviewImporter) -> (artifact id: '1f8869abec23948da479a360dd88a44c') in 0.001765 seconds
Number of updated asset objects reloaded before import = 0Number of asset objects unloaded after import = 0

========================================================================
Received Prepare
Default GameObject BitMask: UI already registered
Begin MonoManager ReloadAssembly
[Licensing::Client] Successfully resolved entitlement details
- Loaded All Assemblies, in  2.447 seconds
Refreshing native plugins compatible for Editor in 2.57 ms, found 3 plugins.
Assertion failed on expression: 'pred(*previous, *i)'
Assertion failed on expression: 'pred(*previous, *i)'
Native extension for WindowsStandalone target not found
[Package Manager] Failed to launch server process. Reason: Unity was launched with the -noUpm command-line argument
[Package Manager] Unable to send message (not connected to server process).
[Package Manager] Cannot connect to Unity Package Manager local server
Mono: successfully reloaded assembly
- Finished resetting the current domain, in  2.137 seconds
Domain Reload Profiling: 4577ms
	BeginReloadAssembly (873ms)
		ExecutionOrderSort (0ms)
		DisableScriptedObjects (31ms)
		BackupInstance (0ms)
		ReleaseScriptingObjects (0ms)
		CreateAndSetChildDomain (280ms)
	RebuildCommonClasses (118ms)
	RebuildNativeTypeToScriptingClass (37ms)
	initialDomainReloadingComplete (106ms)
	LoadAllAssembliesAndSetupDomain (1305ms)
		LoadAssemblies (1222ms)
		RebuildTransferFunctionScriptingTraits (0ms)
		AnalyzeDomain (485ms)
			TypeCache.Refresh (25ms)
				TypeCache.ScanAssembly (2ms)
			BuildScriptInfoCaches (434ms)
			ResolveRequiredComponents (18ms)
	FinalizeReload (2138ms)
		ReleaseScriptCaches (0ms)
		RebuildScriptCaches (0ms)
		SetupLoadedEditorAssemblies (1856ms)
			LogAssemblyErrors (0ms)
			InitializePlatformSupportModulesInManaged (4ms)
			SetLoadedEditorAssemblies (9ms)
			BeforeProcessingInitializeOnLoad (307ms)
			ProcessInitializeOnLoadAttributes (1427ms)
			ProcessInitializeOnLoadMethodAttributes (71ms)
			AfterProcessingInitializeOnLoad (38ms)
			EditorAssembliesLoaded (0ms)
		ExecutionOrderSort2 (0ms)
		AwakeInstancesAfterBackupRestoration (11ms)
Refreshing native plugins compatible for Editor in 2.73 ms, found 3 plugins.
Preloading 0 native plugins for Editor in 0.00 ms.
Unloading 12 Unused Serialized files (Serialized files now loaded: 0)
Unloading 4082 unused Assets / (3.9 MB). Loaded Objects now: 4719.
Memory consumption went from 107.9 MB to 104.1 MB.
Total: 12.117900 ms (FindLiveObjects: 0.819200 ms CreateObjectMapping: 0.416700 ms MarkObjects: 6.543500 ms  DeleteObjects: 4.336300 ms)

Prepare: number of updated asset objects reloaded= 0
========================================================================
Received Import Request.
  Time since last request: 1121.537179 seconds.
  path: Assets/script/SceneFlowController.cs
  artifactKey: Guid(e7e31796a14e506489d888203ec57a27) Importer(815301076,1909f56bfc062723c751e8b465ee728b)
Start importing Assets/script/SceneFlowController.cs using Guid(e7e31796a14e506489d888203ec57a27) Importer(815301076,1909f56bfc062723c751e8b465ee728b) (PreviewImporter) -> (artifact id: 'f66e27841a3a91523e78cbe57bec1518') in 0.0096226 seconds
Number of updated asset objects reloaded before import = 0Number of asset objects unloaded after import = 0

========================================================================
Received Prepare
Default GameObject BitMask: UI already registered
Begin MonoManager ReloadAssembly
[Licensing::Client] Successfully resolved entitlement details
- Loaded All Assemblies, in  1.746 seconds
Refreshing native plugins compatible for Editor in 5.09 ms, found 3 plugins.
Assertion failed on expression: 'pred(*previous, *i)'
Assertion failed on expression: 'pred(*previous, *i)'
Native extension for WindowsStandalone target not found
[Package Manager] Failed to launch server process. Reason: Unity was launched with the -noUpm command-line argument
[Package Manager] Unable to send message (not connected to server process).
[Package Manager] Cannot connect to Unity Package Manager local server
Mono: successfully reloaded assembly
- Finished resetting the current domain, in  1.996 seconds
Domain Reload Profiling: 3736ms
	BeginReloadAssembly (566ms)
		ExecutionOrderSort (0ms)
		DisableScriptedObjects (17ms)
		BackupInstance (0ms)
		ReleaseScriptingObjects (0ms)
		CreateAndSetChildDomain (111ms)
	RebuildCommonClasses (98ms)
	RebuildNativeTypeToScriptingClass (24ms)
	initialDomainReloadingComplete (103ms)
	LoadAllAssembliesAndSetupDomain (948ms)
		LoadAssemblies (887ms)
		RebuildTransferFunctionScriptingTraits (0ms)
		AnalyzeDomain (366ms)
			TypeCache.Refresh (12ms)
				TypeCache.ScanAssembly (0ms)
			BuildScriptInfoCaches (336ms)
			ResolveRequiredComponents (10ms)
	FinalizeReload (1998ms)
		ReleaseScriptCaches (0ms)
		RebuildScriptCaches (0ms)
		SetupLoadedEditorAssemblies (1701ms)
			LogAssemblyErrors (0ms)
			InitializePlatformSupportModulesInManaged (4ms)
			SetLoadedEditorAssemblies (8ms)
			BeforeProcessingInitializeOnLoad (342ms)
			ProcessInitializeOnLoadAttributes (1263ms)
			ProcessInitializeOnLoadMethodAttributes (65ms)
			AfterProcessingInitializeOnLoad (18ms)
			EditorAssembliesLoaded (0ms)
		ExecutionOrderSort2 (0ms)
		AwakeInstancesAfterBackupRestoration (10ms)
Refreshing native plugins compatible for Editor in 3.96 ms, found 3 plugins.
Preloading 0 native plugins for Editor in 0.00 ms.
Unloading 12 Unused Serialized files (Serialized files now loaded: 0)
Unloading 4082 unused Assets / (3.2 MB). Loaded Objects now: 4720.
Memory consumption went from 108.0 MB to 104.8 MB.
Total: 17.227800 ms (FindLiveObjects: 0.976400 ms CreateObjectMapping: 0.987500 ms MarkObjects: 9.874400 ms  DeleteObjects: 5.387100 ms)

Prepare: number of updated asset objects reloaded= 0
========================================================================
Received Import Request.
  Time since last request: 28.917631 seconds.
  path: Assets/Scenes 1/1TheCity.unity
  artifactKey: Guid(0d24b3222b5f4b94f8b798f9c98bbf21) Importer(815301076,1909f56bfc062723c751e8b465ee728b)
Start importing Assets/Scenes 1/1TheCity.unity using Guid(0d24b3222b5f4b94f8b798f9c98bbf21) Importer(815301076,1909f56bfc062723c751e8b465ee728b) (PreviewImporter) -> (artifact id: '1db0d290aada289d078dc5fff66ea7bc') in 0.0049886 seconds
Number of updated asset objects reloaded before import = 0Number of asset objects unloaded after import = 0

========================================================================
Received Prepare
Default GameObject BitMask: UI already registered
Begin MonoManager ReloadAssembly
- Loaded All Assemblies, in  1.358 seconds
Refreshing native plugins compatible for Editor in 4.24 ms, found 3 plugins.
Assertion failed on expression: 'pred(*previous, *i)'
Assertion failed on expression: 'pred(*previous, *i)'
Native extension for WindowsStandalone target not found
[Package Manager] Failed to launch server process. Reason: Unity was launched with the -noUpm command-line argument
[Package Manager] Unable to send message (not connected to server process).
[Package Manager] Cannot connect to Unity Package Manager local server
Mono: successfully reloaded assembly
- Finished resetting the current domain, in  1.811 seconds
Domain Reload Profiling: 3161ms
	BeginReloadAssembly (404ms)
		ExecutionOrderSort (0ms)
		DisableScriptedObjects (16ms)
		BackupInstance (0ms)
		ReleaseScriptingObjects (0ms)
		CreateAndSetChildDomain (79ms)
	RebuildCommonClasses (74ms)
	RebuildNativeTypeToScriptingClass (24ms)
	initialDomainReloadingComplete (56ms)
	LoadAllAssembliesAndSetupDomain (792ms)
		LoadAssemblies (673ms)
		RebuildTransferFunctionScriptingTraits (0ms)
		AnalyzeDomain (341ms)
			TypeCache.Refresh (13ms)
				TypeCache.ScanAssembly (0ms)
			BuildScriptInfoCaches (307ms)
			ResolveRequiredComponents (12ms)
	FinalizeReload (1811ms)
		ReleaseScriptCaches (0ms)
		RebuildScriptCaches (0ms)
		SetupLoadedEditorAssemblies (1541ms)
			LogAssemblyErrors (0ms)
			InitializePlatformSupportModulesInManaged (5ms)
			SetLoadedEditorAssemblies (5ms)
			BeforeProcessingInitializeOnLoad (293ms)
			ProcessInitializeOnLoadAttributes (1154ms)
			ProcessInitializeOnLoadMethodAttributes (70ms)
			AfterProcessingInitializeOnLoad (14ms)
			EditorAssembliesLoaded (0ms)
		ExecutionOrderSort2 (0ms)
		AwakeInstancesAfterBackupRestoration (11ms)
Refreshing native plugins compatible for Editor in 1.44 ms, found 3 plugins.
Preloading 0 native plugins for Editor in 0.00 ms.
Unloading 12 Unused Serialized files (Serialized files now loaded: 0)
Unloading 4082 unused Assets / (2.7 MB). Loaded Objects now: 4721.
Memory consumption went from 108.0 MB to 105.2 MB.
Total: 9.113200 ms (FindLiveObjects: 0.486700 ms CreateObjectMapping: 0.306200 ms MarkObjects: 5.814800 ms  DeleteObjects: 2.503500 ms)

Prepare: number of updated asset objects reloaded= 0
========================================================================
Received Import Request.
  Time since last request: 71.534609 seconds.
  path: Assets/Materials/aiStandardSurface1SG-color 1.mat
  artifactKey: Guid(cb801bd0b4a707d449cbfe8c7da7aabc) Importer(815301076,1909f56bfc062723c751e8b465ee728b)
Start importing Assets/Materials/aiStandardSurface1SG-color 1.mat using Guid(cb801bd0b4a707d449cbfe8c7da7aabc) Importer(815301076,1909f56bfc062723c751e8b465ee728b) (PreviewImporter) -> (artifact id: '82318dd1f34375ca3a4dd0812affe641') in 0.1581282 seconds
Number of updated asset objects reloaded before import = 0Number of asset objects unloaded after import = 2

========================================================================
Received Import Request.
  Time since last request: 0.000033 seconds.
  path: Assets/Materials/aiStandardSurface5.mat
  artifactKey: Guid(c82589300f7f79b4d891fd5090fff91d) Importer(815301076,1909f56bfc062723c751e8b465ee728b)
Start importing Assets/Materials/aiStandardSurface5.mat using Guid(c82589300f7f79b4d891fd5090fff91d) Importer(815301076,1909f56bfc062723c751e8b465ee728b) (PreviewImporter) -> (artifact id: '27bb20978538cd8762b6119f0f19a286') in 0.0242224 seconds
Number of updated asset objects reloaded before import = 0Number of asset objects unloaded after import = 1

========================================================================
Received Import Request.
  Time since last request: 0.000041 seconds.
  path: Assets/Materials/door_material1.mat
  artifactKey: Guid(35344d3ccd1f8c240b41cf5813d73096) Importer(815301076,1909f56bfc062723c751e8b465ee728b)
Start importing Assets/Materials/door_material1.mat using Guid(35344d3ccd1f8c240b41cf5813d73096) Importer(815301076,1909f56bfc062723c751e8b465ee728b) (PreviewImporter) -> (artifact id: 'ca6b48e7a0856103a8a4d05144161db5') in 0.0633599 seconds
Number of updated asset objects reloaded before import = 0Number of asset objects unloaded after import = 4

========================================================================
Received Import Request.
  Time since last request: 0.000024 seconds.
  path: Assets/Materials/Elevator hall-plaque_material1.mat
  artifactKey: Guid(a26297a5e88acc3488f980f827723e66) Importer(815301076,1909f56bfc062723c751e8b465ee728b)
Start importing Assets/Materials/Elevator hall-plaque_material1.mat using Guid(a26297a5e88acc3488f980f827723e66) Importer(815301076,1909f56bfc062723c751e8b465ee728b) (PreviewImporter) -> (artifact id: '2eb977dd3190c0f44e56b1db63c62455') in 0.062599 seconds
Number of updated asset objects reloaded before import = 0Number of asset objects unloaded after import = 5

========================================================================
Received Import Request.
  Time since last request: 0.000029 seconds.
  path: Assets/Materials/elevator-elevator_door_1_material1.mat
  artifactKey: Guid(bc2a2c9af2bb901468124b11b02cd91c) Importer(815301076,1909f56bfc062723c751e8b465ee728b)
Start importing Assets/Materials/elevator-elevator_door_1_material1.mat using Guid(bc2a2c9af2bb901468124b11b02cd91c) Importer(815301076,1909f56bfc062723c751e8b465ee728b) (PreviewImporter) -> (artifact id: '7869be4d79d318ec8fdc1cd66fa95083') in 0.1044169 seconds
Number of updated asset objects reloaded before import = 0Number of asset objects unloaded after import = 5

========================================================================
Received Import Request.
  Time since last request: 0.000073 seconds.
  path: Assets/Materials/elevator-emergency_button_material1.mat
  artifactKey: Guid(7d539925b443a8e468ac6746c910db5a) Importer(815301076,1909f56bfc062723c751e8b465ee728b)
Start importing Assets/Materials/elevator-emergency_button_material1.mat using Guid(7d539925b443a8e468ac6746c910db5a) Importer(815301076,1909f56bfc062723c751e8b465ee728b) (PreviewImporter) -> (artifact id: '575722c7c827cd83e6986decd5b4ce1c') in 0.0818634 seconds
Number of updated asset objects reloaded before import = 0Number of asset objects unloaded after import = 5

========================================================================
Received Import Request.
  Time since last request: 0.000048 seconds.
  path: Assets/Materials/elevator_door2.mat
  artifactKey: Guid(1fa36225271a9834690bbcf32b90a999) Importer(815301076,1909f56bfc062723c751e8b465ee728b)
Start importing Assets/Materials/elevator_door2.mat using Guid(1fa36225271a9834690bbcf32b90a999) Importer(815301076,1909f56bfc062723c751e8b465ee728b) (PreviewImporter) -> (artifact id: '7478504025855bbe8271eff351a6a03f') in 0.0690132 seconds
Number of updated asset objects reloaded before import = 0Number of asset objects unloaded after import = 4

========================================================================
Received Import Request.
  Time since last request: 0.000027 seconds.
  path: Assets/Materials/front_desk_material1.mat
  artifactKey: Guid(d6c3a114107608c418abba3d826d88ca) Importer(815301076,1909f56bfc062723c751e8b465ee728b)
Start importing Assets/Materials/front_desk_material1.mat using Guid(d6c3a114107608c418abba3d826d88ca) Importer(815301076,1909f56bfc062723c751e8b465ee728b) (PreviewImporter) -> (artifact id: '203dc5178003347303b5a58e48617bba') in 0.0770784 seconds
Number of updated asset objects reloaded before import = 0Number of asset objects unloaded after import = 4

========================================================================
Received Import Request.
  Time since last request: 0.000035 seconds.
  path: Assets/Materials/keyhole_material.mat
  artifactKey: Guid(84de162d1636f0e4a9706857d85583b5) Importer(815301076,1909f56bfc062723c751e8b465ee728b)
Start importing Assets/Materials/keyhole_material.mat using Guid(84de162d1636f0e4a9706857d85583b5) Importer(815301076,1909f56bfc062723c751e8b465ee728b) (PreviewImporter) -> (artifact id: '1b246b59084f1d59e97cc5f5e537f468') in 0.0777413 seconds
Number of updated asset objects reloaded before import = 0Number of asset objects unloaded after import = 4

========================================================================
Received Import Request.
  Time since last request: 0.000050 seconds.
  path: Assets/Materials/elevator-panel_material1.mat
  artifactKey: Guid(78f6ce5a579716e489c0a774c9f59165) Importer(815301076,1909f56bfc062723c751e8b465ee728b)
Start importing Assets/Materials/elevator-panel_material1.mat using Guid(78f6ce5a579716e489c0a774c9f59165) Importer(815301076,1909f56bfc062723c751e8b465ee728b) (PreviewImporter) -> (artifact id: '6f4a02e839b1d402c77da29510cbe3e6') in 0.0876987 seconds
Number of updated asset objects reloaded before import = 0Number of asset objects unloaded after import = 5

========================================================================
Received Import Request.
  Time since last request: 0.000037 seconds.
  path: Assets/Materials/elevator-grip_material1.mat
  artifactKey: Guid(7c4be18e4abcb3a4eaf79e7a2a627bf5) Importer(815301076,1909f56bfc062723c751e8b465ee728b)
Start importing Assets/Materials/elevator-grip_material1.mat using Guid(7c4be18e4abcb3a4eaf79e7a2a627bf5) Importer(815301076,1909f56bfc062723c751e8b465ee728b) (PreviewImporter) -> (artifact id: '73247009c04d83d273b34e932abdc6ea') in 0.0930936 seconds
Number of updated asset objects reloaded before import = 0Number of asset objects unloaded after import = 5

========================================================================
Received Import Request.
  Time since last request: 0.000035 seconds.
  path: Assets/Materials/elevator-wall_material1.mat
  artifactKey: Guid(20cbf194f870636499cc578113fdc982) Importer(815301076,1909f56bfc062723c751e8b465ee728b)
Start importing Assets/Materials/elevator-wall_material1.mat using Guid(20cbf194f870636499cc578113fdc982) Importer(815301076,1909f56bfc062723c751e8b465ee728b) (PreviewImporter) -> (artifact id: 'bc93deeebb6a071170453778a34e8801') in 0.1127424 seconds
Number of updated asset objects reloaded before import = 0Number of asset objects unloaded after import = 5

========================================================================
Received Import Request.
  Time since last request: 0.000043 seconds.
  path: Assets/Materials/elevator-screen_material1.mat
  artifactKey: Guid(4aee199ccbae53142b1b4836acb4eb91) Importer(815301076,1909f56bfc062723c751e8b465ee728b)
Start importing Assets/Materials/elevator-screen_material1.mat using Guid(4aee199ccbae53142b1b4836acb4eb91) Importer(815301076,1909f56bfc062723c751e8b465ee728b) (PreviewImporter) -> (artifact id: '8e29230225bb5b07d53d2469907d6367') in 0.103453 seconds
Number of updated asset objects reloaded before import = 0Number of asset objects unloaded after import = 5

========================================================================
Received Import Request.
  Time since last request: 0.000051 seconds.
  path: Assets/Materials/Elevator hall-door_knob_material1.mat
  artifactKey: Guid(36d0f3c9ab9d9664ea96839be5c51f13) Importer(815301076,1909f56bfc062723c751e8b465ee728b)
Start importing Assets/Materials/Elevator hall-door_knob_material1.mat using Guid(36d0f3c9ab9d9664ea96839be5c51f13) Importer(815301076,1909f56bfc062723c751e8b465ee728b) (PreviewImporter) -> (artifact id: '96ee36d20249f1d1f767d378ff9f33a0') in 0.107324 seconds
Number of updated asset objects reloaded before import = 0Number of asset objects unloaded after import = 5

========================================================================
Received Import Request.
  Time since last request: 0.000041 seconds.
  path: Assets/Materials/chair_material.mat
  artifactKey: Guid(e8ac87ef8f29d594f8562495b3b6fbb1) Importer(815301076,1909f56bfc062723c751e8b465ee728b)
Start importing Assets/Materials/chair_material.mat using Guid(e8ac87ef8f29d594f8562495b3b6fbb1) Importer(815301076,1909f56bfc062723c751e8b465ee728b) (PreviewImporter) -> (artifact id: '2e4bcac595f4aefab2be16acd7d62a8d') in 0.0891554 seconds
Number of updated asset objects reloaded before import = 0Number of asset objects unloaded after import = 4

========================================================================
Received Import Request.
  Time since last request: 0.000035 seconds.
  path: Assets/Materials/Elevator hall-door_material.mat
  artifactKey: Guid(88644d5dabad34f4a891fff8d7370fb3) Importer(815301076,1909f56bfc062723c751e8b465ee728b)
Start importing Assets/Materials/Elevator hall-door_material.mat using Guid(88644d5dabad34f4a891fff8d7370fb3) Importer(815301076,1909f56bfc062723c751e8b465ee728b) (PreviewImporter) -> (artifact id: 'c9ec9069f7c9520296b81fa8a5dbb23d') in 0.0334833 seconds
Number of updated asset objects reloaded before import = 0Number of asset objects unloaded after import = 1

========================================================================
Received Import Request.
  Time since last request: 0.000120 seconds.
  path: Assets/Materials/Elevator hall-door_1_material.mat
  artifactKey: Guid(d7a7a428135bcc648ae7a7c2eb9a5cbf) Importer(815301076,1909f56bfc062723c751e8b465ee728b)
Start importing Assets/Materials/Elevator hall-door_1_material.mat using Guid(d7a7a428135bcc648ae7a7c2eb9a5cbf) Importer(815301076,1909f56bfc062723c751e8b465ee728b) (PreviewImporter) -> (artifact id: 'f27a3d9f3c8d6911cdce72d221cf2f94') in 0.0348273 seconds
Number of updated asset objects reloaded before import = 0Number of asset objects unloaded after import = 1

========================================================================
Received Import Request.
  Time since last request: 0.000036 seconds.
  path: Assets/Materials/elevator-door_plaque_material1.mat
  artifactKey: Guid(d4c5fd58bc8496240ab269e323f352b2) Importer(815301076,1909f56bfc062723c751e8b465ee728b)
Start importing Assets/Materials/elevator-door_plaque_material1.mat using Guid(d4c5fd58bc8496240ab269e323f352b2) Importer(815301076,1909f56bfc062723c751e8b465ee728b) (PreviewImporter) -> (artifact id: '546e6ff5aee9db10d5a68f7710c8d6ea') in 0.1035041 seconds
Number of updated asset objects reloaded before import = 0Number of asset objects unloaded after import = 5

========================================================================
Received Import Request.
  Time since last request: 0.000031 seconds.
  path: Assets/Materials/elevator-elevator_metal_door_2_material2.mat
  artifactKey: Guid(8cdda28400b61cc4cae40b70823a6b29) Importer(815301076,1909f56bfc062723c751e8b465ee728b)
Start importing Assets/Materials/elevator-elevator_metal_door_2_material2.mat using Guid(8cdda28400b61cc4cae40b70823a6b29) Importer(815301076,1909f56bfc062723c751e8b465ee728b) (PreviewImporter) -> (artifact id: '93963ab8f8e4c62782128af23364539b') in 0.1054626 seconds
Number of updated asset objects reloaded before import = 0Number of asset objects unloaded after import = 5

========================================================================
Received Import Request.
  Time since last request: 0.000052 seconds.
  path: Assets/Materials/elevator-elevator_door_1_metal_material.mat
  artifactKey: Guid(5ed5a27cfdf4f9448a0707bb1c144fd9) Importer(815301076,1909f56bfc062723c751e8b465ee728b)
Start importing Assets/Materials/elevator-elevator_door_1_metal_material.mat using Guid(5ed5a27cfdf4f9448a0707bb1c144fd9) Importer(815301076,1909f56bfc062723c751e8b465ee728b) (PreviewImporter) -> (artifact id: 'bbf5af2953a691de9d676eadf4101e16') in 0.0950021 seconds
Number of updated asset objects reloaded before import = 0Number of asset objects unloaded after import = 5

========================================================================
Received Import Request.
  Time since last request: 0.000052 seconds.
  path: Assets/Materials/elevator-screw_material1.mat
  artifactKey: Guid(9e482003fcfc6be40a49e539cd5c79ae) Importer(815301076,1909f56bfc062723c751e8b465ee728b)
Start importing Assets/Materials/elevator-screw_material1.mat using Guid(9e482003fcfc6be40a49e539cd5c79ae) Importer(815301076,1909f56bfc062723c751e8b465ee728b) (PreviewImporter) -> (artifact id: '8eb3e57cfc154c940913ee05eb36ab87') in 0.0938402 seconds
Number of updated asset objects reloaded before import = 0Number of asset objects unloaded after import = 4

========================================================================
Received Import Request.
  Time since last request: 0.000029 seconds.
  path: Assets/Materials/Elevator hall-floro_material.mat
  artifactKey: Guid(827d90c1b35e8ed4791786abfb26baf3) Importer(815301076,1909f56bfc062723c751e8b465ee728b)
Start importing Assets/Materials/Elevator hall-floro_material.mat using Guid(827d90c1b35e8ed4791786abfb26baf3) Importer(815301076,1909f56bfc062723c751e8b465ee728b) (PreviewImporter) -> (artifact id: '7879627a89a0d459cf9cf29630552599') in 0.033507 seconds
Number of updated asset objects reloaded before import = 0Number of asset objects unloaded after import = 1

Editor requested this worker to shutdown with reason: Scaling down because of idle timeout
AssetImportWorkerClient::OnTransportError - code=2 error=End of file
AssetImportWorker is now disconnected from the server
Process exiting
Exiting without the bug reporter. Application will terminate with return code 0