[Licensing::Module] Trying to connect to existing licensing client channel...
[Licensing::IpcConnector] Successfully connected to: "LicenseClient-monem" at "2026-03-17T19:56:56.5997084Z"
Built from '6000.2/respin/6000.2.7f1-2eb0c79396db' branch; Version is '6000.2.7f2 (2b518236b676) revision 2838914'; Using compiler version '194234433'; Build Type 'Release'
OS: 'Windows 11  (10.0.26200) 64bit Core' Language: 'en' Physical Memory: 16095 MB
BatchMode: 1, IsHumanControllingUs: 0, StartBugReporterOnCrash: 0, Is64bit: 1
Date: 2026-03-17T19:56:56Z

COMMAND LINE ARGUMENTS:
C:\Program Files\Unity\Hub\Editor\6000.2.7f2\Editor\Unity.exe
-adb2
-batchMode
-noUpm
-name
AssetImportWorker3
-projectPath
C:/Users/monem/OneDrive/Documents/Hellevator/Test
-logFile
Logs/AssetImportWorker3.log
-srvPort
63212
-licensingIpc
LicenseClient-monem
-job-worker-count
5
-background-job-worker-count
8
-gc-helper-count
1
-name
AssetImport
Successfully changed project path to: C:/Users/monem/OneDrive/Documents/Hellevator/Test
C:/Users/monem/OneDrive/Documents/Hellevator/Test
[UnityMemory] Configuration Parameters - Can be set up in boot.config
    "memorysetup-allocator-temp-initial-block-size-main=262144"
    "memorysetup-allocator-temp-initial-block-size-worker=262144"
    "memorysetup-bucket-allocator-granularity=16"
    "memorysetup-bucket-allocator-bucket-count=8"
    "memorysetup-bucket-allocator-block-size=33554432"
    "memorysetup-bucket-allocator-block-count=8"
    "memorysetup-main-allocator-block-size=16777216"
    "memorysetup-thread-allocator-block-size=16777216"
    "memorysetup-gfx-main-allocator-block-size=16777216"
    "memorysetup-gfx-thread-allocator-block-size=16777216"
    "memorysetup-cache-allocator-block-size=4194304"
    "memorysetup-typetree-allocator-block-size=2097152"
    "memorysetup-profiler-bucket-allocator-granularity=16"
    "memorysetup-profiler-bucket-allocator-bucket-count=8"
    "memorysetup-profiler-bucket-allocator-block-size=33554432"
    "memorysetup-profiler-bucket-allocator-block-count=8"
    "memorysetup-profiler-allocator-block-size=16777216"
    "memorysetup-profiler-editor-allocator-block-size=1048576"
    "memorysetup-temp-allocator-size-main=16777216"
    "memorysetup-job-temp-allocator-block-size=2097152"
    "memorysetup-job-temp-allocator-block-size-background=1048576"
    "memorysetup-job-temp-allocator-reduction-small-platforms=262144"
    "memorysetup-temp-allocator-size-background-worker=32768"
    "memorysetup-temp-allocator-size-job-worker=262144"
    "memorysetup-temp-allocator-size-preload-manager=33554432"
    "memorysetup-temp-allocator-size-nav-mesh-worker=65536"
    "memorysetup-temp-allocator-size-audio-worker=65536"
    "memorysetup-temp-allocator-size-cloud-worker=32768"
    "memorysetup-temp-allocator-size-gi-baking-worker=262144"
    "memorysetup-temp-allocator-size-gi-baking-worker=262144"
    "memorysetup-temp-allocator-size-gi-baking-worker=262144"
    "memorysetup-temp-allocator-size-gi-baking-worker=262144"
    "memorysetup-temp-allocator-size-gi-baking-worker=262144"
    "memorysetup-temp-allocator-size-gfx=262144"
Player connection [38308]  Target information:

Player connection [38308]  * "[IP] 10.246.24.195 [Port] 0 [Flags] 2 [Guid] 3905267058 [EditorId] 3905267058 [Version] 1048832 [Id] WindowsEditor(7,Mari) [Debug] 1 [PackageName] WindowsEditor [ProjectName] Editor" 

Player connection [38308] Host joined multi-casting on [225.0.0.222:54997]...
Player connection [38308] Host joined alternative multi-casting on [225.0.0.222:34997]...
JobSystem: Creating JobQueue using job-worker-count value 5
Input System module state changed to: Initialized.
[Physics::Module] Initialized fallback backend.
[Physics::Module] Id: 0xdecafbad
[Licensing::Client] Code 10 while verifying Licensing Client signature (process Id: 40516, path: "C:/Program Files/Unity Hub/UnityLicensingClient_V1/Unity.Licensing.Client.exe")
[Licensing::Module] LicensingClient has failed validation; ignoring
[Licensing::Client] Handshaking with LicensingClient:
  Version:                 1.17.3+a4e98f1
  Session Id:              0925a56d17ab448191ccfb9397d5fdd8
  Correlation Id:          b903c5826049b10482d8ff6cb412063a
  External correlation Id: 1809756877942311710
  Machine Id:              OASaQYjp0d04xwOYOMSR1gb4iig=
[Licensing::Module] Successfully connected to LicensingClient on channel: "LicenseClient-monem" (connect: 0.00s, validation: 0.01s, handshake: 0.13s)
[Licensing::IpcConnector] Successfully connected to: "LicenseClient-monem-notifications" at "2026-03-17T19:56:56.7379118Z"
[Licensing::Module] Licensing Background thread has ended after 0.14s
Library Redirect Path: Library/
[Physics::Module] Selected backend.
[Physics::Module] Name: PhysX
[Physics::Module] Id: 0xf2b8ea05
[Physics::Module] SDK Version: 4.1.2
[Physics::Module] Integration Version: 1.0.0
[Physics::Module] Threading Mode: Multi-Threaded
Refreshing native plugins compatible for Editor in 15.35 ms, found 3 plugins.
Preloading 0 native plugins for Editor in 0.00 ms.
Initialize engine version: 6000.2.7f2 (2b518236b676)
[Subsystems] Discovering subsystems at path C:/Program Files/Unity/Hub/Editor/6000.2.7f2/Editor/Data/Resources/UnitySubsystems
[Subsystems] Discovering subsystems at path C:/Users/monem/OneDrive/Documents/Hellevator/Test/Assets
GfxDevice: creating device client; kGfxThreadingModeNonThreaded
Direct3D:
    Version:  Direct3D 11.0 [level 11.1]
    Renderer: Intel(R) Iris(R) Xe Graphics (ID=0x46a8)
    Vendor:   Intel
    VRAM:     8047 MB
    Driver:   31.0.101.4255
Initialize mono
Mono path[0] = 'C:/Program Files/Unity/Hub/Editor/6000.2.7f2/Editor/Data/Managed'
Mono path[1] = 'C:/Program Files/Unity/Hub/Editor/6000.2.7f2/Editor/Data/MonoBleedingEdge/lib/mono/unityjit-win32'
Mono config path = 'C:/Program Files/Unity/Hub/Editor/6000.2.7f2/Editor/Data/MonoBleedingEdge/etc'
Using monoOptions --debugger-agent=transport=dt_socket,embedding=1,server=y,suspend=n,address=127.0.0.1:56476
Begin MonoManager ReloadAssembly
Registering precompiled unity dll's ...
Register platform support module: C:/Program Files/Unity/Hub/Editor/6000.2.7f2/Editor/Data/PlaybackEngines/WindowsStandaloneSupport/UnityEditor.WindowsStandalone.Extensions.dll
Registered in 0.002679 seconds.
- Loaded All Assemblies, in  0.653 seconds
Native extension for WindowsStandalone target not found
Mono: successfully reloaded assembly
- Finished resetting the current domain, in  0.748 seconds
Domain Reload Profiling: 1398ms
	BeginReloadAssembly (225ms)
		ExecutionOrderSort (0ms)
		DisableScriptedObjects (0ms)
		BackupInstance (0ms)
		ReleaseScriptingObjects (0ms)
		CreateAndSetChildDomain (1ms)
	RebuildCommonClasses (56ms)
	RebuildNativeTypeToScriptingClass (27ms)
	initialDomainReloadingComplete (79ms)
	LoadAllAssembliesAndSetupDomain (263ms)
		LoadAssemblies (220ms)
		RebuildTransferFunctionScriptingTraits (0ms)
		AnalyzeDomain (258ms)
			TypeCache.Refresh (256ms)
				TypeCache.ScanAssembly (236ms)
			BuildScriptInfoCaches (0ms)
			ResolveRequiredComponents (1ms)
	FinalizeReload (749ms)
		ReleaseScriptCaches (0ms)
		RebuildScriptCaches (0ms)
		SetupLoadedEditorAssemblies (675ms)
			LogAssemblyErrors (0ms)
			InitializePlatformSupportModulesInManaged (87ms)
			SetLoadedEditorAssemblies (7ms)
			BeforeProcessingInitializeOnLoad (125ms)
			ProcessInitializeOnLoadAttributes (332ms)
			ProcessInitializeOnLoadMethodAttributes (124ms)
			AfterProcessingInitializeOnLoad (0ms)
			EditorAssembliesLoaded (0ms)
		ExecutionOrderSort2 (0ms)
		AwakeInstancesAfterBackupRestoration (0ms)
========================================================================
Worker process is ready to serve import requests
Import Worker Mode flag is 0x00
Begin MonoManager ReloadAssembly
[Licensing::Client] Successfully resolved entitlement details
[Licensing::Module] License group:
  Id: 2475360401423-UnityPersXXXX
  Product: Unity Personal
  Type: Assigned
  Expiration: Unlimited
- Loaded All Assemblies, in  0.967 seconds
Refreshing native plugins compatible for Editor in 1.57 ms, found 3 plugins.
Native extension for WindowsStandalone target not found
Package Manager log level set to [2]
[Package Manager] Failed to launch server process. Reason: Unity was launched with the -noUpm command-line argument
[Package Manager] Unable to send message (not connected to server process).
[Package Manager] Cannot connect to Unity Package Manager local server
Mono: successfully reloaded assembly
- Finished resetting the current domain, in  1.110 seconds
Domain Reload Profiling: 2072ms
	BeginReloadAssembly (270ms)
		ExecutionOrderSort (0ms)
		DisableScriptedObjects (9ms)
		BackupInstance (0ms)
		ReleaseScriptingObjects (0ms)
		CreateAndSetChildDomain (36ms)
	RebuildCommonClasses (48ms)
	RebuildNativeTypeToScriptingClass (15ms)
	initialDomainReloadingComplete (52ms)
	LoadAllAssembliesAndSetupDomain (576ms)
		LoadAssemblies (454ms)
		RebuildTransferFunctionScriptingTraits (0ms)
		AnalyzeDomain (272ms)
			TypeCache.Refresh (220ms)
				TypeCache.ScanAssembly (205ms)
			BuildScriptInfoCaches (40ms)
			ResolveRequiredComponents (7ms)
	FinalizeReload (1110ms)
		ReleaseScriptCaches (0ms)
		RebuildScriptCaches (0ms)
		SetupLoadedEditorAssemblies (972ms)
			LogAssemblyErrors (0ms)
			InitializePlatformSupportModulesInManaged (2ms)
			SetLoadedEditorAssemblies (4ms)
			BeforeProcessingInitializeOnLoad (139ms)
			ProcessInitializeOnLoadAttributes (778ms)
			ProcessInitializeOnLoadMethodAttributes (42ms)
			AfterProcessingInitializeOnLoad (6ms)
			EditorAssembliesLoaded (0ms)
		ExecutionOrderSort2 (0ms)
		AwakeInstancesAfterBackupRestoration (9ms)
Launched and connected shader compiler UnityShaderCompiler.exe after 0.03 seconds
Refreshing native plugins compatible for Editor in 1.77 ms, found 3 plugins.
Preloading 0 native plugins for Editor in 0.00 ms.
Unloading 12 Unused Serialized files (Serialized files now loaded: 0)
Unloading 4083 unused Assets / (2.9 MB). Loaded Objects now: 4631.
Memory consumption went from 95.0 MB to 92.1 MB.
Total: 13.834400 ms (FindLiveObjects: 0.965300 ms CreateObjectMapping: 0.828000 ms MarkObjects: 9.378100 ms  DeleteObjects: 2.660900 ms)

========================================================================
Received Prepare
Begin MonoManager ReloadAssembly
[Licensing::Client] Successfully resolved entitlement details
- Loaded All Assemblies, in  1.608 seconds
Refreshing native plugins compatible for Editor in 2.09 ms, found 3 plugins.
Native extension for WindowsStandalone target not found
[Package Manager] Failed to launch server process. Reason: Unity was launched with the -noUpm command-line argument
[Package Manager] Unable to send message (not connected to server process).
[Package Manager] Cannot connect to Unity Package Manager local server
Mono: successfully reloaded assembly
- Finished resetting the current domain, in  2.023 seconds
Domain Reload Profiling: 3616ms
	BeginReloadAssembly (409ms)
		ExecutionOrderSort (0ms)
		DisableScriptedObjects (9ms)
		BackupInstance (0ms)
		ReleaseScriptingObjects (0ms)
		CreateAndSetChildDomain (87ms)
	RebuildCommonClasses (98ms)
	RebuildNativeTypeToScriptingClass (35ms)
	initialDomainReloadingComplete (59ms)
	LoadAllAssembliesAndSetupDomain (992ms)
		LoadAssemblies (797ms)
		RebuildTransferFunctionScriptingTraits (0ms)
		AnalyzeDomain (399ms)
			TypeCache.Refresh (18ms)
				TypeCache.ScanAssembly (2ms)
			BuildScriptInfoCaches (359ms)
			ResolveRequiredComponents (15ms)
	FinalizeReload (2024ms)
		ReleaseScriptCaches (0ms)
		RebuildScriptCaches (0ms)
		SetupLoadedEditorAssemblies (1802ms)
			LogAssemblyErrors (0ms)
			InitializePlatformSupportModulesInManaged (5ms)
			SetLoadedEditorAssemblies (10ms)
			BeforeProcessingInitializeOnLoad (325ms)
			ProcessInitializeOnLoadAttributes (1403ms)
			ProcessInitializeOnLoadMethodAttributes (49ms)
			AfterProcessingInitializeOnLoad (11ms)
			EditorAssembliesLoaded (0ms)
		ExecutionOrderSort2 (0ms)
		AwakeInstancesAfterBackupRestoration (11ms)
Refreshing native plugins compatible for Editor in 1.67 ms, found 3 plugins.
Preloading 0 native plugins for Editor in 0.00 ms.
Unloading 12 Unused Serialized files (Serialized files now loaded: 0)
Unloading 4081 unused Assets / (2.5 MB). Loaded Objects now: 4633.
Memory consumption went from 95.0 MB to 92.5 MB.
Total: 11.743400 ms (FindLiveObjects: 0.556200 ms CreateObjectMapping: 0.369800 ms MarkObjects: 9.169300 ms  DeleteObjects: 1.646100 ms)

Prepare: number of updated asset objects reloaded= 0
========================================================================
Received Prepare
Begin MonoManager ReloadAssembly
- Loaded All Assemblies, in  1.401 seconds
Refreshing native plugins compatible for Editor in 1.82 ms, found 3 plugins.
Native extension for WindowsStandalone target not found
[Package Manager] Failed to launch server process. Reason: Unity was launched with the -noUpm command-line argument
[Package Manager] Unable to send message (not connected to server process).
[Package Manager] Cannot connect to Unity Package Manager local server
Mono: successfully reloaded assembly
- Finished resetting the current domain, in  1.957 seconds
Domain Reload Profiling: 3352ms
	BeginReloadAssembly (403ms)
		ExecutionOrderSort (0ms)
		DisableScriptedObjects (13ms)
		BackupInstance (0ms)
		ReleaseScriptingObjects (0ms)
		CreateAndSetChildDomain (72ms)
	RebuildCommonClasses (85ms)
	RebuildNativeTypeToScriptingClass (23ms)
	initialDomainReloadingComplete (55ms)
	LoadAllAssembliesAndSetupDomain (827ms)
		LoadAssemblies (680ms)
		RebuildTransferFunctionScriptingTraits (0ms)
		AnalyzeDomain (353ms)
			TypeCache.Refresh (14ms)
				TypeCache.ScanAssembly (0ms)
			BuildScriptInfoCaches (316ms)
			ResolveRequiredComponents (14ms)
	FinalizeReload (1958ms)
		ReleaseScriptCaches (0ms)
		RebuildScriptCaches (0ms)
		SetupLoadedEditorAssemblies (1658ms)
			LogAssemblyErrors (0ms)
			InitializePlatformSupportModulesInManaged (4ms)
			SetLoadedEditorAssemblies (6ms)
			BeforeProcessingInitializeOnLoad (313ms)
			ProcessInitializeOnLoadAttributes (1229ms)
			ProcessInitializeOnLoadMethodAttributes (84ms)
			AfterProcessingInitializeOnLoad (22ms)
			EditorAssembliesLoaded (0ms)
		ExecutionOrderSort2 (0ms)
		AwakeInstancesAfterBackupRestoration (27ms)
Refreshing native plugins compatible for Editor in 1.95 ms, found 3 plugins.
Preloading 0 native plugins for Editor in 0.00 ms.
Unloading 12 Unused Serialized files (Serialized files now loaded: 0)
Unloading 4081 unused Assets / (2.6 MB). Loaded Objects now: 4634.
Memory consumption went from 95.0 MB to 92.4 MB.
Total: 11.933900 ms (FindLiveObjects: 0.932600 ms CreateObjectMapping: 0.404800 ms MarkObjects: 8.051900 ms  DeleteObjects: 2.541600 ms)

Prepare: number of updated asset objects reloaded= 0
========================================================================
Received Prepare
Refreshing native plugins compatible for Editor in 1.83 ms, found 3 plugins.
Preloading 0 native plugins for Editor in 0.00 ms.
Unloading 12 Unused Serialized files (Serialized files now loaded: 0)
Unloading 4072 unused Assets / (2.8 MB). Loaded Objects now: 4632.
Memory consumption went from 95.2 MB to 92.4 MB.
Total: 213.073300 ms (FindLiveObjects: 1.808200 ms CreateObjectMapping: 0.365900 ms MarkObjects: 207.379600 ms  DeleteObjects: 3.498100 ms)

Prepare: number of updated asset objects reloaded= 0
========================================================================
Received Prepare
Refreshing native plugins compatible for Editor in 10.67 ms, found 3 plugins.
Preloading 0 native plugins for Editor in 0.00 ms.
Unloading 12 Unused Serialized files (Serialized files now loaded: 0)
Unloading 4072 unused Assets / (3.0 MB). Loaded Objects now: 4632.
Memory consumption went from 95.2 MB to 92.2 MB.
Total: 14.345000 ms (FindLiveObjects: 0.455100 ms CreateObjectMapping: 0.388600 ms MarkObjects: 11.133900 ms  DeleteObjects: 2.364500 ms)

Prepare: number of updated asset objects reloaded= 0
========================================================================
Received Import Request.
  Time since last request: 434417.676791 seconds.
  path: Assets/script/KillEventController.cs
  artifactKey: Guid(931b73da430698e468aa60ab758e2f5b) Importer(815301076,1909f56bfc062723c751e8b465ee728b)
Start importing Assets/script/KillEventController.cs using Guid(931b73da430698e468aa60ab758e2f5b) Importer(815301076,1909f56bfc062723c751e8b465ee728b) (PreviewImporter) -> (artifact id: 'aba9ccfe85dab4fd29a3cf9da2007a7c') in 0.2007491 seconds
Number of updated asset objects reloaded before import = 0Number of asset objects unloaded after import = 0

========================================================================
Received Prepare
Refreshing native plugins compatible for Editor in 2.46 ms, found 3 plugins.
Preloading 0 native plugins for Editor in 0.00 ms.
Unloading 12 Unused Serialized files (Serialized files now loaded: 0)
Unloading 4072 unused Assets / (3.0 MB). Loaded Objects now: 4634.
Memory consumption went from 96.0 MB to 93.0 MB.
Total: 12.926300 ms (FindLiveObjects: 0.475200 ms CreateObjectMapping: 0.410200 ms MarkObjects: 9.508600 ms  DeleteObjects: 2.529900 ms)

Prepare: number of updated asset objects reloaded= 0
========================================================================
Received Import Request.
  Time since last request: 95.437554 seconds.
  path: Assets/script/InputSystem_Actions.cs
  artifactKey: Guid(992f1169815a93a4f86a503699b6b507) Importer(2089858483,192608db42251d675da83286b1cce702)
Start importing Assets/script/InputSystem_Actions.cs using Guid(992f1169815a93a4f86a503699b6b507) Importer(2089858483,192608db42251d675da83286b1cce702) (ScriptedImporter) -> (artifact id: '09e846def4bd80217b6dbd20e9206224') in 0.7163913 seconds
Number of updated asset objects reloaded before import = 0Number of asset objects unloaded after import = 0

========================================================================
Received Import Request.
  Time since last request: 0.000241 seconds.
  path: Assets/office texture/office_window_material_Roughness.png
  artifactKey: Guid(87e83716a62fdbc47812fb9f87ee8787) Importer(2089858483,192608db42251d675da83286b1cce702)
Start importing Assets/office texture/office_window_material_Roughness.png using Guid(87e83716a62fdbc47812fb9f87ee8787) Importer(2089858483,192608db42251d675da83286b1cce702) (ScriptedImporter) -> (artifact id: '3774cba143ff0cb1b39e3bc22dc59504') in 0.2527222 seconds
Number of updated asset objects reloaded before import = 0Number of asset objects unloaded after import = 1

========================================================================
Received Import Request.
  Time since last request: 0.000106 seconds.
  path: Assets/Materials/office-vending_machine_material1.mat
  artifactKey: Guid(adf8fdc8bff4ff348be1e2980cca6eaf) Importer(2089858483,192608db42251d675da83286b1cce702)
Start importing Assets/Materials/office-vending_machine_material1.mat using Guid(adf8fdc8bff4ff348be1e2980cca6eaf) Importer(2089858483,192608db42251d675da83286b1cce702) (ScriptedImporter) -> (artifact id: '956dc137da0a935ba1e003b5dcc44263') in 0.2422042 seconds
Number of updated asset objects reloaded before import = 0Number of asset objects unloaded after import = 5

========================================================================
Received Import Request.
  Time since last request: 0.000039 seconds.
  path: Assets/Materials/Elevator hall-door_material.mat
  artifactKey: Guid(88644d5dabad34f4a891fff8d7370fb3) Importer(2089858483,192608db42251d675da83286b1cce702)
Start importing Assets/Materials/Elevator hall-door_material.mat using Guid(88644d5dabad34f4a891fff8d7370fb3) Importer(2089858483,192608db42251d675da83286b1cce702) (ScriptedImporter) -> (artifact id: '44616399ef5514f39fdc9898120cdbf4') in 0.0610541 seconds
Number of updated asset objects reloaded before import = 0Number of asset objects unloaded after import = 1

========================================================================
Received Import Request.
  Time since last request: 0.000177 seconds.
  path: Assets/elevator texture/elevator_ceetification_material_Roughness.png
  artifactKey: Guid(9a5b9e027c947924fab6adaa9a3172b4) Importer(2089858483,192608db42251d675da83286b1cce702)
Start importing Assets/elevator texture/elevator_ceetification_material_Roughness.png using Guid(9a5b9e027c947924fab6adaa9a3172b4) Importer(2089858483,192608db42251d675da83286b1cce702) (ScriptedImporter) -> (artifact id: 'c88c938a379937af8fab11a1bd8a5244') in 0.0776266 seconds
Number of updated asset objects reloaded before import = 0Number of asset objects unloaded after import = 1

========================================================================
Received Import Request.
  Time since last request: 0.000079 seconds.
  path: Assets/office texture/office_mail_box_material_Roughness_Raw_ACEScg.png.tx
  artifactKey: Guid(7746acc8385810b47a9760b469378e2f) Importer(2089858483,192608db42251d675da83286b1cce702)
Start importing Assets/office texture/office_mail_box_material_Roughness_Raw_ACEScg.png.tx using Guid(7746acc8385810b47a9760b469378e2f) Importer(2089858483,192608db42251d675da83286b1cce702) (ScriptedImporter) -> (artifact id: 'ff215ff91958793a161ae97c5b279983') in 0.0332527 seconds
Number of updated asset objects reloaded before import = 0Number of asset objects unloaded after import = 1

========================================================================
Received Import Request.
  Time since last request: 0.000154 seconds.
  path: Assets/office texture/office_mail_box_material_BaseColor_sRGB_ACEScg.png.tx
  artifactKey: Guid(f38c2c533f32f154aa6b26c1a4969916) Importer(2089858483,192608db42251d675da83286b1cce702)
Start importing Assets/office texture/office_mail_box_material_BaseColor_sRGB_ACEScg.png.tx using Guid(f38c2c533f32f154aa6b26c1a4969916) Importer(2089858483,192608db42251d675da83286b1cce702) (ScriptedImporter) -> (artifact id: '92daf649e8af8a27abff9da43bc6a34e') in 0.0296276 seconds
Number of updated asset objects reloaded before import = 0Number of asset objects unloaded after import = 1

========================================================================
Received Import Request.
  Time since last request: 0.000042 seconds.
  path: Assets/office texture/office_vending_machine_material_Metallic_Raw_ACEScg.png.tx
  artifactKey: Guid(a346227101bfa9244920b7d674033441) Importer(2089858483,192608db42251d675da83286b1cce702)
Start importing Assets/office texture/office_vending_machine_material_Metallic_Raw_ACEScg.png.tx using Guid(a346227101bfa9244920b7d674033441) Importer(2089858483,192608db42251d675da83286b1cce702) (ScriptedImporter) -> (artifact id: 'e13678284ea606886d26667d3fcadaaa') in 0.0339424 seconds
Number of updated asset objects reloaded before import = 0Number of asset objects unloaded after import = 1

========================================================================
Received Import Request.
  Time since last request: 0.000042 seconds.
  path: Assets/office texture/office_front_desk_material_Metallic.png
  artifactKey: Guid(6af2a344814333848a95fe4918d7f9e3) Importer(2089858483,192608db42251d675da83286b1cce702)
Start importing Assets/office texture/office_front_desk_material_Metallic.png using Guid(6af2a344814333848a95fe4918d7f9e3) Importer(2089858483,192608db42251d675da83286b1cce702) (ScriptedImporter) -> (artifact id: '62cc1f479e63d89e1e250c64e8129bad') in 0.0865562 seconds
Number of updated asset objects reloaded before import = 0Number of asset objects unloaded after import = 1

========================================================================
Received Import Request.
  Time since last request: 0.000400 seconds.
  path: Assets/Elevator hall/Elevator hall_floor_material_BaseColor.png
  artifactKey: Guid(ac961d7dbd7b9694c8f5e690b3b8bb66) Importer(2089858483,192608db42251d675da83286b1cce702)
Start importing Assets/Elevator hall/Elevator hall_floor_material_BaseColor.png using Guid(ac961d7dbd7b9694c8f5e690b3b8bb66) Importer(2089858483,192608db42251d675da83286b1cce702) (ScriptedImporter) -> (artifact id: '208ef02def90345c49b306a4dcd6b34b') in 0.074796 seconds
Number of updated asset objects reloaded before import = 0Number of asset objects unloaded after import = 1

========================================================================
Received Import Request.
  Time since last request: 0.000123 seconds.
  path: Assets/Elevator hall/Elevator hall_wall_material_BaseColor.png
  artifactKey: Guid(7ccbcbe6ed7732c4db3ac8abbf4aefe6) Importer(2089858483,192608db42251d675da83286b1cce702)
Start importing Assets/Elevator hall/Elevator hall_wall_material_BaseColor.png using Guid(7ccbcbe6ed7732c4db3ac8abbf4aefe6) Importer(2089858483,192608db42251d675da83286b1cce702) (ScriptedImporter) -> (artifact id: '4076bab8c50e899371880d8e5c705acb') in 0.0671274 seconds
Number of updated asset objects reloaded before import = 0Number of asset objects unloaded after import = 1

========================================================================
Received Import Request.
  Time since last request: 0.000038 seconds.
  path: Assets/elevator texture/elevator_elevator_door_1_material_Normal.png
  artifactKey: Guid(be7e4b69ac113b8459178635711ebb27) Importer(2089858483,192608db42251d675da83286b1cce702)
Start importing Assets/elevator texture/elevator_elevator_door_1_material_Normal.png using Guid(be7e4b69ac113b8459178635711ebb27) Importer(2089858483,192608db42251d675da83286b1cce702) (ScriptedImporter) -> (artifact id: '796e71aa6b00f9c3d17b686ea54fbe46') in 0.0968008 seconds
Number of updated asset objects reloaded before import = 0Number of asset objects unloaded after import = 1

========================================================================
Received Import Request.
  Time since last request: 0.000173 seconds.
  path: Assets/Materials/office-elevator_frame1.mat
  artifactKey: Guid(c640bcb7ae13bce4fb461fb06d26d7ea) Importer(2089858483,192608db42251d675da83286b1cce702)
Start importing Assets/Materials/office-elevator_frame1.mat using Guid(c640bcb7ae13bce4fb461fb06d26d7ea) Importer(2089858483,192608db42251d675da83286b1cce702) (ScriptedImporter) -> (artifact id: 'eea506a69d74d5bcaa74ec7b2889b92c') in 0.1265355 seconds
Number of updated asset objects reloaded before import = 0Number of asset objects unloaded after import = 5

========================================================================
Received Import Request.
  Time since last request: 0.000076 seconds.
  path: Assets/Materials/elevator-certification_material.mat
  artifactKey: Guid(2866fc871151625429473ac88b16250b) Importer(2089858483,192608db42251d675da83286b1cce702)
Start importing Assets/Materials/elevator-certification_material.mat using Guid(2866fc871151625429473ac88b16250b) Importer(2089858483,192608db42251d675da83286b1cce702) (ScriptedImporter) -> (artifact id: 'ae65ceb7255112eb326f0ba965110baf') in 0.0980339 seconds
Number of updated asset objects reloaded before import = 0Number of asset objects unloaded after import = 5

========================================================================
Received Import Request.
  Time since last request: 0.000125 seconds.
  path: Assets/office texture/office_wall_material_BaseColor_sRGB_ACEScg.png.tx
  artifactKey: Guid(c37bfe09046feaa46bbc3ea2bf33a79c) Importer(2089858483,192608db42251d675da83286b1cce702)
Start importing Assets/office texture/office_wall_material_BaseColor_sRGB_ACEScg.png.tx using Guid(c37bfe09046feaa46bbc3ea2bf33a79c) Importer(2089858483,192608db42251d675da83286b1cce702) (ScriptedImporter) -> (artifact id: '59849e75887ab4c7edc5414884f6f6b5') in 0.0328323 seconds
Number of updated asset objects reloaded before import = 0Number of asset objects unloaded after import = 1

========================================================================
Received Import Request.
  Time since last request: 0.000244 seconds.
  path: Assets/Materials/floor_material1.mat
  artifactKey: Guid(c6a565f12b726d74192e4079b5245ed1) Importer(2089858483,192608db42251d675da83286b1cce702)
Start importing Assets/Materials/floor_material1.mat using Guid(c6a565f12b726d74192e4079b5245ed1) Importer(2089858483,192608db42251d675da83286b1cce702) (ScriptedImporter) -> (artifact id: '45bda2a01b3c4bf47394d63ff132f62e') in 0.1403985 seconds
Number of updated asset objects reloaded before import = 0Number of asset objects unloaded after import = 4

========================================================================
Received Import Request.
  Time since last request: 0.000046 seconds.
  path: Assets/elevator texture/elevator_panel_material_Normal.png
  artifactKey: Guid(7f726697851e9b64083a41c71a11e7df) Importer(2089858483,192608db42251d675da83286b1cce702)
Start importing Assets/elevator texture/elevator_panel_material_Normal.png using Guid(7f726697851e9b64083a41c71a11e7df) Importer(2089858483,192608db42251d675da83286b1cce702) (ScriptedImporter) -> (artifact id: 'e6f9ec6a1e1ab756409507992550aa4e') in 0.0655545 seconds
Number of updated asset objects reloaded before import = 0Number of asset objects unloaded after import = 1

========================================================================
Received Import Request.
  Time since last request: 0.000064 seconds.
  path: Assets/elevator texture/elevator_emergency_button_material_Roughness.png
  artifactKey: Guid(6edd7b20ce1a2634a97a4449f5a6ce86) Importer(2089858483,192608db42251d675da83286b1cce702)
Start importing Assets/elevator texture/elevator_emergency_button_material_Roughness.png using Guid(6edd7b20ce1a2634a97a4449f5a6ce86) Importer(2089858483,192608db42251d675da83286b1cce702) (ScriptedImporter) -> (artifact id: '703aab87a009b362cce99e542387e1c9') in 0.0720664 seconds
Number of updated asset objects reloaded before import = 0Number of asset objects unloaded after import = 1

========================================================================
Received Import Request.
  Time since last request: 0.000117 seconds.
  path: Assets/Materials/office-standardSurface1.mat
  artifactKey: Guid(0c5eb796d9e33684482000409d993f2f) Importer(2089858483,192608db42251d675da83286b1cce702)
Start importing Assets/Materials/office-standardSurface1.mat using Guid(0c5eb796d9e33684482000409d993f2f) Importer(2089858483,192608db42251d675da83286b1cce702) (ScriptedImporter) -> (artifact id: '9961d208486d92ad1ea9e36f4b726f80') in 0.0985482 seconds
Number of updated asset objects reloaded before import = 0Number of asset objects unloaded after import = 1

========================================================================
Received Import Request.
  Time since last request: 0.000121 seconds.
  path: Assets/office texture/office_vending_machine_glass1_Height.png
  artifactKey: Guid(b0d972f812729344fafb9e4d5d198d60) Importer(2089858483,192608db42251d675da83286b1cce702)
Start importing Assets/office texture/office_vending_machine_glass1_Height.png using Guid(b0d972f812729344fafb9e4d5d198d60) Importer(2089858483,192608db42251d675da83286b1cce702) (ScriptedImporter) -> (artifact id: '1527ab505f5598905ddbd8b838a1a7f8') in 0.0791455 seconds
Number of updated asset objects reloaded before import = 0Number of asset objects unloaded after import = 1

========================================================================
Received Import Request.
  Time since last request: 0.000040 seconds.
  path: Assets/office texture/office_tv_screen_material_Roughness.png
  artifactKey: Guid(3814618c7259ecb4997435d0b310c11c) Importer(2089858483,192608db42251d675da83286b1cce702)
Start importing Assets/office texture/office_tv_screen_material_Roughness.png using Guid(3814618c7259ecb4997435d0b310c11c) Importer(2089858483,192608db42251d675da83286b1cce702) (ScriptedImporter) -> (artifact id: '7553e545c74263d56d4e3bcc4ded25cb') in 0.0706938 seconds
Number of updated asset objects reloaded before import = 0Number of asset objects unloaded after import = 1

========================================================================
Received Import Request.
  Time since last request: 0.000058 seconds.
  path: Assets/Materials/elevator-wall_material1.mat
  artifactKey: Guid(20cbf194f870636499cc578113fdc982) Importer(2089858483,192608db42251d675da83286b1cce702)
Start importing Assets/Materials/elevator-wall_material1.mat using Guid(20cbf194f870636499cc578113fdc982) Importer(2089858483,192608db42251d675da83286b1cce702) (ScriptedImporter) -> (artifact id: 'c6e133f15af7038b231194a829d4c814') in 0.1360483 seconds
Number of updated asset objects reloaded before import = 0Number of asset objects unloaded after import = 5

========================================================================
Received Import Request.
  Time since last request: 0.000055 seconds.
  path: Assets/elevator texture/elevator_emergency_button_material_BaseColor.png
  artifactKey: Guid(da3b600b0bea6d5428cfbd44078da214) Importer(2089858483,192608db42251d675da83286b1cce702)
Start importing Assets/elevator texture/elevator_emergency_button_material_BaseColor.png using Guid(da3b600b0bea6d5428cfbd44078da214) Importer(2089858483,192608db42251d675da83286b1cce702) (ScriptedImporter) -> (artifact id: '78130915d9723f3821391f5efbb0fa57') in 0.061716 seconds
Number of updated asset objects reloaded before import = 0Number of asset objects unloaded after import = 1

========================================================================
Received Import Request.
  Time since last request: 0.000041 seconds.
  path: Assets/Elevator hall/Elevator hall_door_material_BaseColor.png
  artifactKey: Guid(6664cc35f597dbe4cb59cb205aa34010) Importer(2089858483,192608db42251d675da83286b1cce702)
Start importing Assets/Elevator hall/Elevator hall_door_material_BaseColor.png using Guid(6664cc35f597dbe4cb59cb205aa34010) Importer(2089858483,192608db42251d675da83286b1cce702) (ScriptedImporter) -> (artifact id: '1e942d9cf3787dc480563ac0dcf4240b') in 0.0725596 seconds
Number of updated asset objects reloaded before import = 0Number of asset objects unloaded after import = 1

========================================================================
Received Import Request.
  Time since last request: 0.000207 seconds.
  path: Assets/office texture/office_key_hole_material_Height.png
  artifactKey: Guid(e40d067a56114f64dad851b2f961336b) Importer(2089858483,192608db42251d675da83286b1cce702)
Start importing Assets/office texture/office_key_hole_material_Height.png using Guid(e40d067a56114f64dad851b2f961336b) Importer(2089858483,192608db42251d675da83286b1cce702) (ScriptedImporter) -> (artifact id: 'a693584372a605de744b0ee1b32d6f8c') in 0.0627635 seconds
Number of updated asset objects reloaded before import = 0Number of asset objects unloaded after import = 1

========================================================================
Received Import Request.
  Time since last request: 0.000156 seconds.
  path: Assets/Materials/office-tv_screen_material.mat
  artifactKey: Guid(f5456d106c9d7e2439ce6b9ee3d2b742) Importer(2089858483,192608db42251d675da83286b1cce702)
Start importing Assets/Materials/office-tv_screen_material.mat using Guid(f5456d106c9d7e2439ce6b9ee3d2b742) Importer(2089858483,192608db42251d675da83286b1cce702) (ScriptedImporter) -> (artifact id: 'c2d6ffb8575d7880329c8fff1900edde') in 0.0331602 seconds
Number of updated asset objects reloaded before import = 0Number of asset objects unloaded after import = 1

========================================================================
Received Import Request.
  Time since last request: 0.000241 seconds.
  path: Assets/Materials/standardSurface1.mat
  artifactKey: Guid(dabb76dc52a12874c868e39422c069ca) Importer(2089858483,192608db42251d675da83286b1cce702)
Start importing Assets/Materials/standardSurface1.mat using Guid(dabb76dc52a12874c868e39422c069ca) Importer(2089858483,192608db42251d675da83286b1cce702) (ScriptedImporter) -> (artifact id: '0563d4e20af147d32dd6286e084bbced') in 0.0555254 seconds
Number of updated asset objects reloaded before import = 0Number of asset objects unloaded after import = 1

========================================================================
Received Import Request.
  Time since last request: 0.000248 seconds.
  path: Assets/elevator texture/elevator_floor_material_Height.png
  artifactKey: Guid(a4603ee7a0314f440b09baa8aa9b5872) Importer(2089858483,192608db42251d675da83286b1cce702)
Start importing Assets/elevator texture/elevator_floor_material_Height.png using Guid(a4603ee7a0314f440b09baa8aa9b5872) Importer(2089858483,192608db42251d675da83286b1cce702) (ScriptedImporter) -> (artifact id: 'a4e82625106e6627e5969ca129d52d11') in 0.0667047 seconds
Number of updated asset objects reloaded before import = 0Number of asset objects unloaded after import = 1

========================================================================
Received Import Request.
  Time since last request: 0.000234 seconds.
  path: Assets/office texture/office_elevator_frame_Metallic_Raw_ACEScg.png.tx
  artifactKey: Guid(1e6175afd294c584fb95a09cfa116a58) Importer(2089858483,192608db42251d675da83286b1cce702)
Start importing Assets/office texture/office_elevator_frame_Metallic_Raw_ACEScg.png.tx using Guid(1e6175afd294c584fb95a09cfa116a58) Importer(2089858483,192608db42251d675da83286b1cce702) (ScriptedImporter) -> (artifact id: 'd322569d4120554a06ab3f9e0ad573cb') in 0.0287859 seconds
Number of updated asset objects reloaded before import = 0Number of asset objects unloaded after import = 1

========================================================================
Received Import Request.
  Time since last request: 0.000133 seconds.
  path: Assets/elevator texture/elevator_elevator_door_2_material_Metallic.png
  artifactKey: Guid(cde9bc6af04cdf64fadef004e3b07a28) Importer(2089858483,192608db42251d675da83286b1cce702)
Start importing Assets/elevator texture/elevator_elevator_door_2_material_Metallic.png using Guid(cde9bc6af04cdf64fadef004e3b07a28) Importer(2089858483,192608db42251d675da83286b1cce702) (ScriptedImporter) -> (artifact id: '5e78d754041e35dec4cebe146627a82b') in 0.0651269 seconds
Number of updated asset objects reloaded before import = 0Number of asset objects unloaded after import = 1

========================================================================
Received Import Request.
  Time since last request: 0.000098 seconds.
  path: Assets/elevator texture/elevator_elevator_metal_door_2_material_Normal.png
  artifactKey: Guid(fb969223f93984b47ae1f8eb0d7570bc) Importer(2089858483,192608db42251d675da83286b1cce702)
Start importing Assets/elevator texture/elevator_elevator_metal_door_2_material_Normal.png using Guid(fb969223f93984b47ae1f8eb0d7570bc) Importer(2089858483,192608db42251d675da83286b1cce702) (ScriptedImporter) -> (artifact id: '8081542a885e669208de72b32de7959a') in 0.074102 seconds
Number of updated asset objects reloaded before import = 0Number of asset objects unloaded after import = 1

========================================================================
Received Import Request.
  Time since last request: 0.000046 seconds.
  path: Assets/office texture/office_elevator_frame_Normal_Raw_ACEScg.png.tx
  artifactKey: Guid(6a8e181d3d62a0546b15d1acd4ddc19d) Importer(2089858483,192608db42251d675da83286b1cce702)
Start importing Assets/office texture/office_elevator_frame_Normal_Raw_ACEScg.png.tx using Guid(6a8e181d3d62a0546b15d1acd4ddc19d) Importer(2089858483,192608db42251d675da83286b1cce702) (ScriptedImporter) -> (artifact id: '0f09b88030ff80708d911e1217d10dda') in 0.0334323 seconds
Number of updated asset objects reloaded before import = 0Number of asset objects unloaded after import = 1

========================================================================
Received Import Request.
  Time since last request: 0.000044 seconds.
  path: Assets/elevator texture/elevator_screw_material_Roughness.png
  artifactKey: Guid(eb5abd3fdabe34948b87a681ad5c6c72) Importer(2089858483,192608db42251d675da83286b1cce702)
Start importing Assets/elevator texture/elevator_screw_material_Roughness.png using Guid(eb5abd3fdabe34948b87a681ad5c6c72) Importer(2089858483,192608db42251d675da83286b1cce702) (ScriptedImporter) -> (artifact id: 'fe9386d7c00e9badca761bf63f11a567') in 0.0606614 seconds
Number of updated asset objects reloaded before import = 0Number of asset objects unloaded after import = 1

========================================================================
Received Import Request.
  Time since last request: 0.000041 seconds.
  path: Assets/office texture/vending machine.png
  artifactKey: Guid(dc4894c5a28adfe498a710286483719e) Importer(2089858483,192608db42251d675da83286b1cce702)
Start importing Assets/office texture/vending machine.png using Guid(dc4894c5a28adfe498a710286483719e) Importer(2089858483,192608db42251d675da83286b1cce702) (ScriptedImporter) -> (artifact id: 'cc7ed6a2d5cf06e5726e71060f2904a9') in 0.0384972 seconds
Number of updated asset objects reloaded before import = 0Number of asset objects unloaded after import = 1

========================================================================
Received Import Request.
  Time since last request: 0.000112 seconds.
  path: Assets/office texture/office_tv_material_Metallic_Raw_ACEScg.png.tx
  artifactKey: Guid(7698ed31c0421df48b6a9d0d1111b241) Importer(2089858483,192608db42251d675da83286b1cce702)
Start importing Assets/office texture/office_tv_material_Metallic_Raw_ACEScg.png.tx using Guid(7698ed31c0421df48b6a9d0d1111b241) Importer(2089858483,192608db42251d675da83286b1cce702) (ScriptedImporter) -> (artifact id: '5380bca9756483577cfb17f01a9b1606') in 0.0321107 seconds
Number of updated asset objects reloaded before import = 0Number of asset objects unloaded after import = 1

========================================================================
Received Import Request.
  Time since last request: 0.000242 seconds.
  path: Assets/office texture/office_elevator_door1_Roughness_Raw_ACEScg.png.tx
  artifactKey: Guid(0a623cf8e355bd74fa44d5fdf3319800) Importer(2089858483,192608db42251d675da83286b1cce702)
Start importing Assets/office texture/office_elevator_door1_Roughness_Raw_ACEScg.png.tx using Guid(0a623cf8e355bd74fa44d5fdf3319800) Importer(2089858483,192608db42251d675da83286b1cce702) (ScriptedImporter) -> (artifact id: 'ca12a5a83a89e13eb5aa23806bf17b94') in 0.0266591 seconds
Number of updated asset objects reloaded before import = 0Number of asset objects unloaded after import = 1

========================================================================
Received Prepare
Refreshing native plugins compatible for Editor in 4.14 ms, found 3 plugins.
Preloading 0 native plugins for Editor in 0.00 ms.
Unloading 12 Unused Serialized files (Serialized files now loaded: 0)
Unloading 4073 unused Assets / (2.8 MB). Loaded Objects now: 4635.
Memory consumption went from 96.2 MB to 93.4 MB.
Total: 11.203500 ms (FindLiveObjects: 0.538300 ms CreateObjectMapping: 0.374200 ms MarkObjects: 7.487800 ms  DeleteObjects: 2.800800 ms)

Prepare: number of updated asset objects reloaded= 0
========================================================================
Received Import Request.
  Time since last request: 0.832128 seconds.
  path: Assets/office texture/office_chair_material1_Height.png
  artifactKey: Guid(44d09267c020f8e45938e6372c6e7a00) Importer(2089858483,192608db42251d675da83286b1cce702)
Start importing Assets/office texture/office_chair_material1_Height.png using Guid(44d09267c020f8e45938e6372c6e7a00) Importer(2089858483,192608db42251d675da83286b1cce702) (ScriptedImporter) -> (artifact id: 'a102934ba163b6f3f5cb8230094bfe66') in 0.0627209 seconds
Number of updated asset objects reloaded before import = 0Number of asset objects unloaded after import = 1

========================================================================
Received Import Request.
  Time since last request: 0.000256 seconds.
  path: Assets/Materials/Small_potted_plants-defaultMat.mat
  artifactKey: Guid(f5c9712e28595074fa4b776179384c11) Importer(2089858483,192608db42251d675da83286b1cce702)
Start importing Assets/Materials/Small_potted_plants-defaultMat.mat using Guid(f5c9712e28595074fa4b776179384c11) Importer(2089858483,192608db42251d675da83286b1cce702) (ScriptedImporter) -> (artifact id: '2b8562d8f8373c0503fff7a5627f0e46') in 0.0600834 seconds
Number of updated asset objects reloaded before import = 0Number of asset objects unloaded after import = 1

========================================================================
Received Import Request.
  Time since last request: 0.000241 seconds.
  path: Assets/elevator texture/elevator_floor_button_material_BaseColor.png
  artifactKey: Guid(8c1653eed319998428982016deb45af3) Importer(2089858483,192608db42251d675da83286b1cce702)
Start importing Assets/elevator texture/elevator_floor_button_material_BaseColor.png using Guid(8c1653eed319998428982016deb45af3) Importer(2089858483,192608db42251d675da83286b1cce702) (ScriptedImporter) -> (artifact id: '3530733731677779d9ae5217867899cf') in 0.0856935 seconds
Number of updated asset objects reloaded before import = 0Number of asset objects unloaded after import = 1

========================================================================
Received Import Request.
  Time since last request: 0.000527 seconds.
  path: Assets/elevator texture/elevator_door_plaque_material_Roughness.png
  artifactKey: Guid(2ad770da0d029074884ae38b5092ff59) Importer(2089858483,192608db42251d675da83286b1cce702)
Start importing Assets/elevator texture/elevator_door_plaque_material_Roughness.png using Guid(2ad770da0d029074884ae38b5092ff59) Importer(2089858483,192608db42251d675da83286b1cce702) (ScriptedImporter) -> (artifact id: 'f97c733ec1f30e9fae63db5b6f28cfcf') in 0.0787852 seconds
Number of updated asset objects reloaded before import = 0Number of asset objects unloaded after import = 1

========================================================================
Received Import Request.
  Time since last request: 0.000146 seconds.
  path: Assets/office texture/office_mail_box_material_Roughness.png
  artifactKey: Guid(344c977326cbd434fbdd6f3d0e36a9dc) Importer(2089858483,192608db42251d675da83286b1cce702)
Start importing Assets/office texture/office_mail_box_material_Roughness.png using Guid(344c977326cbd434fbdd6f3d0e36a9dc) Importer(2089858483,192608db42251d675da83286b1cce702) (ScriptedImporter) -> (artifact id: '83efeac4c71db056d30725ef1c432673') in 0.0765826 seconds
Number of updated asset objects reloaded before import = 0Number of asset objects unloaded after import = 1

========================================================================
Received Import Request.
  Time since last request: 0.000037 seconds.
  path: Assets/Elevator hall/Elevator hall_plaque_material_Roughness.png
  artifactKey: Guid(d70a2792e483e1142bdf5f99a005aa32) Importer(2089858483,192608db42251d675da83286b1cce702)
Start importing Assets/Elevator hall/Elevator hall_plaque_material_Roughness.png using Guid(d70a2792e483e1142bdf5f99a005aa32) Importer(2089858483,192608db42251d675da83286b1cce702) (ScriptedImporter) -> (artifact id: 'e1e93905b8e63c0652fdfc0f243eea75') in 0.0634215 seconds
Number of updated asset objects reloaded before import = 0Number of asset objects unloaded after import = 1

========================================================================
Received Import Request.
  Time since last request: 0.000093 seconds.
  path: Assets/pointer.png
  artifactKey: Guid(a75c4592502edfc41b583bb083354146) Importer(2089858483,192608db42251d675da83286b1cce702)
Start importing Assets/pointer.png using Guid(a75c4592502edfc41b583bb083354146) Importer(2089858483,192608db42251d675da83286b1cce702) (ScriptedImporter) -> (artifact id: '2aa03ac195703f841036a23184d4c18c') in 0.0817026 seconds
Number of updated asset objects reloaded before import = 0Number of asset objects unloaded after import = 3

========================================================================
Received Import Request.
  Time since last request: 0.000032 seconds.
  path: Assets/Materials/office-chair_material.mat
  artifactKey: Guid(9bacee13b94e03144b56a5bd2378e59f) Importer(2089858483,192608db42251d675da83286b1cce702)
Start importing Assets/Materials/office-chair_material.mat using Guid(9bacee13b94e03144b56a5bd2378e59f) Importer(2089858483,192608db42251d675da83286b1cce702) (ScriptedImporter) -> (artifact id: '2ab5d0385d2f7fb77ace60584a5c5e15') in 0.1257744 seconds
Number of updated asset objects reloaded before import = 0Number of asset objects unloaded after import = 5

========================================================================
Received Import Request.
  Time since last request: 0.000139 seconds.
  path: Assets/Elevator hall.fbx
  artifactKey: Guid(671234613addce04780cdc915dfc7340) Importer(2089858483,192608db42251d675da83286b1cce702)
Start importing Assets/Elevator hall.fbx using Guid(671234613addce04780cdc915dfc7340) Importer(2089858483,192608db42251d675da83286b1cce702) (ScriptedImporter) -> (artifact id: 'f515f3659144791d5b39d8f53907871c') in 0.277579 seconds
Number of updated asset objects reloaded before import = 0Number of asset objects unloaded after import = 34

========================================================================
Received Import Request.
  Time since last request: 0.000055 seconds.
  path: Assets/Materials/office-rug_material1.mat
  artifactKey: Guid(e12ba02363c208c4fb664d431b3ae4b3) Importer(2089858483,192608db42251d675da83286b1cce702)
Start importing Assets/Materials/office-rug_material1.mat using Guid(e12ba02363c208c4fb664d431b3ae4b3) Importer(2089858483,192608db42251d675da83286b1cce702) (ScriptedImporter) -> (artifact id: '7e38edc46c546b95c63d77d91af26ef8') in 0.2013238 seconds
Number of updated asset objects reloaded before import = 0Number of asset objects unloaded after import = 5

========================================================================
Received Import Request.
  Time since last request: 0.000050 seconds.
  path: Assets/office texture/office_wall_material_Roughness.png
  artifactKey: Guid(b8c7f4b8a91beb448b794530f988b874) Importer(2089858483,192608db42251d675da83286b1cce702)
Start importing Assets/office texture/office_wall_material_Roughness.png using Guid(b8c7f4b8a91beb448b794530f988b874) Importer(2089858483,192608db42251d675da83286b1cce702) (ScriptedImporter) -> (artifact id: '4c4af9d3e9352e2728b21cc4fd20fca5') in 0.0758974 seconds
Number of updated asset objects reloaded before import = 0Number of asset objects unloaded after import = 1

========================================================================
Received Import Request.
  Time since last request: 0.000273 seconds.
  path: Assets/Materials/front_desk_material1.mat
  artifactKey: Guid(d6c3a114107608c418abba3d826d88ca) Importer(2089858483,192608db42251d675da83286b1cce702)
Start importing Assets/Materials/front_desk_material1.mat using Guid(d6c3a114107608c418abba3d826d88ca) Importer(2089858483,192608db42251d675da83286b1cce702) (ScriptedImporter) -> (artifact id: 'a3cb519b385de11ebbbc40b028a4f091') in 0.1158952 seconds
Number of updated asset objects reloaded before import = 0Number of asset objects unloaded after import = 4

========================================================================
Received Import Request.
  Time since last request: 0.000044 seconds.
  path: Assets/office texture/office_elevator_frame_BaseColor_sRGB_ACEScg.png.tx
  artifactKey: Guid(37d193042c2051f4f8e71f5016cf2460) Importer(2089858483,192608db42251d675da83286b1cce702)
Start importing Assets/office texture/office_elevator_frame_BaseColor_sRGB_ACEScg.png.tx using Guid(37d193042c2051f4f8e71f5016cf2460) Importer(2089858483,192608db42251d675da83286b1cce702) (ScriptedImporter) -> (artifact id: 'd309921bf4932920a0e19d5b178fd859') in 0.0400942 seconds
Number of updated asset objects reloaded before import = 0Number of asset objects unloaded after import = 1

========================================================================
Received Import Request.
  Time since last request: 0.000028 seconds.
  path: Assets/Materials/office-wall_material1.mat
  artifactKey: Guid(a11f6575f756a7546ac237d206a063b9) Importer(2089858483,192608db42251d675da83286b1cce702)
Start importing Assets/Materials/office-wall_material1.mat using Guid(a11f6575f756a7546ac237d206a063b9) Importer(2089858483,192608db42251d675da83286b1cce702) (ScriptedImporter) -> (artifact id: 'eff6c5c03199fa826dea0cc8ad900013') in 0.225879 seconds
Number of updated asset objects reloaded before import = 0Number of asset objects unloaded after import = 5

========================================================================
Received Import Request.
  Time since last request: 0.000047 seconds.
  path: Assets/office texture/office_sign_material1_Metallic.png
  artifactKey: Guid(02eeb77cf30a6ee41bf29d4e7197c01a) Importer(2089858483,192608db42251d675da83286b1cce702)
Start importing Assets/office texture/office_sign_material1_Metallic.png using Guid(02eeb77cf30a6ee41bf29d4e7197c01a) Importer(2089858483,192608db42251d675da83286b1cce702) (ScriptedImporter) -> (artifact id: '250cfbde599ecbab17180d2f12a40950') in 0.0845422 seconds
Number of updated asset objects reloaded before import = 0Number of asset objects unloaded after import = 1

========================================================================
Received Import Request.
  Time since last request: 0.000169 seconds.
  path: Assets/elevator texture/elevator_grip_bolt_material_BaseColor.png
  artifactKey: Guid(bdc33ba6d0a013b42b7bf3dadceaf2c8) Importer(2089858483,192608db42251d675da83286b1cce702)
Start importing Assets/elevator texture/elevator_grip_bolt_material_BaseColor.png using Guid(bdc33ba6d0a013b42b7bf3dadceaf2c8) Importer(2089858483,192608db42251d675da83286b1cce702) (ScriptedImporter) -> (artifact id: 'f5253ad0e26463046ab48db112ca1e50') in 0.0566877 seconds
Number of updated asset objects reloaded before import = 0Number of asset objects unloaded after import = 1

========================================================================
Received Import Request.
  Time since last request: 0.000147 seconds.
  path: Assets/office texture/office_vending_machine_material_Normal.png
  artifactKey: Guid(47c523950eeb4de499dc7b4c3120e1ab) Importer(2089858483,192608db42251d675da83286b1cce702)
Start importing Assets/office texture/office_vending_machine_material_Normal.png using Guid(47c523950eeb4de499dc7b4c3120e1ab) Importer(2089858483,192608db42251d675da83286b1cce702) (ScriptedImporter) -> (artifact id: '07fb8bd817dd0b11db1816f1dc190ae8') in 0.0945054 seconds
Number of updated asset objects reloaded before import = 0Number of asset objects unloaded after import = 1

========================================================================
Received Import Request.
  Time since last request: 0.000125 seconds.
  path: Assets/elevator texture/elevator_elevator_door_1_metal1_Roughness.png
  artifactKey: Guid(645c4c832621c6b4ca6cc1d791c46008) Importer(2089858483,192608db42251d675da83286b1cce702)
Start importing Assets/elevator texture/elevator_elevator_door_1_metal1_Roughness.png using Guid(645c4c832621c6b4ca6cc1d791c46008) Importer(2089858483,192608db42251d675da83286b1cce702) (ScriptedImporter) -> (artifact id: 'bc9a2e2ecc6771e396dc8a424aa18eb8') in 0.0785272 seconds
Number of updated asset objects reloaded before import = 0Number of asset objects unloaded after import = 1

========================================================================
Received Import Request.
  Time since last request: 0.000047 seconds.
  path: Assets/elevator texture/elevator_grip_material_Metallic.png
  artifactKey: Guid(d13b14ddf65749d418de5e2f6d1478d7) Importer(2089858483,192608db42251d675da83286b1cce702)
Start importing Assets/elevator texture/elevator_grip_material_Metallic.png using Guid(d13b14ddf65749d418de5e2f6d1478d7) Importer(2089858483,192608db42251d675da83286b1cce702) (ScriptedImporter) -> (artifact id: '00990edb83fbbf193178cdf772b1d82a') in 0.0734938 seconds
Number of updated asset objects reloaded before import = 0Number of asset objects unloaded after import = 1

========================================================================
Received Import Request.
  Time since last request: 0.000824 seconds.
  path: Assets/office texture/office_tv_material_Metallic.png
  artifactKey: Guid(4e43913a5a81a6c489b6513db65bb190) Importer(2089858483,192608db42251d675da83286b1cce702)
Start importing Assets/office texture/office_tv_material_Metallic.png using Guid(4e43913a5a81a6c489b6513db65bb190) Importer(2089858483,192608db42251d675da83286b1cce702) (ScriptedImporter) -> (artifact id: '73d515bb4e56d60003defa40e076b33a') in 0.0843632 seconds
Number of updated asset objects reloaded before import = 0Number of asset objects unloaded after import = 1

========================================================================
Received Import Request.
  Time since last request: 0.000125 seconds.
  path: Assets/Materials/frame_material1.mat
  artifactKey: Guid(6cdb6a3c16d33ef4d9190cd74b409fa0) Importer(2089858483,192608db42251d675da83286b1cce702)
Start importing Assets/Materials/frame_material1.mat using Guid(6cdb6a3c16d33ef4d9190cd74b409fa0) Importer(2089858483,192608db42251d675da83286b1cce702) (ScriptedImporter) -> (artifact id: '84789ca37e3a5268ffb722074e880183') in 0.1364019 seconds
Number of updated asset objects reloaded before import = 0Number of asset objects unloaded after import = 4

========================================================================
Received Import Request.
  Time since last request: 0.000043 seconds.
  path: Assets/elevator texture/elevator_floor_button_material_Roughness.png
  artifactKey: Guid(0dfd16918f69ff6458acbef8301b7882) Importer(2089858483,192608db42251d675da83286b1cce702)
Start importing Assets/elevator texture/elevator_floor_button_material_Roughness.png using Guid(0dfd16918f69ff6458acbef8301b7882) Importer(2089858483,192608db42251d675da83286b1cce702) (ScriptedImporter) -> (artifact id: '768ee41739ea564879c8603358c8fc62') in 0.0801211 seconds
Number of updated asset objects reloaded before import = 0Number of asset objects unloaded after import = 1

========================================================================
Received Import Request.
  Time since last request: 0.000148 seconds.
  path: Assets/office texture/office_sign_material1_Metallic_Raw_ACEScg.png.tx
  artifactKey: Guid(a023f62cca8ea2348bbd19763b63486e) Importer(2089858483,192608db42251d675da83286b1cce702)
Start importing Assets/office texture/office_sign_material1_Metallic_Raw_ACEScg.png.tx using Guid(a023f62cca8ea2348bbd19763b63486e) Importer(2089858483,192608db42251d675da83286b1cce702) (ScriptedImporter) -> (artifact id: '61eec4603279528b24af600fc095fafb') in 0.030733 seconds
Number of updated asset objects reloaded before import = 0Number of asset objects unloaded after import = 1

========================================================================
Received Import Request.
  Time since last request: 0.000044 seconds.
  path: Assets/office texture
  artifactKey: Guid(70870bb9952c72a4ea5091e6c6a7b648) Importer(2089858483,192608db42251d675da83286b1cce702)
Start importing Assets/office texture using Guid(70870bb9952c72a4ea5091e6c6a7b648) Importer(2089858483,192608db42251d675da83286b1cce702) (ScriptedImporter) -> (artifact id: '27bb5ff54b88e88831c1e33ff8fd00d1') in 0.0368169 seconds
Number of updated asset objects reloaded before import = 0Number of asset objects unloaded after import = 1

========================================================================
Received Import Request.
  Time since last request: 0.000142 seconds.
  path: Assets/Materials/Elevator hall-wall_material1.mat
  artifactKey: Guid(a30ac18475481c341b4e183f582ce24c) Importer(2089858483,192608db42251d675da83286b1cce702)
Start importing Assets/Materials/Elevator hall-wall_material1.mat using Guid(a30ac18475481c341b4e183f582ce24c) Importer(2089858483,192608db42251d675da83286b1cce702) (ScriptedImporter) -> (artifact id: '8c35ae9f1a8a3af3788d35c8c0491a45') in 0.1386591 seconds
Number of updated asset objects reloaded before import = 0Number of asset objects unloaded after import = 5

========================================================================
Received Import Request.
  Time since last request: 0.000050 seconds.
  path: Assets/office texture/office_rug_2_material_Roughness.png
  artifactKey: Guid(841c6152e49b22847a8f76cb282eca19) Importer(2089858483,192608db42251d675da83286b1cce702)
Start importing Assets/office texture/office_rug_2_material_Roughness.png using Guid(841c6152e49b22847a8f76cb282eca19) Importer(2089858483,192608db42251d675da83286b1cce702) (ScriptedImporter) -> (artifact id: '393d9b6a32de6cf7bf0aad7183b889fb') in 0.0823671 seconds
Number of updated asset objects reloaded before import = 0Number of asset objects unloaded after import = 1

========================================================================
Received Import Request.
  Time since last request: 0.000097 seconds.
  path: Assets/script/Spinner.cs
  artifactKey: Guid(175c68697e22cfa4fad1b76447b54c9e) Importer(2089858483,192608db42251d675da83286b1cce702)
Start importing Assets/script/Spinner.cs using Guid(175c68697e22cfa4fad1b76447b54c9e) Importer(2089858483,192608db42251d675da83286b1cce702) (ScriptedImporter) -> (artifact id: 'e96726300ae48e46c25c5c5ef406638a') in 0.039368 seconds
Number of updated asset objects reloaded before import = 0Number of asset objects unloaded after import = 0

========================================================================
Received Import Request.
  Time since last request: 0.000217 seconds.
  path: Assets/office texture/office_table_material_Height.png
  artifactKey: Guid(fa96c9dbdb9607540b3810ed95cf400b) Importer(2089858483,192608db42251d675da83286b1cce702)
Start importing Assets/office texture/office_table_material_Height.png using Guid(fa96c9dbdb9607540b3810ed95cf400b) Importer(2089858483,192608db42251d675da83286b1cce702) (ScriptedImporter) -> (artifact id: '73b1d4b82af1c8f27d8c3f0fbc44cf82') in 0.0678803 seconds
Number of updated asset objects reloaded before import = 0Number of asset objects unloaded after import = 1

========================================================================
Received Import Request.
  Time since last request: 0.000086 seconds.
  path: Assets/elevator texture/elevator_aiStandardSurface9_Height.png
  artifactKey: Guid(17d02527d4fd5d440bbe07bef5b12c9f) Importer(2089858483,192608db42251d675da83286b1cce702)
Start importing Assets/elevator texture/elevator_aiStandardSurface9_Height.png using Guid(17d02527d4fd5d440bbe07bef5b12c9f) Importer(2089858483,192608db42251d675da83286b1cce702) (ScriptedImporter) -> (artifact id: '4b7c4e952cbf72226538e976a7bd5754') in 0.0622412 seconds
Number of updated asset objects reloaded before import = 0Number of asset objects unloaded after import = 1

========================================================================
Received Import Request.
  Time since last request: 0.000066 seconds.
  path: Assets/elevator_ceetification_material_BaseColor.png
  artifactKey: Guid(10b97db7d3db2b24ead09e7306fc8a38) Importer(2089858483,192608db42251d675da83286b1cce702)
Start importing Assets/elevator_ceetification_material_BaseColor.png using Guid(10b97db7d3db2b24ead09e7306fc8a38) Importer(2089858483,192608db42251d675da83286b1cce702) (ScriptedImporter) -> (artifact id: 'ad54303d30562682d5595a17ce527f6e') in 0.0512942 seconds
Number of updated asset objects reloaded before import = 0Number of asset objects unloaded after import = 1

========================================================================
Received Import Request.
  Time since last request: 0.000073 seconds.
  path: Assets/office texture/office_table_material_Normal_Raw_ACEScg.png.tx
  artifactKey: Guid(ab0aed8f532f3ae44951f7fd0c6c19d5) Importer(2089858483,192608db42251d675da83286b1cce702)
Start importing Assets/office texture/office_table_material_Normal_Raw_ACEScg.png.tx using Guid(ab0aed8f532f3ae44951f7fd0c6c19d5) Importer(2089858483,192608db42251d675da83286b1cce702) (ScriptedImporter) -> (artifact id: '0e32ca06e3e670a0fe3fd2854bd98e03') in 0.0456274 seconds
Number of updated asset objects reloaded before import = 0Number of asset objects unloaded after import = 1

========================================================================
Received Import Request.
  Time since last request: 0.000148 seconds.
  path: Assets/office texture/office_wall_material_Normal_Raw_ACEScg.png.tx
  artifactKey: Guid(2b9ba8ff79ebee6488cdb14d194906b3) Importer(2089858483,192608db42251d675da83286b1cce702)
Start importing Assets/office texture/office_wall_material_Normal_Raw_ACEScg.png.tx using Guid(2b9ba8ff79ebee6488cdb14d194906b3) Importer(2089858483,192608db42251d675da83286b1cce702) (ScriptedImporter) -> (artifact id: '910fd38cc5ec46b17c4a844f365bcfe3') in 0.0310367 seconds
Number of updated asset objects reloaded before import = 0Number of asset objects unloaded after import = 1

========================================================================
Received Import Request.
  Time since last request: 0.000105 seconds.
  path: Assets/office texture/office_sign_material1_BaseColor_sRGB_ACEScg.png.tx
  artifactKey: Guid(8743871ff7c17394dbc6128b4d650fce) Importer(2089858483,192608db42251d675da83286b1cce702)
Start importing Assets/office texture/office_sign_material1_BaseColor_sRGB_ACEScg.png.tx using Guid(8743871ff7c17394dbc6128b4d650fce) Importer(2089858483,192608db42251d675da83286b1cce702) (ScriptedImporter) -> (artifact id: '0d1054def2a112a7d3e13774825e1f58') in 0.0306355 seconds
Number of updated asset objects reloaded before import = 0Number of asset objects unloaded after import = 1

========================================================================
Received Import Request.
  Time since last request: 0.000032 seconds.
  path: Assets/elevator texture/elevator_screw_material_BaseColor.png
  artifactKey: Guid(11f35ab266dfb95449347611fbaec610) Importer(2089858483,192608db42251d675da83286b1cce702)
Start importing Assets/elevator texture/elevator_screw_material_BaseColor.png using Guid(11f35ab266dfb95449347611fbaec610) Importer(2089858483,192608db42251d675da83286b1cce702) (ScriptedImporter) -> (artifact id: 'ab80bed5eaaf8e8e8b5059d98370648f') in 0.070307 seconds
Number of updated asset objects reloaded before import = 0Number of asset objects unloaded after import = 1

========================================================================
Received Import Request.
  Time since last request: 0.000072 seconds.
  path: Assets/office texture/office_frame_material_Normal_Raw_ACEScg.png.tx
  artifactKey: Guid(67b6ec7465eb8fd46bc1b824070c085a) Importer(2089858483,192608db42251d675da83286b1cce702)
Start importing Assets/office texture/office_frame_material_Normal_Raw_ACEScg.png.tx using Guid(67b6ec7465eb8fd46bc1b824070c085a) Importer(2089858483,192608db42251d675da83286b1cce702) (ScriptedImporter) -> (artifact id: '8527ff6b43d386fcdf5b92c8d288448d') in 0.0386927 seconds
Number of updated asset objects reloaded before import = 0Number of asset objects unloaded after import = 1

========================================================================
Received Import Request.
  Time since last request: 0.000034 seconds.
  path: Assets/office texture/painting .png
  artifactKey: Guid(feb912dea3c5f12459911f587a5c0913) Importer(2089858483,192608db42251d675da83286b1cce702)
Start importing Assets/office texture/painting .png using Guid(feb912dea3c5f12459911f587a5c0913) Importer(2089858483,192608db42251d675da83286b1cce702) (ScriptedImporter) -> (artifact id: 'cb2bb0a660089809039c6bf4a0933c93') in 0.0694591 seconds
Number of updated asset objects reloaded before import = 0Number of asset objects unloaded after import = 1

========================================================================
Received Import Request.
  Time since last request: 0.000203 seconds.
  path: Assets/office texture/office_key_hole_material_Metallic.png
  artifactKey: Guid(6f67df53ebff62c4d936629d0cfb9bf5) Importer(2089858483,192608db42251d675da83286b1cce702)
Start importing Assets/office texture/office_key_hole_material_Metallic.png using Guid(6f67df53ebff62c4d936629d0cfb9bf5) Importer(2089858483,192608db42251d675da83286b1cce702) (ScriptedImporter) -> (artifact id: '44c7e430ae855ebebf6b48557ecf40d2') in 0.0419936 seconds
Number of updated asset objects reloaded before import = 0Number of asset objects unloaded after import = 1

========================================================================
Received Import Request.
  Time since last request: 0.000138 seconds.
  path: Assets/office texture/office_tv_screen_material_BaseColor.png
  artifactKey: Guid(d119132818aca634ebb795502504c5cf) Importer(2089858483,192608db42251d675da83286b1cce702)
Start importing Assets/office texture/office_tv_screen_material_BaseColor.png using Guid(d119132818aca634ebb795502504c5cf) Importer(2089858483,192608db42251d675da83286b1cce702) (ScriptedImporter) -> (artifact id: 'd62c0593459423a7a090894d79041ecb') in 0.0708331 seconds
Number of updated asset objects reloaded before import = 0Number of asset objects unloaded after import = 1

========================================================================
Received Import Request.
  Time since last request: 0.000036 seconds.
  path: Assets/office texture/office_door_material_BaseColor.png
  artifactKey: Guid(a8fda1a4a6b037c41804b82c3254af1b) Importer(2089858483,192608db42251d675da83286b1cce702)
Start importing Assets/office texture/office_door_material_BaseColor.png using Guid(a8fda1a4a6b037c41804b82c3254af1b) Importer(2089858483,192608db42251d675da83286b1cce702) (ScriptedImporter) -> (artifact id: '36e8ee58fc19ac6a24202fba0b5f932b') in 0.045172 seconds
Number of updated asset objects reloaded before import = 0Number of asset objects unloaded after import = 1

========================================================================
Received Import Request.
  Time since last request: 0.000123 seconds.
  path: Assets/Elevator hall/Elevator hall_plaque_material_Normal.png
  artifactKey: Guid(0830bbcf114b25d4889e9f8c9f843210) Importer(2089858483,192608db42251d675da83286b1cce702)
Start importing Assets/Elevator hall/Elevator hall_plaque_material_Normal.png using Guid(0830bbcf114b25d4889e9f8c9f843210) Importer(2089858483,192608db42251d675da83286b1cce702) (ScriptedImporter) -> (artifact id: 'de7f6238cddd3c0477ebfbb3612fed6b') in 0.0777501 seconds
Number of updated asset objects reloaded before import = 0Number of asset objects unloaded after import = 1

========================================================================
Received Import Request.
  Time since last request: 0.000073 seconds.
  path: Assets/office texture/office_front_desk_material_Normal_Raw_ACEScg.png.tx
  artifactKey: Guid(f4249112acfaf3b44a3eafa12ae70bd1) Importer(2089858483,192608db42251d675da83286b1cce702)
Start importing Assets/office texture/office_front_desk_material_Normal_Raw_ACEScg.png.tx using Guid(f4249112acfaf3b44a3eafa12ae70bd1) Importer(2089858483,192608db42251d675da83286b1cce702) (ScriptedImporter) -> (artifact id: '757b77042dc7f0ae3a9a27539d268461') in 0.0308329 seconds
Number of updated asset objects reloaded before import = 0Number of asset objects unloaded after import = 1

========================================================================
Received Import Request.
  Time since last request: 0.000116 seconds.
  path: Assets/Elevator hall/Elevator hall_door_knob_material_Metallic.png
  artifactKey: Guid(4db60bb06f76fe24d9a6e4e8229d78ac) Importer(2089858483,192608db42251d675da83286b1cce702)
Start importing Assets/Elevator hall/Elevator hall_door_knob_material_Metallic.png using Guid(4db60bb06f76fe24d9a6e4e8229d78ac) Importer(2089858483,192608db42251d675da83286b1cce702) (ScriptedImporter) -> (artifact id: '390ba612142432b5d5bf53b0c420725b') in 0.0665869 seconds
Number of updated asset objects reloaded before import = 0Number of asset objects unloaded after import = 1

========================================================================
Received Import Request.
  Time since last request: 0.000038 seconds.
  path: Assets/office texture/office_elevator_door1_Roughness.png
  artifactKey: Guid(1ad058efc92300148be51654ffec01ca) Importer(2089858483,192608db42251d675da83286b1cce702)
Start importing Assets/office texture/office_elevator_door1_Roughness.png using Guid(1ad058efc92300148be51654ffec01ca) Importer(2089858483,192608db42251d675da83286b1cce702) (ScriptedImporter) -> (artifact id: '36fec8106e9a4c6ec2a0a1dae1f049a5') in 0.05196 seconds
Number of updated asset objects reloaded before import = 0Number of asset objects unloaded after import = 1

========================================================================
Received Import Request.
  Time since last request: 0.000040 seconds.
  path: Assets/elevator texture/elevator_screw_material_Normal.png
  artifactKey: Guid(cc4ddeb07a06aa04aa1326ac40df3b35) Importer(2089858483,192608db42251d675da83286b1cce702)
Start importing Assets/elevator texture/elevator_screw_material_Normal.png using Guid(cc4ddeb07a06aa04aa1326ac40df3b35) Importer(2089858483,192608db42251d675da83286b1cce702) (ScriptedImporter) -> (artifact id: 'fbb531e5c22b34036a6bdbff2b6341a4') in 0.063667 seconds
Number of updated asset objects reloaded before import = 0Number of asset objects unloaded after import = 1

========================================================================
Received Import Request.
  Time since last request: 0.000039 seconds.
  path: Assets/Materials/aiStandardSurface5.mat
  artifactKey: Guid(c82589300f7f79b4d891fd5090fff91d) Importer(2089858483,192608db42251d675da83286b1cce702)
Start importing Assets/Materials/aiStandardSurface5.mat using Guid(c82589300f7f79b4d891fd5090fff91d) Importer(2089858483,192608db42251d675da83286b1cce702) (ScriptedImporter) -> (artifact id: 'a63d933b7426b83629b780d46f2fe2c8') in 0.058371 seconds
Number of updated asset objects reloaded before import = 0Number of asset objects unloaded after import = 1

========================================================================
Received Import Request.
  Time since last request: 0.000046 seconds.
  path: Assets/office texture/office_mail_box_material_Normal.png
  artifactKey: Guid(3aee7a46950632041a0ccc63e58f6eb1) Importer(2089858483,192608db42251d675da83286b1cce702)
Start importing Assets/office texture/office_mail_box_material_Normal.png using Guid(3aee7a46950632041a0ccc63e58f6eb1) Importer(2089858483,192608db42251d675da83286b1cce702) (ScriptedImporter) -> (artifact id: 'c23b5092935d2924fc31d95a84fd89b3') in 0.116937 seconds
Number of updated asset objects reloaded before import = 0Number of asset objects unloaded after import = 1

========================================================================
Received Import Request.
  Time since last request: 0.000053 seconds.
  path: Assets/office texture/office_floor_material_BaseColor_sRGB_ACEScg.png.tx
  artifactKey: Guid(d2dc36d1a1cfe6f4a8123cce39110e8e) Importer(2089858483,192608db42251d675da83286b1cce702)
Start importing Assets/office texture/office_floor_material_BaseColor_sRGB_ACEScg.png.tx using Guid(d2dc36d1a1cfe6f4a8123cce39110e8e) Importer(2089858483,192608db42251d675da83286b1cce702) (ScriptedImporter) -> (artifact id: '72f34aae6fabd67523b79052fca59f46') in 0.0383783 seconds
Number of updated asset objects reloaded before import = 0Number of asset objects unloaded after import = 1

========================================================================
Received Import Request.
  Time since last request: 0.000191 seconds.
  path: Assets/HazardCone1.obj
  artifactKey: Guid(be70628baa3d4454191fd3f796372de7) Importer(2089858483,192608db42251d675da83286b1cce702)
Start importing Assets/HazardCone1.obj using Guid(be70628baa3d4454191fd3f796372de7) Importer(2089858483,192608db42251d675da83286b1cce702) (ScriptedImporter) -> (artifact id: 'e54f632a7fc77c986ad4136d85af3480') in 0.1334416 seconds
Number of updated asset objects reloaded before import = 0Number of asset objects unloaded after import = 9

========================================================================
Received Import Request.
  Time since last request: 0.000040 seconds.
  path: Assets/Elevator hall/Elevator hall_door_1_material_Metallic.png
  artifactKey: Guid(24e9165ac5f8c9e48a4d393dd116c38d) Importer(2089858483,192608db42251d675da83286b1cce702)
Start importing Assets/Elevator hall/Elevator hall_door_1_material_Metallic.png using Guid(24e9165ac5f8c9e48a4d393dd116c38d) Importer(2089858483,192608db42251d675da83286b1cce702) (ScriptedImporter) -> (artifact id: 'e65a4daeae811d621df584fea2d3b76d') in 0.091031 seconds
Number of updated asset objects reloaded before import = 0Number of asset objects unloaded after import = 1

========================================================================
Received Import Request.
  Time since last request: 0.000041 seconds.
  path: Assets/Materials/office-plant_material1.mat
  artifactKey: Guid(5f48ba95fc451d44594c2b8c54ca6ee5) Importer(2089858483,192608db42251d675da83286b1cce702)
Start importing Assets/Materials/office-plant_material1.mat using Guid(5f48ba95fc451d44594c2b8c54ca6ee5) Importer(2089858483,192608db42251d675da83286b1cce702) (ScriptedImporter) -> (artifact id: '0f04604688deb189436e02e2bbba9824') in 0.2476969 seconds
Number of updated asset objects reloaded before import = 0Number of asset objects unloaded after import = 5

========================================================================
Received Import Request.
  Time since last request: 0.000073 seconds.
  path: Assets/office texture/office_vending_machine_material_BaseColor.png
  artifactKey: Guid(1f408f8dd22da2245a7bced669127da8) Importer(2089858483,192608db42251d675da83286b1cce702)
Start importing Assets/office texture/office_vending_machine_material_BaseColor.png using Guid(1f408f8dd22da2245a7bced669127da8) Importer(2089858483,192608db42251d675da83286b1cce702) (ScriptedImporter) -> (artifact id: '0376fab51593cf072879c6d9a1a17cff') in 0.1017261 seconds
Number of updated asset objects reloaded before import = 0Number of asset objects unloaded after import = 1

========================================================================
Received Import Request.
  Time since last request: 0.000044 seconds.
  path: Assets/office texture/office_rug_2_material_BaseColor.png
  artifactKey: Guid(1b9c5364806737e42b2658bf42c42bab) Importer(2089858483,192608db42251d675da83286b1cce702)
Start importing Assets/office texture/office_rug_2_material_BaseColor.png using Guid(1b9c5364806737e42b2658bf42c42bab) Importer(2089858483,192608db42251d675da83286b1cce702) (ScriptedImporter) -> (artifact id: '4cf2dcf8180866199a82f2ce75c3f4ee') in 0.0680628 seconds
Number of updated asset objects reloaded before import = 0Number of asset objects unloaded after import = 1

========================================================================
Received Import Request.
  Time since last request: 0.000277 seconds.
  path: Assets/Elevator hall/Elevator hall_floor_material_Height.png
  artifactKey: Guid(d454e0e9e17acab4a92fcf8b8e888335) Importer(2089858483,192608db42251d675da83286b1cce702)
Start importing Assets/Elevator hall/Elevator hall_floor_material_Height.png using Guid(d454e0e9e17acab4a92fcf8b8e888335) Importer(2089858483,192608db42251d675da83286b1cce702) (ScriptedImporter) -> (artifact id: '9d93751ae937ef0802a0a0ee703b1aa8') in 0.0982813 seconds
Number of updated asset objects reloaded before import = 0Number of asset objects unloaded after import = 1

========================================================================
Received Import Request.
  Time since last request: 0.000163 seconds.
  path: Assets/office texture/office_rug_material_BaseColor_sRGB_ACEScg.png.tx
  artifactKey: Guid(148360e2fabc1d54f8fe9158c38d73aa) Importer(2089858483,192608db42251d675da83286b1cce702)
Start importing Assets/office texture/office_rug_material_BaseColor_sRGB_ACEScg.png.tx using Guid(148360e2fabc1d54f8fe9158c38d73aa) Importer(2089858483,192608db42251d675da83286b1cce702) (ScriptedImporter) -> (artifact id: '5d500ace7122f2df79c7f82a33dae196') in 0.0454223 seconds
Number of updated asset objects reloaded before import = 0Number of asset objects unloaded after import = 1

========================================================================
Received Import Request.
  Time since last request: 0.000054 seconds.
  path: Assets/office texture/office_plant_material_Metallic_Raw_ACEScg.png.tx
  artifactKey: Guid(5991b15d9186e9b46aa01cade82960c8) Importer(2089858483,192608db42251d675da83286b1cce702)
Start importing Assets/office texture/office_plant_material_Metallic_Raw_ACEScg.png.tx using Guid(5991b15d9186e9b46aa01cade82960c8) Importer(2089858483,192608db42251d675da83286b1cce702) (ScriptedImporter) -> (artifact id: '6bd841592f650706b0f2faba7a9e3edf') in 0.0336958 seconds
Number of updated asset objects reloaded before import = 0Number of asset objects unloaded after import = 1

========================================================================
Received Import Request.
  Time since last request: 0.000041 seconds.
  path: Assets/office texture/office_rug_material_Normal.png
  artifactKey: Guid(6f6fd9be6e1bbea448eba64879782b93) Importer(2089858483,192608db42251d675da83286b1cce702)
Start importing Assets/office texture/office_rug_material_Normal.png using Guid(6f6fd9be6e1bbea448eba64879782b93) Importer(2089858483,192608db42251d675da83286b1cce702) (ScriptedImporter) -> (artifact id: '901d1f1d32e5bd9f20233471f4903d64') in 0.0971876 seconds
Number of updated asset objects reloaded before import = 0Number of asset objects unloaded after import = 1

========================================================================
Received Import Request.
  Time since last request: 0.000051 seconds.
  path: Assets/office texture/office_door_material_BaseColor_sRGB_ACEScg.png.tx
  artifactKey: Guid(9ddc55f7377f85a4287751264fcad8f6) Importer(2089858483,192608db42251d675da83286b1cce702)
Start importing Assets/office texture/office_door_material_BaseColor_sRGB_ACEScg.png.tx using Guid(9ddc55f7377f85a4287751264fcad8f6) Importer(2089858483,192608db42251d675da83286b1cce702) (ScriptedImporter) -> (artifact id: '22e76a9db73447788e1cad55677a1629') in 0.0345035 seconds
Number of updated asset objects reloaded before import = 0Number of asset objects unloaded after import = 1

========================================================================
Received Import Request.
  Time since last request: 0.000062 seconds.
  path: Assets/elevator texture/elevator_elevator_door_1_metal1_BaseColor.png
  artifactKey: Guid(c41b9fb1f62aee24d839f88643390cad) Importer(2089858483,192608db42251d675da83286b1cce702)
Start importing Assets/elevator texture/elevator_elevator_door_1_metal1_BaseColor.png using Guid(c41b9fb1f62aee24d839f88643390cad) Importer(2089858483,192608db42251d675da83286b1cce702) (ScriptedImporter) -> (artifact id: '6999071fc6e865b68c0a0a75ff0a6064') in 0.0935397 seconds
Number of updated asset objects reloaded before import = 0Number of asset objects unloaded after import = 1

========================================================================
Received Import Request.
  Time since last request: 0.000096 seconds.
  path: Assets/office texture/office_vending_machine_glass1_Normal.png
  artifactKey: Guid(28ae6cc0b1fac6f408ccb1e1d2f6a978) Importer(2089858483,192608db42251d675da83286b1cce702)
Start importing Assets/office texture/office_vending_machine_glass1_Normal.png using Guid(28ae6cc0b1fac6f408ccb1e1d2f6a978) Importer(2089858483,192608db42251d675da83286b1cce702) (ScriptedImporter) -> (artifact id: 'ae63338e03d959b4c0236058ce4da1bd') in 0.090545 seconds
Number of updated asset objects reloaded before import = 0Number of asset objects unloaded after import = 1

========================================================================
Received Import Request.
  Time since last request: 0.000205 seconds.
  path: Assets/elevator texture/elevator_door_plaque_material_Metallic.png
  artifactKey: Guid(397e37819e709894fb115247b9d20e5e) Importer(2089858483,192608db42251d675da83286b1cce702)
Start importing Assets/elevator texture/elevator_door_plaque_material_Metallic.png using Guid(397e37819e709894fb115247b9d20e5e) Importer(2089858483,192608db42251d675da83286b1cce702) (ScriptedImporter) -> (artifact id: 'f541ec3e0585609618cec75b32093a7e') in 0.0890844 seconds
Number of updated asset objects reloaded before import = 0Number of asset objects unloaded after import = 1

========================================================================
Received Import Request.
  Time since last request: 0.000129 seconds.
  path: Assets/office texture/office_tv_material_Height.png
  artifactKey: Guid(50db85c6566de36419292089d671c8ee) Importer(2089858483,192608db42251d675da83286b1cce702)
Start importing Assets/office texture/office_tv_material_Height.png using Guid(50db85c6566de36419292089d671c8ee) Importer(2089858483,192608db42251d675da83286b1cce702) (ScriptedImporter) -> (artifact id: '8e44b848ef394478d1393365b21ed69b') in 0.0818741 seconds
Number of updated asset objects reloaded before import = 0Number of asset objects unloaded after import = 1

========================================================================
Received Import Request.
  Time since last request: 0.000045 seconds.
  path: Assets/Materials/chair_material.mat
  artifactKey: Guid(e8ac87ef8f29d594f8562495b3b6fbb1) Importer(2089858483,192608db42251d675da83286b1cce702)
Start importing Assets/Materials/chair_material.mat using Guid(e8ac87ef8f29d594f8562495b3b6fbb1) Importer(2089858483,192608db42251d675da83286b1cce702) (ScriptedImporter) -> (artifact id: '29b8fde9014ba939d879614c17116903') in 0.0686162 seconds
Number of updated asset objects reloaded before import = 0Number of asset objects unloaded after import = 4

========================================================================
Received Import Request.
  Time since last request: 0.000038 seconds.
  path: Assets/Elevator hall/Elevator hall_door_1_material_Roughness.png
  artifactKey: Guid(704d85e98e891d345b1110d90f6c2dad) Importer(2089858483,192608db42251d675da83286b1cce702)
Start importing Assets/Elevator hall/Elevator hall_door_1_material_Roughness.png using Guid(704d85e98e891d345b1110d90f6c2dad) Importer(2089858483,192608db42251d675da83286b1cce702) (ScriptedImporter) -> (artifact id: 'cc7a5f9cad16e58b417fec0af93112ba') in 0.1249504 seconds
Number of updated asset objects reloaded before import = 0Number of asset objects unloaded after import = 1

========================================================================
Received Import Request.
  Time since last request: 0.000045 seconds.
  path: Assets/elevator texture/elevator_elevator_metal_door_2_material_Height.png
  artifactKey: Guid(ff4210ce5a972ff46bf5395625a66fe2) Importer(2089858483,192608db42251d675da83286b1cce702)
Start importing Assets/elevator texture/elevator_elevator_metal_door_2_material_Height.png using Guid(ff4210ce5a972ff46bf5395625a66fe2) Importer(2089858483,192608db42251d675da83286b1cce702) (ScriptedImporter) -> (artifact id: '0f36af44c6c90bd9f732d40cb8ca1135') in 0.0956789 seconds
Number of updated asset objects reloaded before import = 0Number of asset objects unloaded after import = 1

========================================================================
Received Import Request.
  Time since last request: 0.000495 seconds.
  path: Assets/elevator texture/elevator_wall_material_BaseColor.png
  artifactKey: Guid(414308faefd0992488b1a295343c6317) Importer(2089858483,192608db42251d675da83286b1cce702)
Start importing Assets/elevator texture/elevator_wall_material_BaseColor.png using Guid(414308faefd0992488b1a295343c6317) Importer(2089858483,192608db42251d675da83286b1cce702) (ScriptedImporter) -> (artifact id: 'afa3a1704272b8cc644e17d7f5f3c4e1') in 0.0719147 seconds
Number of updated asset objects reloaded before import = 0Number of asset objects unloaded after import = 1

========================================================================
Received Import Request.
  Time since last request: 0.000182 seconds.
  path: Assets/elevator texture/elevator_panel_material_BaseColor.png
  artifactKey: Guid(225516f2c7d1b3b4eb46541f0538ec70) Importer(2089858483,192608db42251d675da83286b1cce702)
Start importing Assets/elevator texture/elevator_panel_material_BaseColor.png using Guid(225516f2c7d1b3b4eb46541f0538ec70) Importer(2089858483,192608db42251d675da83286b1cce702) (ScriptedImporter) -> (artifact id: 'c7b1defca7585f64a05520ee220afec9') in 0.0875786 seconds
Number of updated asset objects reloaded before import = 0Number of asset objects unloaded after import = 1

========================================================================
Received Import Request.
  Time since last request: 0.000130 seconds.
  path: Assets/elevator texture/elevator_elevator_metal_door_2_material_Roughness.png
  artifactKey: Guid(5b29a7c1ac7991f48aa356e9e0569b19) Importer(2089858483,192608db42251d675da83286b1cce702)
Start importing Assets/elevator texture/elevator_elevator_metal_door_2_material_Roughness.png using Guid(5b29a7c1ac7991f48aa356e9e0569b19) Importer(2089858483,192608db42251d675da83286b1cce702) (ScriptedImporter) -> (artifact id: '33433001f1ca8401d87934f7b0407497') in 0.0950532 seconds
Number of updated asset objects reloaded before import = 0Number of asset objects unloaded after import = 1

========================================================================
Received Import Request.
  Time since last request: 0.000046 seconds.
  path: Assets/office texture/office_rug_2_material_Metallic_Raw_ACEScg.png.tx
  artifactKey: Guid(77d820a21660df249bdb440a66f1be76) Importer(2089858483,192608db42251d675da83286b1cce702)
Start importing Assets/office texture/office_rug_2_material_Metallic_Raw_ACEScg.png.tx using Guid(77d820a21660df249bdb440a66f1be76) Importer(2089858483,192608db42251d675da83286b1cce702) (ScriptedImporter) -> (artifact id: '0d6fcd4d118e03e3166a78463f574baa') in 0.0443555 seconds
Number of updated asset objects reloaded before import = 0Number of asset objects unloaded after import = 1

========================================================================
Received Import Request.
  Time since last request: 0.000093 seconds.
  path: Assets/Elevator hall/Elevator hall_floor_material_Roughness.png
  artifactKey: Guid(65d1281670d31ec4fa066a2d15701b5c) Importer(2089858483,192608db42251d675da83286b1cce702)
Start importing Assets/Elevator hall/Elevator hall_floor_material_Roughness.png using Guid(65d1281670d31ec4fa066a2d15701b5c) Importer(2089858483,192608db42251d675da83286b1cce702) (ScriptedImporter) -> (artifact id: 'c18cd01412915e1fcccf598f36f14372') in 0.0962801 seconds
Number of updated asset objects reloaded before import = 0Number of asset objects unloaded after import = 1

========================================================================
Received Import Request.
  Time since last request: 0.000033 seconds.
  path: Assets/office texture/office_chair_material1_Normal.png
  artifactKey: Guid(7290ded46ad30c749bd1b6662976c98e) Importer(2089858483,192608db42251d675da83286b1cce702)
Start importing Assets/office texture/office_chair_material1_Normal.png using Guid(7290ded46ad30c749bd1b6662976c98e) Importer(2089858483,192608db42251d675da83286b1cce702) (ScriptedImporter) -> (artifact id: 'a3dedb392f89047e4e8139c611740d23') in 0.0612095 seconds
Number of updated asset objects reloaded before import = 0Number of asset objects unloaded after import = 1

========================================================================
Received Import Request.
  Time since last request: 0.000135 seconds.
  path: Assets/elevator texture/elevator_screen_material_Metallic.png
  artifactKey: Guid(324aa6ac356788b44a323671cbbd0c87) Importer(2089858483,192608db42251d675da83286b1cce702)
Start importing Assets/elevator texture/elevator_screen_material_Metallic.png using Guid(324aa6ac356788b44a323671cbbd0c87) Importer(2089858483,192608db42251d675da83286b1cce702) (ScriptedImporter) -> (artifact id: '5da6ae635097be9025c29d97f65c938e') in 0.1293938 seconds
Number of updated asset objects reloaded before import = 0Number of asset objects unloaded after import = 1

========================================================================
Received Import Request.
  Time since last request: 0.000151 seconds.
  path: Assets/office texture/office_front_desk_material_Metallic_Raw_ACEScg.png.tx
  artifactKey: Guid(2bdd68f4b5acb5140a9ccb3622eff794) Importer(2089858483,192608db42251d675da83286b1cce702)
Start importing Assets/office texture/office_front_desk_material_Metallic_Raw_ACEScg.png.tx using Guid(2bdd68f4b5acb5140a9ccb3622eff794) Importer(2089858483,192608db42251d675da83286b1cce702) (ScriptedImporter) -> (artifact id: 'c9fa678c46bc332458cf2f79533edc1c') in 0.0383458 seconds
Number of updated asset objects reloaded before import = 0Number of asset objects unloaded after import = 1

========================================================================
Received Import Request.
  Time since last request: 0.000071 seconds.
  path: Assets/Potted_plants.png
  artifactKey: Guid(75b17b275bc9bea4c97d2306cc68ae9b) Importer(2089858483,192608db42251d675da83286b1cce702)
Start importing Assets/Potted_plants.png using Guid(75b17b275bc9bea4c97d2306cc68ae9b) Importer(2089858483,192608db42251d675da83286b1cce702) (ScriptedImporter) -> (artifact id: 'd8eed88f869014642afe83eb50968380') in 0.0717437 seconds
Number of updated asset objects reloaded before import = 0Number of asset objects unloaded after import = 1

========================================================================
Received Import Request.
  Time since last request: 0.000171 seconds.
  path: Assets/Materials/tv_screen_material.mat
  artifactKey: Guid(1db37011337b807488a18cfcb97e47af) Importer(2089858483,192608db42251d675da83286b1cce702)
Start importing Assets/Materials/tv_screen_material.mat using Guid(1db37011337b807488a18cfcb97e47af) Importer(2089858483,192608db42251d675da83286b1cce702) (ScriptedImporter) -> (artifact id: '8c67c48cffa1d5c70df761f8e36efa31') in 0.0549958 seconds
Number of updated asset objects reloaded before import = 0Number of asset objects unloaded after import = 1

========================================================================
Received Import Request.
  Time since last request: 0.000285 seconds.
  path: Assets/Elevator hall/Elevator hall_floor_material_Normal.png
  artifactKey: Guid(037522c961227274885b8915e5dafa7a) Importer(2089858483,192608db42251d675da83286b1cce702)
Start importing Assets/Elevator hall/Elevator hall_floor_material_Normal.png using Guid(037522c961227274885b8915e5dafa7a) Importer(2089858483,192608db42251d675da83286b1cce702) (ScriptedImporter) -> (artifact id: 'f2b9b44849007d6560f7c077fd7f85e5') in 0.121235 seconds
Number of updated asset objects reloaded before import = 0Number of asset objects unloaded after import = 1

========================================================================
Received Import Request.
  Time since last request: 0.000041 seconds.
  path: Assets/office texture/office_tv_screen_material_Normal.png
  artifactKey: Guid(100a442a38e29504a8d275f842197e0e) Importer(2089858483,192608db42251d675da83286b1cce702)
Start importing Assets/office texture/office_tv_screen_material_Normal.png using Guid(100a442a38e29504a8d275f842197e0e) Importer(2089858483,192608db42251d675da83286b1cce702) (ScriptedImporter) -> (artifact id: '61beb3a8b344aff33a59a874e29ebf1d') in 0.1368802 seconds
Number of updated asset objects reloaded before import = 0Number of asset objects unloaded after import = 1

========================================================================
Received Import Request.
  Time since last request: 0.000062 seconds.
  path: Assets/Materials/office-trachcan_material.mat
  artifactKey: Guid(76b3f7edee884984cb22bb31fc4958a1) Importer(2089858483,192608db42251d675da83286b1cce702)
Start importing Assets/Materials/office-trachcan_material.mat using Guid(76b3f7edee884984cb22bb31fc4958a1) Importer(2089858483,192608db42251d675da83286b1cce702) (ScriptedImporter) -> (artifact id: '58a5fbc822537f27f592cea38e0359a5') in 0.1158821 seconds
Number of updated asset objects reloaded before import = 0Number of asset objects unloaded after import = 4

========================================================================
Received Import Request.
  Time since last request: 0.000047 seconds.
  path: Assets/office texture/office_frame_material_Metallic_Raw_ACEScg.png.tx
  artifactKey: Guid(4f9b22ab88129a842a4eda3cac79a2b9) Importer(2089858483,192608db42251d675da83286b1cce702)
Start importing Assets/office texture/office_frame_material_Metallic_Raw_ACEScg.png.tx using Guid(4f9b22ab88129a842a4eda3cac79a2b9) Importer(2089858483,192608db42251d675da83286b1cce702) (ScriptedImporter) -> (artifact id: 'd19bde348da5716ccabffe66e739106c') in 0.0423474 seconds
Number of updated asset objects reloaded before import = 0Number of asset objects unloaded after import = 1

========================================================================
Received Import Request.
  Time since last request: 0.000102 seconds.
  path: Assets/elevator texture/elevator_grip_material_Roughness.png
  artifactKey: Guid(b7f9e496fd4259542809612419e2b068) Importer(2089858483,192608db42251d675da83286b1cce702)
Start importing Assets/elevator texture/elevator_grip_material_Roughness.png using Guid(b7f9e496fd4259542809612419e2b068) Importer(2089858483,192608db42251d675da83286b1cce702) (ScriptedImporter) -> (artifact id: '7ece3ad95697ae1c1131f2bcf110e43c') in 0.1007066 seconds
Number of updated asset objects reloaded before import = 0Number of asset objects unloaded after import = 1

========================================================================
Received Import Request.
  Time since last request: 0.000057 seconds.
  path: Assets/office.fbx
  artifactKey: Guid(2c2a2ddd354ec61409110b5a1193a84c) Importer(2089858483,192608db42251d675da83286b1cce702)
Start importing Assets/office.fbx using Guid(2c2a2ddd354ec61409110b5a1193a84c) Importer(2089858483,192608db42251d675da83286b1cce702) (ScriptedImporter) -> (artifact id: '30158fb06df133552670c526c3012dd5') in 0.374126 seconds
Number of updated asset objects reloaded before import = 0Number of asset objects unloaded after import = 149

========================================================================
Received Import Request.
  Time since last request: 0.000076 seconds.
  path: Assets/office texture/office_plant_material_Normal.png
  artifactKey: Guid(93c94f3101a2659498605615752eb339) Importer(2089858483,192608db42251d675da83286b1cce702)
Start importing Assets/office texture/office_plant_material_Normal.png using Guid(93c94f3101a2659498605615752eb339) Importer(2089858483,192608db42251d675da83286b1cce702) (ScriptedImporter) -> (artifact id: 'fb58e80c72b1fa985521d7c4b7bc254e') in 0.0932478 seconds
Number of updated asset objects reloaded before import = 0Number of asset objects unloaded after import = 1

========================================================================
Received Import Request.
  Time since last request: 0.000102 seconds.
  path: Assets/office texture/office_plant_material_Normal_Raw_ACEScg.png.tx
  artifactKey: Guid(6252705ffbef4774a839386c29d7d09d) Importer(2089858483,192608db42251d675da83286b1cce702)
Start importing Assets/office texture/office_plant_material_Normal_Raw_ACEScg.png.tx using Guid(6252705ffbef4774a839386c29d7d09d) Importer(2089858483,192608db42251d675da83286b1cce702) (ScriptedImporter) -> (artifact id: '31860447255f180c57e8c4281215e660') in 0.0343296 seconds
Number of updated asset objects reloaded before import = 0Number of asset objects unloaded after import = 1

========================================================================
Received Import Request.
  Time since last request: 0.000045 seconds.
  path: Assets/office texture/office_tv_material_Normal.png
  artifactKey: Guid(67ddf1d20e49e584e871f6a5b8ff3fe1) Importer(2089858483,192608db42251d675da83286b1cce702)
Start importing Assets/office texture/office_tv_material_Normal.png using Guid(67ddf1d20e49e584e871f6a5b8ff3fe1) Importer(2089858483,192608db42251d675da83286b1cce702) (ScriptedImporter) -> (artifact id: 'b20494e5da768f2c2baf6d7ac140e5a6') in 0.0817486 seconds
Number of updated asset objects reloaded before import = 0Number of asset objects unloaded after import = 1

========================================================================
Received Import Request.
  Time since last request: 0.000105 seconds.
  path: Assets/script/RealTimeTimer.cs
  artifactKey: Guid(2e6ddb4c8f3a1e049a0babdb4a10800b) Importer(2089858483,192608db42251d675da83286b1cce702)
Start importing Assets/script/RealTimeTimer.cs using Guid(2e6ddb4c8f3a1e049a0babdb4a10800b) Importer(2089858483,192608db42251d675da83286b1cce702) (ScriptedImporter) -> (artifact id: '203e7a4eb9865e9508e5d18d37518b97') in 0.0316514 seconds
Number of updated asset objects reloaded before import = 0Number of asset objects unloaded after import = 0

========================================================================
Received Import Request.
  Time since last request: 0.000181 seconds.
  path: Assets/Materials/Materials/street .mat
  artifactKey: Guid(d8a1843ab4cee854f979a4417114a7c6) Importer(2089858483,192608db42251d675da83286b1cce702)
Start importing Assets/Materials/Materials/street .mat using Guid(d8a1843ab4cee854f979a4417114a7c6) Importer(2089858483,192608db42251d675da83286b1cce702) (ScriptedImporter) -> (artifact id: '50e0cabc95a0ec5e819ad0772207db4a') in 0.0809299 seconds
Number of updated asset objects reloaded before import = 0Number of asset objects unloaded after import = 2

========================================================================
Received Import Request.
  Time since last request: 0.000041 seconds.
  path: Assets/elevator texture/elevator_ceetification_material_Height.png
  artifactKey: Guid(67958143928ef5f49a2b9c7937644f1f) Importer(2089858483,192608db42251d675da83286b1cce702)
Start importing Assets/elevator texture/elevator_ceetification_material_Height.png using Guid(67958143928ef5f49a2b9c7937644f1f) Importer(2089858483,192608db42251d675da83286b1cce702) (ScriptedImporter) -> (artifact id: '9a8fa2544892aa9f250c4935cf04ea37') in 0.112112 seconds
Number of updated asset objects reloaded before import = 0Number of asset objects unloaded after import = 1

========================================================================
Received Import Request.
  Time since last request: 0.000050 seconds.
  path: Assets/office texture/switchboard_old.jpg
  artifactKey: Guid(b5adff24a63384d4191fcc5b0bc6d23b) Importer(2089858483,192608db42251d675da83286b1cce702)
Start importing Assets/office texture/switchboard_old.jpg using Guid(b5adff24a63384d4191fcc5b0bc6d23b) Importer(2089858483,192608db42251d675da83286b1cce702) (ScriptedImporter) -> (artifact id: '6596f7aeb7c1a8a34e38dd750ea3b726') in 0.1566272 seconds
Number of updated asset objects reloaded before import = 0Number of asset objects unloaded after import = 1

========================================================================
Received Import Request.
  Time since last request: 0.000057 seconds.
  path: Assets/Elevator hall/Elevator hall_wall_material_Height.png
  artifactKey: Guid(bac9d1b6308854e4893be0096b7ba32c) Importer(2089858483,192608db42251d675da83286b1cce702)
Start importing Assets/Elevator hall/Elevator hall_wall_material_Height.png using Guid(bac9d1b6308854e4893be0096b7ba32c) Importer(2089858483,192608db42251d675da83286b1cce702) (ScriptedImporter) -> (artifact id: '8af48584cf2779e6adb586aa0c02c231') in 0.1241337 seconds
Number of updated asset objects reloaded before import = 0Number of asset objects unloaded after import = 1

========================================================================
Received Import Request.
  Time since last request: 0.000215 seconds.
  path: Assets/office texture/office_tv_material_Roughness.png
  artifactKey: Guid(a338cd32285e7d542b254e98504ca5d4) Importer(2089858483,192608db42251d675da83286b1cce702)
Start importing Assets/office texture/office_tv_material_Roughness.png using Guid(a338cd32285e7d542b254e98504ca5d4) Importer(2089858483,192608db42251d675da83286b1cce702) (ScriptedImporter) -> (artifact id: '523b126a528af6f1f6dc9a1be29b1d17') in 0.1102859 seconds
Number of updated asset objects reloaded before import = 0Number of asset objects unloaded after import = 1

========================================================================
Received Import Request.
  Time since last request: 0.000052 seconds.
  path: Assets/Materials/aiStandardSurface2.mat
  artifactKey: Guid(3e6ebafb41dd6f641ac0161b9494e2a1) Importer(2089858483,192608db42251d675da83286b1cce702)
Start importing Assets/Materials/aiStandardSurface2.mat using Guid(3e6ebafb41dd6f641ac0161b9494e2a1) Importer(2089858483,192608db42251d675da83286b1cce702) (ScriptedImporter) -> (artifact id: '1a41784c7feffbad5aa06e7c176f4c91') in 0.0657455 seconds
Number of updated asset objects reloaded before import = 0Number of asset objects unloaded after import = 2

========================================================================
Received Import Request.
  Time since last request: 0.000059 seconds.
  path: Assets/office texture/office_rug_material_Height.png
  artifactKey: Guid(b4027660d344db54aadc0ac9d2851de6) Importer(2089858483,192608db42251d675da83286b1cce702)
Start importing Assets/office texture/office_rug_material_Height.png using Guid(b4027660d344db54aadc0ac9d2851de6) Importer(2089858483,192608db42251d675da83286b1cce702) (ScriptedImporter) -> (artifact id: 'e856267be7d24e69356179c072705d21') in 0.0941025 seconds
Number of updated asset objects reloaded before import = 0Number of asset objects unloaded after import = 1

========================================================================
Received Import Request.
  Time since last request: 0.000040 seconds.
  path: Assets/office texture/office_vending_machine_material_Normal_Raw_ACEScg.png.tx
  artifactKey: Guid(37a25bc3f123fc94ba433883ee3f53c0) Importer(2089858483,192608db42251d675da83286b1cce702)
Start importing Assets/office texture/office_vending_machine_material_Normal_Raw_ACEScg.png.tx using Guid(37a25bc3f123fc94ba433883ee3f53c0) Importer(2089858483,192608db42251d675da83286b1cce702) (ScriptedImporter) -> (artifact id: '339b13e87dd916799d6a614b494c985c') in 0.0359966 seconds
Number of updated asset objects reloaded before import = 0Number of asset objects unloaded after import = 1

========================================================================
Received Import Request.
  Time since last request: 0.000107 seconds.
  path: Assets/Materials/office-front_desk_material1.mat
  artifactKey: Guid(4dce579daf351d14aacb671d721fedf8) Importer(2089858483,192608db42251d675da83286b1cce702)
Start importing Assets/Materials/office-front_desk_material1.mat using Guid(4dce579daf351d14aacb671d721fedf8) Importer(2089858483,192608db42251d675da83286b1cce702) (ScriptedImporter) -> (artifact id: 'e739134943a8cc7174df6ccb838f379f') in 0.1632069 seconds
Number of updated asset objects reloaded before import = 0Number of asset objects unloaded after import = 5

========================================================================
Received Import Request.
  Time since last request: 0.000074 seconds.
  path: Assets/Materials/office-frame_material1.mat
  artifactKey: Guid(eaad4a9bb31def14aaf96fc8475d310d) Importer(2089858483,192608db42251d675da83286b1cce702)
Start importing Assets/Materials/office-frame_material1.mat using Guid(eaad4a9bb31def14aaf96fc8475d310d) Importer(2089858483,192608db42251d675da83286b1cce702) (ScriptedImporter) -> (artifact id: 'cd2ecee60c24a4fbdd4d23ca5644835f') in 0.0933894 seconds
Number of updated asset objects reloaded before import = 0Number of asset objects unloaded after import = 5

========================================================================
Received Import Request.
  Time since last request: 0.000144 seconds.
  path: Assets/Elevator hall/Elevator hall_door_knob_material_BaseColor.png
  artifactKey: Guid(1ceb64efcb688b645bb831d339142f07) Importer(2089858483,192608db42251d675da83286b1cce702)
Start importing Assets/Elevator hall/Elevator hall_door_knob_material_BaseColor.png using Guid(1ceb64efcb688b645bb831d339142f07) Importer(2089858483,192608db42251d675da83286b1cce702) (ScriptedImporter) -> (artifact id: 'f0bb9a47fac6f611e3876326a249a0e0') in 0.2545445 seconds
Number of updated asset objects reloaded before import = 0Number of asset objects unloaded after import = 1

========================================================================
Received Import Request.
  Time since last request: 0.002585 seconds.
  path: Assets/office texture/office_rug_2_material_Metallic.png
  artifactKey: Guid(22a2017128092ec46baee2ad7c6e50e4) Importer(2089858483,192608db42251d675da83286b1cce702)
Start importing Assets/office texture/office_rug_2_material_Metallic.png using Guid(22a2017128092ec46baee2ad7c6e50e4) Importer(2089858483,192608db42251d675da83286b1cce702) (ScriptedImporter) -> (artifact id: 'cca2e10b6c0181c321cf5d534484f269') in 0.2627735 seconds
Number of updated asset objects reloaded before import = 0Number of asset objects unloaded after import = 1

========================================================================
Received Import Request.
  Time since last request: 0.000049 seconds.
  path: Assets/Materials/Elevator hall-door_knob_material1.mat
  artifactKey: Guid(36d0f3c9ab9d9664ea96839be5c51f13) Importer(2089858483,192608db42251d675da83286b1cce702)
Start importing Assets/Materials/Elevator hall-door_knob_material1.mat using Guid(36d0f3c9ab9d9664ea96839be5c51f13) Importer(2089858483,192608db42251d675da83286b1cce702) (ScriptedImporter) -> (artifact id: '59014b0c8f82c9cce5b6aa68ef68788f') in 0.1349097 seconds
Number of updated asset objects reloaded before import = 0Number of asset objects unloaded after import = 5

========================================================================
Received Import Request.
  Time since last request: 0.000059 seconds.
  path: Assets/elevator texture/elevator_ceetification_material_Metallic.png
  artifactKey: Guid(2bbde5c89c177be458704e715a8a64ca) Importer(2089858483,192608db42251d675da83286b1cce702)
Start importing Assets/elevator texture/elevator_ceetification_material_Metallic.png using Guid(2bbde5c89c177be458704e715a8a64ca) Importer(2089858483,192608db42251d675da83286b1cce702) (ScriptedImporter) -> (artifact id: '0ccca3bd263f1d361d8ba6b73e169346') in 0.0716682 seconds
Number of updated asset objects reloaded before import = 0Number of asset objects unloaded after import = 1

========================================================================
Received Import Request.
  Time since last request: 0.000208 seconds.
  path: Assets/office texture/office_vending_machine_material_BaseColor_sRGB_ACEScg.png.tx
  artifactKey: Guid(bebed5d6da15e6844869de6ebf82c3b4) Importer(2089858483,192608db42251d675da83286b1cce702)
Start importing Assets/office texture/office_vending_machine_material_BaseColor_sRGB_ACEScg.png.tx using Guid(bebed5d6da15e6844869de6ebf82c3b4) Importer(2089858483,192608db42251d675da83286b1cce702) (ScriptedImporter) -> (artifact id: '339afbfbc837a98f02e04ad7fedc4744') in 0.0325299 seconds
Number of updated asset objects reloaded before import = 0Number of asset objects unloaded after import = 1

========================================================================
Received Import Request.
  Time since last request: 0.000178 seconds.
  path: Assets/Materials/elevator_frame1.mat
  artifactKey: Guid(957c13a03ee68e448a9d77b6d5781386) Importer(2089858483,192608db42251d675da83286b1cce702)
Start importing Assets/Materials/elevator_frame1.mat using Guid(957c13a03ee68e448a9d77b6d5781386) Importer(2089858483,192608db42251d675da83286b1cce702) (ScriptedImporter) -> (artifact id: 'e6f66ce68bf3a4bc16918c88fc4376d2') in 0.0781523 seconds
Number of updated asset objects reloaded before import = 0Number of asset objects unloaded after import = 4

========================================================================
Received Import Request.
  Time since last request: 0.000063 seconds.
  path: Assets/office texture/office_vending_machine_material_Roughness_Raw_ACEScg.png.tx
  artifactKey: Guid(293c5222949bd3b46b600c96bcc0b63a) Importer(2089858483,192608db42251d675da83286b1cce702)
Start importing Assets/office texture/office_vending_machine_material_Roughness_Raw_ACEScg.png.tx using Guid(293c5222949bd3b46b600c96bcc0b63a) Importer(2089858483,192608db42251d675da83286b1cce702) (ScriptedImporter) -> (artifact id: '0788b2e2543a71a90b60f2016149e259') in 0.0370859 seconds
Number of updated asset objects reloaded before import = 0Number of asset objects unloaded after import = 1

========================================================================
Received Import Request.
  Time since last request: 0.000124 seconds.
  path: Assets/office texture/office_vending_machine_glass1_Roughness.png
  artifactKey: Guid(705c4dc35a04e1d41acf8a27d1811e8e) Importer(2089858483,192608db42251d675da83286b1cce702)
Start importing Assets/office texture/office_vending_machine_glass1_Roughness.png using Guid(705c4dc35a04e1d41acf8a27d1811e8e) Importer(2089858483,192608db42251d675da83286b1cce702) (ScriptedImporter) -> (artifact id: '71daff71a34fd5feba7ff707cde33225') in 0.0786132 seconds
Number of updated asset objects reloaded before import = 0Number of asset objects unloaded after import = 1

========================================================================
Received Import Request.
  Time since last request: 0.000073 seconds.
  path: Assets/Materials/elevator-grip_material1.mat
  artifactKey: Guid(7c4be18e4abcb3a4eaf79e7a2a627bf5) Importer(2089858483,192608db42251d675da83286b1cce702)
Start importing Assets/Materials/elevator-grip_material1.mat using Guid(7c4be18e4abcb3a4eaf79e7a2a627bf5) Importer(2089858483,192608db42251d675da83286b1cce702) (ScriptedImporter) -> (artifact id: '77608fbf3e491e83801c2a8b9e57ec15') in 0.0795641 seconds
Number of updated asset objects reloaded before import = 0Number of asset objects unloaded after import = 5

========================================================================
Received Import Request.
  Time since last request: 0.000045 seconds.
  path: Assets/Materials/elevator-elevator_door_1_material1.mat
  artifactKey: Guid(bc2a2c9af2bb901468124b11b02cd91c) Importer(2089858483,192608db42251d675da83286b1cce702)
Start importing Assets/Materials/elevator-elevator_door_1_material1.mat using Guid(bc2a2c9af2bb901468124b11b02cd91c) Importer(2089858483,192608db42251d675da83286b1cce702) (ScriptedImporter) -> (artifact id: '6df6eeeaa2a98cf533fdfc07dd130539') in 0.1063309 seconds
Number of updated asset objects reloaded before import = 0Number of asset objects unloaded after import = 5

========================================================================
Received Import Request.
  Time since last request: 0.000049 seconds.
  path: Assets/office texture/office_wall_material_Normal.png
  artifactKey: Guid(980212d40f2762b419ff1138e5a9059d) Importer(2089858483,192608db42251d675da83286b1cce702)
Start importing Assets/office texture/office_wall_material_Normal.png using Guid(980212d40f2762b419ff1138e5a9059d) Importer(2089858483,192608db42251d675da83286b1cce702) (ScriptedImporter) -> (artifact id: '269d8b8e6f155f77ca5703c6a597b527') in 0.0837313 seconds
Number of updated asset objects reloaded before import = 0Number of asset objects unloaded after import = 1

========================================================================
Received Import Request.
  Time since last request: 0.000057 seconds.
  path: Assets/elevator.fbx
  artifactKey: Guid(995971e970aca1445b73e596936d593d) Importer(2089858483,192608db42251d675da83286b1cce702)
Start importing Assets/elevator.fbx using Guid(995971e970aca1445b73e596936d593d) Importer(2089858483,192608db42251d675da83286b1cce702) (ScriptedImporter) -> (artifact id: '7f9859179b9315318c0052fb5a104855') in 0.1640638 seconds
Number of updated asset objects reloaded before import = 0Number of asset objects unloaded after import = 89

========================================================================
Received Import Request.
  Time since last request: 0.000048 seconds.
  path: Assets/elevator texture/elevator_wall_material_Height.png
  artifactKey: Guid(a70fe859e8bd69d4b957c1233f7d6943) Importer(2089858483,192608db42251d675da83286b1cce702)
Start importing Assets/elevator texture/elevator_wall_material_Height.png using Guid(a70fe859e8bd69d4b957c1233f7d6943) Importer(2089858483,192608db42251d675da83286b1cce702) (ScriptedImporter) -> (artifact id: 'aa9fe5a3c63cc23496e829aa44381a34') in 0.1121607 seconds
Number of updated asset objects reloaded before import = 0Number of asset objects unloaded after import = 1

========================================================================
Received Import Request.
  Time since last request: 0.000154 seconds.
  path: Assets/Materials/table_material1.mat
  artifactKey: Guid(7d302af37f351404c9100380ae0e4b96) Importer(2089858483,192608db42251d675da83286b1cce702)
Start importing Assets/Materials/table_material1.mat using Guid(7d302af37f351404c9100380ae0e4b96) Importer(2089858483,192608db42251d675da83286b1cce702) (ScriptedImporter) -> (artifact id: 'd72ac0d00e9f62b69eb5acb685d4e9d9') in 0.1039144 seconds
Number of updated asset objects reloaded before import = 0Number of asset objects unloaded after import = 4

========================================================================
Received Import Request.
  Time since last request: 0.000059 seconds.
  path: Assets/Materials/elevator-panel_material1.mat
  artifactKey: Guid(78f6ce5a579716e489c0a774c9f59165) Importer(2089858483,192608db42251d675da83286b1cce702)
Start importing Assets/Materials/elevator-panel_material1.mat using Guid(78f6ce5a579716e489c0a774c9f59165) Importer(2089858483,192608db42251d675da83286b1cce702) (ScriptedImporter) -> (artifact id: '58443d694bf9d0708df1c8a3d9bf70bd') in 0.1170845 seconds
Number of updated asset objects reloaded before import = 0Number of asset objects unloaded after import = 5

========================================================================
Received Import Request.
  Time since last request: 0.000035 seconds.
  path: Assets/Materials/sign_material.mat
  artifactKey: Guid(17c9539d5c8d07a42a4875402b720302) Importer(2089858483,192608db42251d675da83286b1cce702)
Start importing Assets/Materials/sign_material.mat using Guid(17c9539d5c8d07a42a4875402b720302) Importer(2089858483,192608db42251d675da83286b1cce702) (ScriptedImporter) -> (artifact id: '21ef5ca7731f4415f666e3ff16d349a9') in 0.1163574 seconds
Number of updated asset objects reloaded before import = 0Number of asset objects unloaded after import = 4

========================================================================
Received Import Request.
  Time since last request: 0.000085 seconds.
  path: Assets/Materials/elevator-elevator_metal_door_2_material2.mat
  artifactKey: Guid(8cdda28400b61cc4cae40b70823a6b29) Importer(2089858483,192608db42251d675da83286b1cce702)
Start importing Assets/Materials/elevator-elevator_metal_door_2_material2.mat using Guid(8cdda28400b61cc4cae40b70823a6b29) Importer(2089858483,192608db42251d675da83286b1cce702) (ScriptedImporter) -> (artifact id: '25a34a5e0e970f07338bd60918a18e0b') in 0.0883565 seconds
Number of updated asset objects reloaded before import = 0Number of asset objects unloaded after import = 5

========================================================================
Received Import Request.
  Time since last request: 0.000178 seconds.
  path: Assets/Materials/Elevator hall-door_knob_material.mat
  artifactKey: Guid(1ae206b68e3c4504cbda6b27679d5a07) Importer(2089858483,192608db42251d675da83286b1cce702)
Start importing Assets/Materials/Elevator hall-door_knob_material.mat using Guid(1ae206b68e3c4504cbda6b27679d5a07) Importer(2089858483,192608db42251d675da83286b1cce702) (ScriptedImporter) -> (artifact id: '71fe4aeb5178fff67bd2bb994a6296e8') in 0.0655867 seconds
Number of updated asset objects reloaded before import = 0Number of asset objects unloaded after import = 1

========================================================================
Received Import Request.
  Time since last request: 0.000131 seconds.
  path: Assets/office texture/office_floor_material_Normal.png
  artifactKey: Guid(1612a348e1222cf479bc1dafd6328226) Importer(2089858483,192608db42251d675da83286b1cce702)
Start importing Assets/office texture/office_floor_material_Normal.png using Guid(1612a348e1222cf479bc1dafd6328226) Importer(2089858483,192608db42251d675da83286b1cce702) (ScriptedImporter) -> (artifact id: '60fb661f1b13b744296638616f8bf93b') in 0.0750252 seconds
Number of updated asset objects reloaded before import = 0Number of asset objects unloaded after import = 1

========================================================================
Received Import Request.
  Time since last request: 0.000169 seconds.
  path: Assets/elevator texture/elevator_elevator_door_2_material_Roughness.png
  artifactKey: Guid(2c6d1f735192e2545890c126d9131a81) Importer(2089858483,192608db42251d675da83286b1cce702)
Start importing Assets/elevator texture/elevator_elevator_door_2_material_Roughness.png using Guid(2c6d1f735192e2545890c126d9131a81) Importer(2089858483,192608db42251d675da83286b1cce702) (ScriptedImporter) -> (artifact id: '6d5d760ebee6c06c7e5db73430d183ea') in 0.102907 seconds
Number of updated asset objects reloaded before import = 0Number of asset objects unloaded after import = 1

========================================================================
Received Import Request.
  Time since last request: 0.000069 seconds.
  path: Assets/Materials/Materials
  artifactKey: Guid(5af8c43e8a8c3874c84223df7ad8356f) Importer(2089858483,192608db42251d675da83286b1cce702)
Start importing Assets/Materials/Materials using Guid(5af8c43e8a8c3874c84223df7ad8356f) Importer(2089858483,192608db42251d675da83286b1cce702) (ScriptedImporter) -> (artifact id: '901ffb43ce353a24c6a27c2768da0e16') in 0.0430084 seconds
Number of updated asset objects reloaded before import = 0Number of asset objects unloaded after import = 1

========================================================================
Received Import Request.
  Time since last request: 0.000234 seconds.
  path: Assets/Elevator hall
  artifactKey: Guid(15ad3520e43a71146bc7c30820152d15) Importer(2089858483,192608db42251d675da83286b1cce702)
Start importing Assets/Elevator hall using Guid(15ad3520e43a71146bc7c30820152d15) Importer(2089858483,192608db42251d675da83286b1cce702) (ScriptedImporter) -> (artifact id: '532a5d3a7741ed76c80aac859c7891cf') in 0.0330813 seconds
Number of updated asset objects reloaded before import = 0Number of asset objects unloaded after import = 1

========================================================================
Received Import Request.
  Time since last request: 0.000158 seconds.
  path: Assets/New Material.mat
  artifactKey: Guid(0520ba55b66539c4ebe5deef4a1db957) Importer(2089858483,192608db42251d675da83286b1cce702)
Start importing Assets/New Material.mat using Guid(0520ba55b66539c4ebe5deef4a1db957) Importer(2089858483,192608db42251d675da83286b1cce702) (ScriptedImporter) -> (artifact id: 'aa64b7d5038885934cd75f9adafa4bc8') in 0.093119 seconds
Number of updated asset objects reloaded before import = 0Number of asset objects unloaded after import = 2

========================================================================
Received Import Request.
  Time since last request: 0.000037 seconds.
  path: Assets/Materials/elevator-floor_button_material1.mat
  artifactKey: Guid(949e027643990ef40a5ee1d73ba45a5a) Importer(2089858483,192608db42251d675da83286b1cce702)
Start importing Assets/Materials/elevator-floor_button_material1.mat using Guid(949e027643990ef40a5ee1d73ba45a5a) Importer(2089858483,192608db42251d675da83286b1cce702) (ScriptedImporter) -> (artifact id: '300b8d9203273193f9e82c8f7f4bdeee') in 0.0902519 seconds
Number of updated asset objects reloaded before import = 0Number of asset objects unloaded after import = 5

========================================================================
Received Import Request.
  Time since last request: 0.000052 seconds.
  path: Assets/office texture/office_elevator_door1_Normal.png
  artifactKey: Guid(235e5b86ba6fe4545ad8d377412fc4aa) Importer(2089858483,192608db42251d675da83286b1cce702)
Start importing Assets/office texture/office_elevator_door1_Normal.png using Guid(235e5b86ba6fe4545ad8d377412fc4aa) Importer(2089858483,192608db42251d675da83286b1cce702) (ScriptedImporter) -> (artifact id: 'e2222bc43b8b35b1d0866049191d4d76') in 0.2878739 seconds
Number of updated asset objects reloaded before import = 0Number of asset objects unloaded after import = 1

========================================================================
Received Import Request.
  Time since last request: 0.000123 seconds.
  path: Assets/office texture/office_frame_material_BaseColor_sRGB_ACEScg.png.tx
  artifactKey: Guid(6493d70f230e70349b0fb1c763e5f2d3) Importer(2089858483,192608db42251d675da83286b1cce702)
Start importing Assets/office texture/office_frame_material_BaseColor_sRGB_ACEScg.png.tx using Guid(6493d70f230e70349b0fb1c763e5f2d3) Importer(2089858483,192608db42251d675da83286b1cce702) (ScriptedImporter) -> (artifact id: '7557a9e9ec54f700cff63f222866c79d') in 0.2558568 seconds
Number of updated asset objects reloaded before import = 0Number of asset objects unloaded after import = 1

========================================================================
Received Import Request.
  Time since last request: 0.000257 seconds.
  path: Assets/office texture/office_sign_material1_Normal.png
  artifactKey: Guid(3bb40a8e3ae09d64dadb32f3027b0918) Importer(2089858483,192608db42251d675da83286b1cce702)
Start importing Assets/office texture/office_sign_material1_Normal.png using Guid(3bb40a8e3ae09d64dadb32f3027b0918) Importer(2089858483,192608db42251d675da83286b1cce702) (ScriptedImporter) -> (artifact id: '4a4c326c730906fe1e0762cead4747c4') in 0.1959034 seconds
Number of updated asset objects reloaded before import = 0Number of asset objects unloaded after import = 1

========================================================================
Received Import Request.
  Time since last request: 0.000290 seconds.
  path: Assets/Materials/trachcan_material.mat
  artifactKey: Guid(72e49383805106e45961904518aa4e25) Importer(2089858483,192608db42251d675da83286b1cce702)
Start importing Assets/Materials/trachcan_material.mat using Guid(72e49383805106e45961904518aa4e25) Importer(2089858483,192608db42251d675da83286b1cce702) (ScriptedImporter) -> (artifact id: 'f163638f937626d1fdb4f03f93801f16') in 0.125698 seconds
Number of updated asset objects reloaded before import = 0Number of asset objects unloaded after import = 3

========================================================================
Received Import Request.
  Time since last request: 0.000124 seconds.
  path: Assets/office texture/office_tv_material_BaseColor_sRGB_ACEScg.png.tx
  artifactKey: Guid(0ba1ebdc122fbe44ebde17c2c8e4e2f9) Importer(2089858483,192608db42251d675da83286b1cce702)
Start importing Assets/office texture/office_tv_material_BaseColor_sRGB_ACEScg.png.tx using Guid(0ba1ebdc122fbe44ebde17c2c8e4e2f9) Importer(2089858483,192608db42251d675da83286b1cce702) (ScriptedImporter) -> (artifact id: '55694f6d49ef4622eabfc9fda848f151') in 0.0375116 seconds
Number of updated asset objects reloaded before import = 0Number of asset objects unloaded after import = 1

========================================================================
Received Import Request.
  Time since last request: 0.000412 seconds.
  path: Assets/Materials/office-elevator_door2.mat
  artifactKey: Guid(241ae368f5b6b1e4aadf4db0323174f6) Importer(2089858483,192608db42251d675da83286b1cce702)
Start importing Assets/Materials/office-elevator_door2.mat using Guid(241ae368f5b6b1e4aadf4db0323174f6) Importer(2089858483,192608db42251d675da83286b1cce702) (ScriptedImporter) -> (artifact id: '2e4c8994ad6d9ac6966759c4886caa1d') in 0.075808 seconds
Number of updated asset objects reloaded before import = 0Number of asset objects unloaded after import = 5

========================================================================
Received Import Request.
  Time since last request: 0.000050 seconds.
  path: Assets/office texture/office_frame_material_Normal.png
  artifactKey: Guid(c27342ea214d7a440b85e7f6ad3ffa96) Importer(2089858483,192608db42251d675da83286b1cce702)
Start importing Assets/office texture/office_frame_material_Normal.png using Guid(c27342ea214d7a440b85e7f6ad3ffa96) Importer(2089858483,192608db42251d675da83286b1cce702) (ScriptedImporter) -> (artifact id: '0bbd893585c054eaba1487c2d058cec8') in 0.0833254 seconds
Number of updated asset objects reloaded before import = 0Number of asset objects unloaded after import = 1

========================================================================
Received Import Request.
  Time since last request: 0.000076 seconds.
  path: Assets/office texture/office_key_hole_material_Metallic_Raw_ACEScg.png.tx
  artifactKey: Guid(f508aabb0eb5a70408dd315a654690fa) Importer(2089858483,192608db42251d675da83286b1cce702)
Start importing Assets/office texture/office_key_hole_material_Metallic_Raw_ACEScg.png.tx using Guid(f508aabb0eb5a70408dd315a654690fa) Importer(2089858483,192608db42251d675da83286b1cce702) (ScriptedImporter) -> (artifact id: '76dbcacecdbf2158f29cf317012fc416') in 0.0346566 seconds
Number of updated asset objects reloaded before import = 0Number of asset objects unloaded after import = 1

========================================================================
Received Import Request.
  Time since last request: 0.000035 seconds.
  path: Assets/office texture/trash_bin_G.tga
  artifactKey: Guid(7edb4c258a348ea4bb099692f7b2554c) Importer(2089858483,192608db42251d675da83286b1cce702)
Start importing Assets/office texture/trash_bin_G.tga using Guid(7edb4c258a348ea4bb099692f7b2554c) Importer(2089858483,192608db42251d675da83286b1cce702) (ScriptedImporter) -> (artifact id: '9e089f848697035be6616a3afe1d3cf1') in 0.0619318 seconds
Number of updated asset objects reloaded before import = 0Number of asset objects unloaded after import = 1

========================================================================
Received Import Request.
  Time since last request: 0.000036 seconds.
  path: Assets/elevator texture/elevator_phone_doot_material_Metallic.png
  artifactKey: Guid(4eac528ba6c636643ac3bab9224c34b7) Importer(2089858483,192608db42251d675da83286b1cce702)
Start importing Assets/elevator texture/elevator_phone_doot_material_Metallic.png using Guid(4eac528ba6c636643ac3bab9224c34b7) Importer(2089858483,192608db42251d675da83286b1cce702) (ScriptedImporter) -> (artifact id: 'fe587b1c4b54fc5ff4d92182c8ed4dc7') in 0.061551 seconds
Number of updated asset objects reloaded before import = 0Number of asset objects unloaded after import = 1

========================================================================
Received Import Request.
  Time since last request: 0.000317 seconds.
  path: Assets/office texture/office_door_material_Normal_Raw_ACEScg.png.tx
  artifactKey: Guid(f86b387e1b6c1bc4992194373a8f785a) Importer(2089858483,192608db42251d675da83286b1cce702)
Start importing Assets/office texture/office_door_material_Normal_Raw_ACEScg.png.tx using Guid(f86b387e1b6c1bc4992194373a8f785a) Importer(2089858483,192608db42251d675da83286b1cce702) (ScriptedImporter) -> (artifact id: '154460fe04a99438a8f243c63730a232') in 0.0287869 seconds
Number of updated asset objects reloaded before import = 0Number of asset objects unloaded after import = 1

========================================================================
Received Import Request.
  Time since last request: 0.000046 seconds.
  path: Assets/Elevator hall/Elevator hall_plaque_material_Height.png
  artifactKey: Guid(16a52119c61cdbb44ac06118f784c23f) Importer(2089858483,192608db42251d675da83286b1cce702)
Start importing Assets/Elevator hall/Elevator hall_plaque_material_Height.png using Guid(16a52119c61cdbb44ac06118f784c23f) Importer(2089858483,192608db42251d675da83286b1cce702) (ScriptedImporter) -> (artifact id: '98646bea694f10e865d1cb5742b3be5c') in 0.0859946 seconds
Number of updated asset objects reloaded before import = 0Number of asset objects unloaded after import = 1

========================================================================
Received Import Request.
  Time since last request: 0.000050 seconds.
  path: Assets/elevator texture/elevator_elevator_door_1_metal1_Metallic.png
  artifactKey: Guid(1c39f55784c47b04db61b2fabee93772) Importer(2089858483,192608db42251d675da83286b1cce702)
Start importing Assets/elevator texture/elevator_elevator_door_1_metal1_Metallic.png using Guid(1c39f55784c47b04db61b2fabee93772) Importer(2089858483,192608db42251d675da83286b1cce702) (ScriptedImporter) -> (artifact id: '163f372acd76b6df11357c325a08014e') in 0.0848417 seconds
Number of updated asset objects reloaded before import = 0Number of asset objects unloaded after import = 1

========================================================================
Received Import Request.
  Time since last request: 0.000039 seconds.
  path: Assets/elevator texture/elevator_door_plaque_material_Normal.png
  artifactKey: Guid(876983e41722a20488b7c5c23c742230) Importer(2089858483,192608db42251d675da83286b1cce702)
Start importing Assets/elevator texture/elevator_door_plaque_material_Normal.png using Guid(876983e41722a20488b7c5c23c742230) Importer(2089858483,192608db42251d675da83286b1cce702) (ScriptedImporter) -> (artifact id: 'bf2d7edce6a3da33e843238e54676af6') in 0.0836978 seconds
Number of updated asset objects reloaded before import = 0Number of asset objects unloaded after import = 1

========================================================================
Received Import Request.
  Time since last request: 0.000037 seconds.
  path: Assets/Footsteps - Essentials/Footsteps_Mud/Footsteps_Mud_Walk
  artifactKey: Guid(b9217203089b1024eb52c025ed2b259a) Importer(2089858483,192608db42251d675da83286b1cce702)
Start importing Assets/Footsteps - Essentials/Footsteps_Mud/Footsteps_Mud_Walk using Guid(b9217203089b1024eb52c025ed2b259a) Importer(2089858483,192608db42251d675da83286b1cce702) (ScriptedImporter) -> (artifact id: 'a7764cd257709576501f42e72d1002d6') in 0.0252501 seconds
Number of updated asset objects reloaded before import = 0Number of asset objects unloaded after import = 1

========================================================================
Received Import Request.
  Time since last request: 0.000045 seconds.
  path: Assets/Bored.fbx
  artifactKey: Guid(3657a9b2a3618894ab6d6ebcb74a5614) Importer(2089858483,192608db42251d675da83286b1cce702)
Start importing Assets/Bored.fbx using Guid(3657a9b2a3618894ab6d6ebcb74a5614) Importer(2089858483,192608db42251d675da83286b1cce702) (ScriptedImporter) -> (artifact id: '64745b11e9b2f0aa23c2472bb259520b') in 0.1733337 seconds
Number of updated asset objects reloaded before import = 0Number of asset objects unloaded after import = 142

========================================================================
Received Import Request.
  Time since last request: 0.000109 seconds.
  path: Assets/office texture/office_floor_material_Height.png
  artifactKey: Guid(d020db73f727c1c4fbeec73ad6a24acc) Importer(2089858483,192608db42251d675da83286b1cce702)
Start importing Assets/office texture/office_floor_material_Height.png using Guid(d020db73f727c1c4fbeec73ad6a24acc) Importer(2089858483,192608db42251d675da83286b1cce702) (ScriptedImporter) -> (artifact id: '6ebbf63f48324e20a2aebde09e9e6917') in 0.099289 seconds
Number of updated asset objects reloaded before import = 0Number of asset objects unloaded after import = 1

========================================================================
Received Import Request.
  Time since last request: 0.000315 seconds.
  path: Assets/Materials/office-aiStandardSurface2.mat
  artifactKey: Guid(2e0664cd3b253a0439d128710750a5fb) Importer(2089858483,192608db42251d675da83286b1cce702)
Start importing Assets/Materials/office-aiStandardSurface2.mat using Guid(2e0664cd3b253a0439d128710750a5fb) Importer(2089858483,192608db42251d675da83286b1cce702) (ScriptedImporter) -> (artifact id: 'b562b76e58914b41c0e5d6701b48c1ac') in 0.0495668 seconds
Number of updated asset objects reloaded before import = 0Number of asset objects unloaded after import = 2

========================================================================
Received Import Request.
  Time since last request: 0.000042 seconds.
  path: Assets/Materials/office-mailbox_material.mat
  artifactKey: Guid(37288f0a91edafc4096414d9d7c1c41f) Importer(2089858483,192608db42251d675da83286b1cce702)
Start importing Assets/Materials/office-mailbox_material.mat using Guid(37288f0a91edafc4096414d9d7c1c41f) Importer(2089858483,192608db42251d675da83286b1cce702) (ScriptedImporter) -> (artifact id: '4f87850fa74b20d673f73a65c9ba2bc7') in 0.060621 seconds
Number of updated asset objects reloaded before import = 0Number of asset objects unloaded after import = 5

========================================================================
Received Import Request.
  Time since last request: 0.000106 seconds.
  path: Assets/script/InputSystem_Actions.inputactions
  artifactKey: Guid(289c1b55c9541489481df5cc06664110) Importer(2089858483,192608db42251d675da83286b1cce702)
Start importing Assets/script/InputSystem_Actions.inputactions using Guid(289c1b55c9541489481df5cc06664110) Importer(2089858483,192608db42251d675da83286b1cce702) (ScriptedImporter) -> (artifact id: '49c749508e22fc4af35224fe1355e7c4') in 1.3063314 seconds
Number of updated asset objects reloaded before import = 0Number of asset objects unloaded after import = 23

========================================================================
Received Import Request.
  Time since last request: 0.000173 seconds.
  path: Assets/office texture/office_door_material_Metallic.png
  artifactKey: Guid(1cb3afcb14566544ab82d85d1f86f5b4) Importer(2089858483,192608db42251d675da83286b1cce702)
Start importing Assets/office texture/office_door_material_Metallic.png using Guid(1cb3afcb14566544ab82d85d1f86f5b4) Importer(2089858483,192608db42251d675da83286b1cce702) (ScriptedImporter) -> (artifact id: '7dd1ae9232f1c0526de92189dfbe5feb') in 0.059256 seconds
Number of updated asset objects reloaded before import = 0Number of asset objects unloaded after import = 1

========================================================================
Received Import Request.
  Time since last request: 0.000034 seconds.
  path: Assets/letters.png
  artifactKey: Guid(98885ce08a34db1479296a39aa00111d) Importer(2089858483,192608db42251d675da83286b1cce702)
Start importing Assets/letters.png using Guid(98885ce08a34db1479296a39aa00111d) Importer(2089858483,192608db42251d675da83286b1cce702) (ScriptedImporter) -> (artifact id: 'bd35d9ef37e062131db3768516b4c380') in 0.1108185 seconds
Number of updated asset objects reloaded before import = 0Number of asset objects unloaded after import = 3

========================================================================
Received Import Request.
  Time since last request: 0.000043 seconds.
  path: Assets/Materials/elevator-floor_material1.mat
  artifactKey: Guid(bc2e3008cea63804d846c1ced789081b) Importer(2089858483,192608db42251d675da83286b1cce702)
Start importing Assets/Materials/elevator-floor_material1.mat using Guid(bc2e3008cea63804d846c1ced789081b) Importer(2089858483,192608db42251d675da83286b1cce702) (ScriptedImporter) -> (artifact id: '5a1a344106a43f13809b6a2dbdc1c0a7') in 0.1160548 seconds
Number of updated asset objects reloaded before import = 0Number of asset objects unloaded after import = 5

========================================================================
Received Import Request.
  Time since last request: 0.000046 seconds.
  path: Assets/Materials/elevator-door_plaque_material1.mat
  artifactKey: Guid(d4c5fd58bc8496240ab269e323f352b2) Importer(2089858483,192608db42251d675da83286b1cce702)
Start importing Assets/Materials/elevator-door_plaque_material1.mat using Guid(d4c5fd58bc8496240ab269e323f352b2) Importer(2089858483,192608db42251d675da83286b1cce702) (ScriptedImporter) -> (artifact id: 'd76b010d7151f32602ae0cba3a199c43') in 0.0775542 seconds
Number of updated asset objects reloaded before import = 0Number of asset objects unloaded after import = 5

========================================================================
Received Import Request.
  Time since last request: 0.000066 seconds.
  path: Assets/office texture/office_rug_2_material_BaseColor_sRGB_ACEScg.png.tx
  artifactKey: Guid(055d4091c2249a64f83fad0ff83a5586) Importer(2089858483,192608db42251d675da83286b1cce702)
Start importing Assets/office texture/office_rug_2_material_BaseColor_sRGB_ACEScg.png.tx using Guid(055d4091c2249a64f83fad0ff83a5586) Importer(2089858483,192608db42251d675da83286b1cce702) (ScriptedImporter) -> (artifact id: '37c24296aa9f4dc9473660e2b0bcf96a') in 0.0415278 seconds
Number of updated asset objects reloaded before import = 0Number of asset objects unloaded after import = 1

========================================================================
Received Import Request.
  Time since last request: 0.000073 seconds.
  path: Assets/elevator texture/elevator_floor_button_material_Metallic.png
  artifactKey: Guid(aa7d095e4c1bff145a3189a4e641d3e6) Importer(2089858483,192608db42251d675da83286b1cce702)
Start importing Assets/elevator texture/elevator_floor_button_material_Metallic.png using Guid(aa7d095e4c1bff145a3189a4e641d3e6) Importer(2089858483,192608db42251d675da83286b1cce702) (ScriptedImporter) -> (artifact id: '6661d7493276ca21f52c4e38f8fea13f') in 0.0998031 seconds
Number of updated asset objects reloaded before import = 0Number of asset objects unloaded after import = 1

========================================================================
Received Import Request.
  Time since last request: 0.000102 seconds.
  path: Assets/Ceiling.mat
  artifactKey: Guid(1e155887cbb33e44f92bda519304a152) Importer(2089858483,192608db42251d675da83286b1cce702)
Start importing Assets/Ceiling.mat using Guid(1e155887cbb33e44f92bda519304a152) Importer(2089858483,192608db42251d675da83286b1cce702) (ScriptedImporter) -> (artifact id: 'f50948ba82263329d37f62b084af43b2') in 0.0403436 seconds
Number of updated asset objects reloaded before import = 0Number of asset objects unloaded after import = 1

========================================================================
Received Import Request.
  Time since last request: 0.000097 seconds.
  path: Assets/apartment/apartment_rud_Normal.png
  artifactKey: Guid(d9d28657103c9b441bfe14a7e332a170) Importer(2089858483,192608db42251d675da83286b1cce702)
Start importing Assets/apartment/apartment_rud_Normal.png using Guid(d9d28657103c9b441bfe14a7e332a170) Importer(2089858483,192608db42251d675da83286b1cce702) (ScriptedImporter) -> (artifact id: 'a8f3c4c7fe0c36613ab1ac0862675d31') in 0.0863344 seconds
Number of updated asset objects reloaded before import = 0Number of asset objects unloaded after import = 1

========================================================================
Received Import Request.
  Time since last request: 0.000095 seconds.
  path: Assets/elevator texture/elevator_ceetification_material_Normal.png
  artifactKey: Guid(7424941d588b067408955b8b08bbe88d) Importer(2089858483,192608db42251d675da83286b1cce702)
Start importing Assets/elevator texture/elevator_ceetification_material_Normal.png using Guid(7424941d588b067408955b8b08bbe88d) Importer(2089858483,192608db42251d675da83286b1cce702) (ScriptedImporter) -> (artifact id: '25ae4151c5a30dda9121e01042f7a06d') in 0.0613326 seconds
Number of updated asset objects reloaded before import = 0Number of asset objects unloaded after import = 1

========================================================================
Received Import Request.
  Time since last request: 0.000036 seconds.
  path: Assets/apartment/apartment_couch_Metallic.png
  artifactKey: Guid(18b86eebe3d60e64e8c75d23a9bdfd24) Importer(2089858483,192608db42251d675da83286b1cce702)
Start importing Assets/apartment/apartment_couch_Metallic.png using Guid(18b86eebe3d60e64e8c75d23a9bdfd24) Importer(2089858483,192608db42251d675da83286b1cce702) (ScriptedImporter) -> (artifact id: '6a156ba3b8cc025e98cb179b7a21684b') in 0.0974461 seconds
Number of updated asset objects reloaded before import = 0Number of asset objects unloaded after import = 1

========================================================================
Received Import Request.
  Time since last request: 0.000045 seconds.
  path: Assets/Super Retro Compact Pack/Textures/CompactCar_Texture_Green.png
  artifactKey: Guid(eb68736c12b64d14ab15fa2dd16b5e13) Importer(2089858483,192608db42251d675da83286b1cce702)
Start importing Assets/Super Retro Compact Pack/Textures/CompactCar_Texture_Green.png using Guid(eb68736c12b64d14ab15fa2dd16b5e13) Importer(2089858483,192608db42251d675da83286b1cce702) (ScriptedImporter) -> (artifact id: '825f3e70f6937d053421b399ceb697c6') in 0.091446 seconds
Number of updated asset objects reloaded before import = 0Number of asset objects unloaded after import = 1

========================================================================
Received Import Request.
  Time since last request: 0.000039 seconds.
  path: Assets/office texture/office_window_material_Normal_Raw_ACEScg.png.tx
  artifactKey: Guid(8dfad2c62059d1641b7eedae211ff167) Importer(2089858483,192608db42251d675da83286b1cce702)
Start importing Assets/office texture/office_window_material_Normal_Raw_ACEScg.png.tx using Guid(8dfad2c62059d1641b7eedae211ff167) Importer(2089858483,192608db42251d675da83286b1cce702) (ScriptedImporter) -> (artifact id: '1e3173eb56162d1a66830dc030199c70') in 0.0280561 seconds
Number of updated asset objects reloaded before import = 0Number of asset objects unloaded after import = 1

========================================================================
Received Import Request.
  Time since last request: 0.000160 seconds.
  path: Assets/elevator texture/elevator_aiStandardSurface9_Normal.png
  artifactKey: Guid(55b626e75be1e204db94d0dd095f549e) Importer(2089858483,192608db42251d675da83286b1cce702)
Start importing Assets/elevator texture/elevator_aiStandardSurface9_Normal.png using Guid(55b626e75be1e204db94d0dd095f549e) Importer(2089858483,192608db42251d675da83286b1cce702) (ScriptedImporter) -> (artifact id: '15c50db88ba046bdfd5d7d58d1013d4c') in 0.0699138 seconds
Number of updated asset objects reloaded before import = 0Number of asset objects unloaded after import = 1

========================================================================
Received Import Request.
  Time since last request: 0.000032 seconds.
  path: Assets/Elevator hall/Elevator hall_door_material_Roughness.png
  artifactKey: Guid(466025707bdadcb44b14ea3e177a40c3) Importer(2089858483,192608db42251d675da83286b1cce702)
Start importing Assets/Elevator hall/Elevator hall_door_material_Roughness.png using Guid(466025707bdadcb44b14ea3e177a40c3) Importer(2089858483,192608db42251d675da83286b1cce702) (ScriptedImporter) -> (artifact id: 'e505fedfd94eb42748c507f5efeb165c') in 0.0709201 seconds
Number of updated asset objects reloaded before import = 0Number of asset objects unloaded after import = 1

========================================================================
Received Import Request.
  Time since last request: 0.000124 seconds.
  path: Assets/apartment/cabinet.fbx
  artifactKey: Guid(e94edfa020283164cb8e64bd518918bd) Importer(2089858483,192608db42251d675da83286b1cce702)
Start importing Assets/apartment/cabinet.fbx using Guid(e94edfa020283164cb8e64bd518918bd) Importer(2089858483,192608db42251d675da83286b1cce702) (ScriptedImporter) -> (artifact id: '2d3bac116a95fb32761cd48b25efe742') in 0.1216265 seconds
Number of updated asset objects reloaded before import = 0Number of asset objects unloaded after import = 8

========================================================================
Received Import Request.
  Time since last request: 0.000036 seconds.
  path: Assets/588718__collierhs_colinlib__elevator-ding.wav
  artifactKey: Guid(fb5f4b4db2c8c03418ce1329a6c83919) Importer(2089858483,192608db42251d675da83286b1cce702)
Start importing Assets/588718__collierhs_colinlib__elevator-ding.wav using Guid(fb5f4b4db2c8c03418ce1329a6c83919) Importer(2089858483,192608db42251d675da83286b1cce702) (ScriptedImporter) -> (artifact id: '87f89b6bf0e7e151974a14d0e2a06b7b') in 0.0931984 seconds
Number of updated asset objects reloaded before import = 0Number of asset objects unloaded after import = 1

========================================================================
Received Import Request.
  Time since last request: 0.000051 seconds.
  path: Assets/Materials/babe.mat
  artifactKey: Guid(8dc31e726b43df148b699c830ed682cb) Importer(2089858483,192608db42251d675da83286b1cce702)
Start importing Assets/Materials/babe.mat using Guid(8dc31e726b43df148b699c830ed682cb) Importer(2089858483,192608db42251d675da83286b1cce702) (ScriptedImporter) -> (artifact id: 'a5fba3d1847398455ef0c333232f4091') in 0.057902 seconds
Number of updated asset objects reloaded before import = 0Number of asset objects unloaded after import = 2

========================================================================
Received Import Request.
  Time since last request: 0.000035 seconds.
  path: Assets/office texture/office_door_material_Normal.png
  artifactKey: Guid(c8a40dbee6d64a8408bd8b98c89d860b) Importer(2089858483,192608db42251d675da83286b1cce702)
Start importing Assets/office texture/office_door_material_Normal.png using Guid(c8a40dbee6d64a8408bd8b98c89d860b) Importer(2089858483,192608db42251d675da83286b1cce702) (ScriptedImporter) -> (artifact id: '7ce3a6799161525c69c0078b4b5d4eb7') in 0.0715739 seconds
Number of updated asset objects reloaded before import = 0Number of asset objects unloaded after import = 1

========================================================================
Received Import Request.
  Time since last request: 0.000038 seconds.
  path: Assets/elevator texture/elevator_panel_material_Height.png
  artifactKey: Guid(b5be45164ed14c04d8f2e0b7e627a2b5) Importer(2089858483,192608db42251d675da83286b1cce702)
Start importing Assets/elevator texture/elevator_panel_material_Height.png using Guid(b5be45164ed14c04d8f2e0b7e627a2b5) Importer(2089858483,192608db42251d675da83286b1cce702) (ScriptedImporter) -> (artifact id: 'a3f60ba0a0a2a3a007b6be22b4f88843') in 0.1239143 seconds
Number of updated asset objects reloaded before import = 0Number of asset objects unloaded after import = 1

========================================================================
Received Import Request.
  Time since last request: 0.000118 seconds.
  path: Assets/fire.mat
  artifactKey: Guid(c6fcf9eebcb2c184496435a21ae28dab) Importer(2089858483,192608db42251d675da83286b1cce702)
Start importing Assets/fire.mat using Guid(c6fcf9eebcb2c184496435a21ae28dab) Importer(2089858483,192608db42251d675da83286b1cce702) (ScriptedImporter) -> (artifact id: '454f973c1322b1530741ee53c254cabf') in 0.181926 seconds
Number of updated asset objects reloaded before import = 0Number of asset objects unloaded after import = 2

========================================================================
Received Import Request.
  Time since last request: 0.000096 seconds.
  path: Assets/apartment/apartment_lamp_Normal.png
  artifactKey: Guid(3315fefe4b395c144aa05d1743648379) Importer(2089858483,192608db42251d675da83286b1cce702)
Start importing Assets/apartment/apartment_lamp_Normal.png using Guid(3315fefe4b395c144aa05d1743648379) Importer(2089858483,192608db42251d675da83286b1cce702) (ScriptedImporter) -> (artifact id: '3199be2eb0abf297e936fade93637eb0') in 0.1409681 seconds
Number of updated asset objects reloaded before import = 0Number of asset objects unloaded after import = 1

========================================================================
Received Import Request.
  Time since last request: 0.000205 seconds.
  path: Assets/apartment/Materials/apartment-tv_stand.mat
  artifactKey: Guid(8634f57f12331aa418526c95ff34fbc3) Importer(2089858483,192608db42251d675da83286b1cce702)
Start importing Assets/apartment/Materials/apartment-tv_stand.mat using Guid(8634f57f12331aa418526c95ff34fbc3) Importer(2089858483,192608db42251d675da83286b1cce702) (ScriptedImporter) -> (artifact id: '0887ebeb46a4529253a5a502ad577e9d') in 0.2215735 seconds
Number of updated asset objects reloaded before import = 0Number of asset objects unloaded after import = 5

========================================================================
Received Import Request.
  Time since last request: 0.000054 seconds.
  path: Assets/apartment/Materials/apartment-floor.mat
  artifactKey: Guid(3bdfa5014a12ca742a31da0c366516ac) Importer(2089858483,192608db42251d675da83286b1cce702)
Start importing Assets/apartment/Materials/apartment-floor.mat using Guid(3bdfa5014a12ca742a31da0c366516ac) Importer(2089858483,192608db42251d675da83286b1cce702) (ScriptedImporter) -> (artifact id: '199b9d3fd296a3307b91fc8ff7e50dfd') in 0.1623546 seconds
Number of updated asset objects reloaded before import = 0Number of asset objects unloaded after import = 5

========================================================================
Received Import Request.
  Time since last request: 0.000058 seconds.
  path: Assets/office texture/Materials
  artifactKey: Guid(c6fd57896a2af344b89008c600427055) Importer(2089858483,192608db42251d675da83286b1cce702)
Start importing Assets/office texture/Materials using Guid(c6fd57896a2af344b89008c600427055) Importer(2089858483,192608db42251d675da83286b1cce702) (ScriptedImporter) -> (artifact id: 'd412190fa32164fe56a4d410c5e88c8e') in 0.0404446 seconds
Number of updated asset objects reloaded before import = 0Number of asset objects unloaded after import = 1

========================================================================
Received Import Request.
  Time since last request: 0.000040 seconds.
  path: Assets/Super Retro Compact Pack/Prefabs/CompactCar_Taxi.prefab
  artifactKey: Guid(208148a64b26ead429c28298b662a4f5) Importer(2089858483,192608db42251d675da83286b1cce702)
Start importing Assets/Super Retro Compact Pack/Prefabs/CompactCar_Taxi.prefab using Guid(208148a64b26ead429c28298b662a4f5) Importer(2089858483,192608db42251d675da83286b1cce702) (ScriptedImporter) -> (artifact id: 'bb2c9827ad421a184bbf832995b4cb2a') in 0.1593364 seconds
Number of updated asset objects reloaded before import = 0Number of asset objects unloaded after import = 40

========================================================================
Received Import Request.
  Time since last request: 0.000052 seconds.
  path: Assets/office texture/office_rug_material_Metallic.png
  artifactKey: Guid(6e6ad7428a759c34ca25b08dfad95917) Importer(2089858483,192608db42251d675da83286b1cce702)
Start importing Assets/office texture/office_rug_material_Metallic.png using Guid(6e6ad7428a759c34ca25b08dfad95917) Importer(2089858483,192608db42251d675da83286b1cce702) (ScriptedImporter) -> (artifact id: '1145eae738a4e03dd821a8dc92f15d42') in 0.0793948 seconds
Number of updated asset objects reloaded before import = 0Number of asset objects unloaded after import = 1

========================================================================
Received Import Request.
  Time since last request: 0.000056 seconds.
  path: Assets/Materials/office-table_material1.mat
  artifactKey: Guid(de7d71f86567e90479ebdd7d9fdda9c1) Importer(2089858483,192608db42251d675da83286b1cce702)
Start importing Assets/Materials/office-table_material1.mat using Guid(de7d71f86567e90479ebdd7d9fdda9c1) Importer(2089858483,192608db42251d675da83286b1cce702) (ScriptedImporter) -> (artifact id: '1f9e87143c73741a769abedefc3a5193') in 0.1341894 seconds
Number of updated asset objects reloaded before import = 0Number of asset objects unloaded after import = 5

========================================================================
Received Import Request.
  Time since last request: 0.000048 seconds.
  path: Assets/Super Retro Compact Pack/Prefabs/CompactCar_Neon.prefab
  artifactKey: Guid(e6cc0ed455f69054f953b3f03a04a5e4) Importer(2089858483,192608db42251d675da83286b1cce702)
Start importing Assets/Super Retro Compact Pack/Prefabs/CompactCar_Neon.prefab using Guid(e6cc0ed455f69054f953b3f03a04a5e4) Importer(2089858483,192608db42251d675da83286b1cce702) (ScriptedImporter) -> (artifact id: '65f0214e9fcb6741404bbfd7e7ff176b') in 0.0946199 seconds
Number of updated asset objects reloaded before import = 0Number of asset objects unloaded after import = 34

========================================================================
Received Import Request.
  Time since last request: 0.000065 seconds.
  path: Assets/Elevator hall/Elevator hall_plaque_material_Metallic.png
  artifactKey: Guid(fcd9f994f042868489e203cc691aa9aa) Importer(2089858483,192608db42251d675da83286b1cce702)
Start importing Assets/Elevator hall/Elevator hall_plaque_material_Metallic.png using Guid(fcd9f994f042868489e203cc691aa9aa) Importer(2089858483,192608db42251d675da83286b1cce702) (ScriptedImporter) -> (artifact id: 'ecec3af2c11a71fcdd9a0b6750045235') in 0.0785411 seconds
Number of updated asset objects reloaded before import = 0Number of asset objects unloaded after import = 1

========================================================================
Received Import Request.
  Time since last request: 0.000170 seconds.
  path: Assets/elevator texture/elevator_screw_material_Height.png
  artifactKey: Guid(b4cdec02eeead424ba80a481daa649b2) Importer(2089858483,192608db42251d675da83286b1cce702)
Start importing Assets/elevator texture/elevator_screw_material_Height.png using Guid(b4cdec02eeead424ba80a481daa649b2) Importer(2089858483,192608db42251d675da83286b1cce702) (ScriptedImporter) -> (artifact id: '3e5fe2bffb9b9589f9c0d0dc3c9842c4') in 0.1336178 seconds
Number of updated asset objects reloaded before import = 0Number of asset objects unloaded after import = 1

========================================================================
Received Import Request.
  Time since last request: 0.000068 seconds.
  path: Assets/office texture/office_key_hole_material_Normal.png
  artifactKey: Guid(7f05be027de949c429f43fa1a8cbee25) Importer(2089858483,192608db42251d675da83286b1cce702)
Start importing Assets/office texture/office_key_hole_material_Normal.png using Guid(7f05be027de949c429f43fa1a8cbee25) Importer(2089858483,192608db42251d675da83286b1cce702) (ScriptedImporter) -> (artifact id: '10dd3586c47ee4b48db026e098dc9a13') in 0.1014898 seconds
Number of updated asset objects reloaded before import = 0Number of asset objects unloaded after import = 1

========================================================================
Received Import Request.
  Time since last request: 0.000060 seconds.
  path: Assets/Super Retro Compact Pack/Materials/FunCar_Police_01.mat
  artifactKey: Guid(e7a4665bf3429d84d8077a2d759ec241) Importer(2089858483,192608db42251d675da83286b1cce702)
Start importing Assets/Super Retro Compact Pack/Materials/FunCar_Police_01.mat using Guid(e7a4665bf3429d84d8077a2d759ec241) Importer(2089858483,192608db42251d675da83286b1cce702) (ScriptedImporter) -> (artifact id: '385a37b6365a550327ad7b2fb79078c0') in 0.1681795 seconds
Number of updated asset objects reloaded before import = 0Number of asset objects unloaded after import = 2

========================================================================
Received Import Request.
  Time since last request: 0.000063 seconds.
  path: Assets/Materials/mettalica.mat
  artifactKey: Guid(6567b48abb399c84892f3d32f59fa43a) Importer(2089858483,192608db42251d675da83286b1cce702)
Start importing Assets/Materials/mettalica.mat using Guid(6567b48abb399c84892f3d32f59fa43a) Importer(2089858483,192608db42251d675da83286b1cce702) (ScriptedImporter) -> (artifact id: 'eb5b5271de022b764294cc454f2a7167') in 0.1362733 seconds
Number of updated asset objects reloaded before import = 0Number of asset objects unloaded after import = 2

========================================================================
Received Import Request.
  Time since last request: 0.000064 seconds.
  path: Assets/PSX City/PSX City/Textures/Building3.png
  artifactKey: Guid(e5f1658e169692c46a8db4b8f918a33d) Importer(2089858483,192608db42251d675da83286b1cce702)
Start importing Assets/PSX City/PSX City/Textures/Building3.png using Guid(e5f1658e169692c46a8db4b8f918a33d) Importer(2089858483,192608db42251d675da83286b1cce702) (ScriptedImporter) -> (artifact id: 'd297c18f5e4d997a6c5991471e27502a') in 0.1243226 seconds
Number of updated asset objects reloaded before import = 0Number of asset objects unloaded after import = 1

========================================================================
Received Import Request.
  Time since last request: 0.000048 seconds.
  path: Assets/apartment/apartment_couch_BaseColor.png
  artifactKey: Guid(6f57d765377a9f94a9fe424175909724) Importer(2089858483,192608db42251d675da83286b1cce702)
Start importing Assets/apartment/apartment_couch_BaseColor.png using Guid(6f57d765377a9f94a9fe424175909724) Importer(2089858483,192608db42251d675da83286b1cce702) (ScriptedImporter) -> (artifact id: '609d40b7d8c0e9f3286fe723ecaeb1f6') in 0.2480689 seconds
Number of updated asset objects reloaded before import = 0Number of asset objects unloaded after import = 1

========================================================================
Received Import Request.
  Time since last request: 0.000054 seconds.
  path: Assets/apartment/apartment_chair_Height.png
  artifactKey: Guid(27be503287cb642438d482a9130199cc) Importer(2089858483,192608db42251d675da83286b1cce702)
Start importing Assets/apartment/apartment_chair_Height.png using Guid(27be503287cb642438d482a9130199cc) Importer(2089858483,192608db42251d675da83286b1cce702) (ScriptedImporter) -> (artifact id: 'a21e4cbc974ab3d01231cd1edf3284c3') in 0.1092327 seconds
Number of updated asset objects reloaded before import = 0Number of asset objects unloaded after import = 1

========================================================================
Received Import Request.
  Time since last request: 0.000041 seconds.
  path: Assets/Dance2.controller
  artifactKey: Guid(f699611c1555f7b46a5538d0216c6515) Importer(2089858483,192608db42251d675da83286b1cce702)
Start importing Assets/Dance2.controller using Guid(f699611c1555f7b46a5538d0216c6515) Importer(2089858483,192608db42251d675da83286b1cce702) (ScriptedImporter) -> (artifact id: 'd9ca2aa707dd0473e39f25cca157abdc') in 0.0757511 seconds
Number of updated asset objects reloaded before import = 0Number of asset objects unloaded after import = 4

========================================================================
Received Import Request.
  Time since last request: 0.000472 seconds.
  path: Assets/PSX City/PSX City/Models/Road.mat
  artifactKey: Guid(635b5feb94854c44fa1ca8b9a8f89641) Importer(2089858483,192608db42251d675da83286b1cce702)
Start importing Assets/PSX City/PSX City/Models/Road.mat using Guid(635b5feb94854c44fa1ca8b9a8f89641) Importer(2089858483,192608db42251d675da83286b1cce702) (ScriptedImporter) -> (artifact id: '71849cee9946d3032ffc71d759249119') in 0.117044 seconds
Number of updated asset objects reloaded before import = 0Number of asset objects unloaded after import = 2

========================================================================
Received Import Request.
  Time since last request: 0.000045 seconds.
  path: Assets/apartment/Materials/apartment-sink.mat
  artifactKey: Guid(a462167a39bc77b46a3d54f3e8886774) Importer(2089858483,192608db42251d675da83286b1cce702)
Start importing Assets/apartment/Materials/apartment-sink.mat using Guid(a462167a39bc77b46a3d54f3e8886774) Importer(2089858483,192608db42251d675da83286b1cce702) (ScriptedImporter) -> (artifact id: 'a05b873f324f3c15acd7ddd2ce4c7f82') in 0.1202244 seconds
Number of updated asset objects reloaded before import = 0Number of asset objects unloaded after import = 5

========================================================================
Received Import Request.
  Time since last request: 0.000045 seconds.
  path: Assets/Footsteps - Essentials/Footsteps_Mud/Footsteps_Mud_Walk/Footsteps_Mud_Walk_01.wav
  artifactKey: Guid(e3edc2a270af5c04886ab9c5fa4fced6) Importer(2089858483,192608db42251d675da83286b1cce702)
Start importing Assets/Footsteps - Essentials/Footsteps_Mud/Footsteps_Mud_Walk/Footsteps_Mud_Walk_01.wav using Guid(e3edc2a270af5c04886ab9c5fa4fced6) Importer(2089858483,192608db42251d675da83286b1cce702) (ScriptedImporter) -> (artifact id: '2fde11c3bd042f32929072e587625d71') in 0.156972 seconds
Number of updated asset objects reloaded before import = 0Number of asset objects unloaded after import = 1

========================================================================
Received Import Request.
  Time since last request: 0.000050 seconds.
  path: Assets/med_bottle_labelFAKE.jpg
  artifactKey: Guid(8f8387ea7ddfc954da5416dab4beb703) Importer(2089858483,192608db42251d675da83286b1cce702)
Start importing Assets/med_bottle_labelFAKE.jpg using Guid(8f8387ea7ddfc954da5416dab4beb703) Importer(2089858483,192608db42251d675da83286b1cce702) (ScriptedImporter) -> (artifact id: 'ff80be0a48aeb5efa1bae8f6d664462d') in 0.1027279 seconds
Number of updated asset objects reloaded before import = 0Number of asset objects unloaded after import = 1

========================================================================
Received Import Request.
  Time since last request: 0.000048 seconds.
  path: Assets/PSX City/PSX City
  artifactKey: Guid(55c94ac2c9564e44ab6398ebe58bae57) Importer(2089858483,192608db42251d675da83286b1cce702)
Start importing Assets/PSX City/PSX City using Guid(55c94ac2c9564e44ab6398ebe58bae57) Importer(2089858483,192608db42251d675da83286b1cce702) (ScriptedImporter) -> (artifact id: '4a9128c7363ac68222fbcedf65cf5ccd') in 0.0422565 seconds
Number of updated asset objects reloaded before import = 0Number of asset objects unloaded after import = 1

========================================================================
Received Import Request.
  Time since last request: 0.000112 seconds.
  path: Assets/apartment/Materials/apartment-stove.mat
  artifactKey: Guid(e1f197a7bfaff1942b0f3d7df3f907ca) Importer(2089858483,192608db42251d675da83286b1cce702)
Start importing Assets/apartment/Materials/apartment-stove.mat using Guid(e1f197a7bfaff1942b0f3d7df3f907ca) Importer(2089858483,192608db42251d675da83286b1cce702) (ScriptedImporter) -> (artifact id: '6fdaf70002ddc342f5f47a61beb8fd46') in 0.1417711 seconds
Number of updated asset objects reloaded before import = 0Number of asset objects unloaded after import = 5

========================================================================
Received Import Request.
  Time since last request: 0.000046 seconds.
  path: Assets/Super Retro Compact Pack/Prefabs/CompactCar_Gray.prefab
  artifactKey: Guid(e4657405198e09b4382949bd2493bd2b) Importer(2089858483,192608db42251d675da83286b1cce702)
Start importing Assets/Super Retro Compact Pack/Prefabs/CompactCar_Gray.prefab using Guid(e4657405198e09b4382949bd2493bd2b) Importer(2089858483,192608db42251d675da83286b1cce702) (ScriptedImporter) -> (artifact id: 'd1b23c6797bfa312e50f7c7f7ac558d1') in 0.0711702 seconds
Number of updated asset objects reloaded before import = 0Number of asset objects unloaded after import = 34

========================================================================
Received Import Request.
  Time since last request: 0.000049 seconds.
  path: Assets/apartment/apartment_couch_Roughness.png
  artifactKey: Guid(a5e8731b683fcab45b57d97d1109949e) Importer(2089858483,192608db42251d675da83286b1cce702)
Start importing Assets/apartment/apartment_couch_Roughness.png using Guid(a5e8731b683fcab45b57d97d1109949e) Importer(2089858483,192608db42251d675da83286b1cce702) (ScriptedImporter) -> (artifact id: '2dbb04ec2507abaaaf524ca889b613aa') in 0.0795168 seconds
Number of updated asset objects reloaded before import = 0Number of asset objects unloaded after import = 1

========================================================================
Received Import Request.
  Time since last request: 0.000054 seconds.
  path: Assets/apartment/Materials/apartment-chair.mat
  artifactKey: Guid(d927445c9769906428629b47771d044e) Importer(2089858483,192608db42251d675da83286b1cce702)
Start importing Assets/apartment/Materials/apartment-chair.mat using Guid(d927445c9769906428629b47771d044e) Importer(2089858483,192608db42251d675da83286b1cce702) (ScriptedImporter) -> (artifact id: '94982a4d7ee9e952e72fe89e094598aa') in 0.1379459 seconds
Number of updated asset objects reloaded before import = 0Number of asset objects unloaded after import = 4

========================================================================
Received Import Request.
  Time since last request: 0.000047 seconds.
  path: Assets/office texture/office_rug_material_Roughness.png
  artifactKey: Guid(7995118e66e171944bf2bb5dd1616db1) Importer(2089858483,192608db42251d675da83286b1cce702)
Start importing Assets/office texture/office_rug_material_Roughness.png using Guid(7995118e66e171944bf2bb5dd1616db1) Importer(2089858483,192608db42251d675da83286b1cce702) (ScriptedImporter) -> (artifact id: '5afcbcca16bf498bc8e932f23bc93a77') in 0.0737419 seconds
Number of updated asset objects reloaded before import = 0Number of asset objects unloaded after import = 1

========================================================================
Received Import Request.
  Time since last request: 0.000067 seconds.
  path: Assets/PSX City/PSX City/Textures/Brick2.png
  artifactKey: Guid(528b48b963a87ec419b21311627fc33d) Importer(2089858483,192608db42251d675da83286b1cce702)
Start importing Assets/PSX City/PSX City/Textures/Brick2.png using Guid(528b48b963a87ec419b21311627fc33d) Importer(2089858483,192608db42251d675da83286b1cce702) (ScriptedImporter) -> (artifact id: 'e2081450d74ca52d205d676cb33722fd') in 0.1008233 seconds
Number of updated asset objects reloaded before import = 0Number of asset objects unloaded after import = 1

========================================================================
Received Import Request.
  Time since last request: 0.000045 seconds.
  path: Assets/apartment/Materials/cabinet-apartment_aiStandardSurface42.mat
  artifactKey: Guid(430351d25cfb7ff4c8738f638b673261) Importer(2089858483,192608db42251d675da83286b1cce702)
Start importing Assets/apartment/Materials/cabinet-apartment_aiStandardSurface42.mat using Guid(430351d25cfb7ff4c8738f638b673261) Importer(2089858483,192608db42251d675da83286b1cce702) (ScriptedImporter) -> (artifact id: 'e193936d6dc525e293f7def45bae7147') in 0.0801107 seconds
Number of updated asset objects reloaded before import = 0Number of asset objects unloaded after import = 1

========================================================================
Received Import Request.
  Time since last request: 0.000112 seconds.
  path: Assets/Super Retro Compact Pack/Highway Set
  artifactKey: Guid(dccf80aa3b3601241a16cc1e73ea5dee) Importer(2089858483,192608db42251d675da83286b1cce702)
Start importing Assets/Super Retro Compact Pack/Highway Set using Guid(dccf80aa3b3601241a16cc1e73ea5dee) Importer(2089858483,192608db42251d675da83286b1cce702) (ScriptedImporter) -> (artifact id: '10c9e8b9390a759ad832a2a578e77869') in 0.0341465 seconds
Number of updated asset objects reloaded before import = 0Number of asset objects unloaded after import = 1

========================================================================
Received Import Request.
  Time since last request: 0.000280 seconds.
  path: Assets/Mailboxdoor .wav
  artifactKey: Guid(0868624d49998e9498e0065f2067d8c0) Importer(2089858483,192608db42251d675da83286b1cce702)
Start importing Assets/Mailboxdoor .wav using Guid(0868624d49998e9498e0065f2067d8c0) Importer(2089858483,192608db42251d675da83286b1cce702) (ScriptedImporter) -> (artifact id: '1a795c9ce51141525e7f54208cc859dc') in 0.1744679 seconds
Number of updated asset objects reloaded before import = 0Number of asset objects unloaded after import = 1

========================================================================
Received Import Request.
  Time since last request: 0.000331 seconds.
  path: Assets/Ui/Ui/Untitled_Artwork-6.png
  artifactKey: Guid(edbcbac08d770714e83503ec3cc70825) Importer(2089858483,192608db42251d675da83286b1cce702)
Start importing Assets/Ui/Ui/Untitled_Artwork-6.png using Guid(edbcbac08d770714e83503ec3cc70825) Importer(2089858483,192608db42251d675da83286b1cce702) (ScriptedImporter) -> (artifact id: '9857520ba85be935dc5a84f34d19178c') in 0.1072588 seconds
Number of updated asset objects reloaded before import = 0Number of asset objects unloaded after import = 3

========================================================================
Received Import Request.
  Time since last request: 0.000090 seconds.
  path: Assets/apartment/apartment_window bar_Roughness.png
  artifactKey: Guid(6acb97fbd23233141a08d824e4cb10ab) Importer(2089858483,192608db42251d675da83286b1cce702)
Start importing Assets/apartment/apartment_window bar_Roughness.png using Guid(6acb97fbd23233141a08d824e4cb10ab) Importer(2089858483,192608db42251d675da83286b1cce702) (ScriptedImporter) -> (artifact id: '1de69778fb1c56d659dfd19403858997') in 0.0816521 seconds
Number of updated asset objects reloaded before import = 0Number of asset objects unloaded after import = 1

========================================================================
Received Import Request.
  Time since last request: 0.000085 seconds.
  path: Assets/Super Retro Compact Pack/Models/FunCar_Police_01.fbx
  artifactKey: Guid(b9de06a963e1db4458d800ac7e8ac51d) Importer(2089858483,192608db42251d675da83286b1cce702)
Start importing Assets/Super Retro Compact Pack/Models/FunCar_Police_01.fbx using Guid(b9de06a963e1db4458d800ac7e8ac51d) Importer(2089858483,192608db42251d675da83286b1cce702) (ScriptedImporter) -> (artifact id: '8cac8fedd66d6c267f0634d6acf1e824') in 0.1136967 seconds
Number of updated asset objects reloaded before import = 0Number of asset objects unloaded after import = 35

========================================================================
Received Import Request.
  Time since last request: 0.000050 seconds.
  path: Assets/Zombie/Animation/zombie@idle1.fbx
  artifactKey: Guid(405cc66023949b342b7d10a3232b2fb7) Importer(2089858483,192608db42251d675da83286b1cce702)
Start importing Assets/Zombie/Animation/zombie@idle1.fbx using Guid(405cc66023949b342b7d10a3232b2fb7) Importer(2089858483,192608db42251d675da83286b1cce702) (ScriptedImporter) -> (artifact id: '5ff2d3595c57645bb08a47a981567cd5') in 0.1380511 seconds
Number of updated asset objects reloaded before import = 0Number of asset objects unloaded after import = 355

========================================================================
Received Import Request.
  Time since last request: 0.000051 seconds.
  path: Assets/trailer.unity
  artifactKey: Guid(10918f531b2cc05498ec442e6103764a) Importer(2089858483,192608db42251d675da83286b1cce702)
Start importing Assets/trailer.unity using Guid(10918f531b2cc05498ec442e6103764a) Importer(2089858483,192608db42251d675da83286b1cce702) (ScriptedImporter) -> (artifact id: 'b71d2c284748600782e151161c3826a0') in 0.1521484 seconds
Number of updated asset objects reloaded before import = 0Number of asset objects unloaded after import = 1

========================================================================
Received Import Request.
  Time since last request: 0.000058 seconds.
  path: Assets/psx-bong/source/Bong/Black.jpg
  artifactKey: Guid(6d808f0162f98a5479846a8bf214669a) Importer(2089858483,192608db42251d675da83286b1cce702)
Start importing Assets/psx-bong/source/Bong/Black.jpg using Guid(6d808f0162f98a5479846a8bf214669a) Importer(2089858483,192608db42251d675da83286b1cce702) (ScriptedImporter) -> (artifact id: 'dc66aa4f4452a2f8fd6cd6b66b4d9f87') in 0.1006608 seconds
Number of updated asset objects reloaded before import = 0Number of asset objects unloaded after import = 1

========================================================================
Received Import Request.
  Time since last request: 0.000122 seconds.
  path: Assets/Super Retro Compact Pack/Highway Set/Textures/Roads_Shoulder_01.png
  artifactKey: Guid(f3e91eafc1bf32343b7c24b9aa39e2a0) Importer(2089858483,192608db42251d675da83286b1cce702)
Start importing Assets/Super Retro Compact Pack/Highway Set/Textures/Roads_Shoulder_01.png using Guid(f3e91eafc1bf32343b7c24b9aa39e2a0) Importer(2089858483,192608db42251d675da83286b1cce702) (ScriptedImporter) -> (artifact id: '1caed303cc48bb7cea1373cafda7ef17') in 0.0693204 seconds
Number of updated asset objects reloaded before import = 0Number of asset objects unloaded after import = 1

========================================================================
Received Import Request.
  Time since last request: 0.000135 seconds.
  path: Assets/instrument-guitar-ultra-low-poly/source
  artifactKey: Guid(de6f66ee40fab0540938343c1e93fcbb) Importer(2089858483,192608db42251d675da83286b1cce702)
Start importing Assets/instrument-guitar-ultra-low-poly/source using Guid(de6f66ee40fab0540938343c1e93fcbb) Importer(2089858483,192608db42251d675da83286b1cce702) (ScriptedImporter) -> (artifact id: '09c4277a3af968e7db01640ab62a0228') in 0.0285979 seconds
Number of updated asset objects reloaded before import = 0Number of asset objects unloaded after import = 1

========================================================================
Received Import Request.
  Time since last request: 0.000041 seconds.
  path: Assets/apartment/apartment_plant_Roughness.png
  artifactKey: Guid(0f818cee351baf940adcaf2e67de3075) Importer(2089858483,192608db42251d675da83286b1cce702)
Start importing Assets/apartment/apartment_plant_Roughness.png using Guid(0f818cee351baf940adcaf2e67de3075) Importer(2089858483,192608db42251d675da83286b1cce702) (ScriptedImporter) -> (artifact id: '058b0d2100dedfb16422dfb412aa3746') in 0.0708996 seconds
Number of updated asset objects reloaded before import = 0Number of asset objects unloaded after import = 1

========================================================================
Received Import Request.
  Time since last request: 0.000054 seconds.
  path: Assets/apartment/Materials/apartment-window_frame.mat
  artifactKey: Guid(d6fc94ff19d49f741960804d44512534) Importer(2089858483,192608db42251d675da83286b1cce702)
Start importing Assets/apartment/Materials/apartment-window_frame.mat using Guid(d6fc94ff19d49f741960804d44512534) Importer(2089858483,192608db42251d675da83286b1cce702) (ScriptedImporter) -> (artifact id: '8d8bab3b05f6ff36d4e8dff05cf6568d') in 0.1355246 seconds
Number of updated asset objects reloaded before import = 0Number of asset objects unloaded after import = 5

========================================================================
Received Import Request.
  Time since last request: 0.000038 seconds.
  path: Assets/Zombie
  artifactKey: Guid(ce157bc0490b605439cc8489b3068cf5) Importer(2089858483,192608db42251d675da83286b1cce702)
Start importing Assets/Zombie using Guid(ce157bc0490b605439cc8489b3068cf5) Importer(2089858483,192608db42251d675da83286b1cce702) (ScriptedImporter) -> (artifact id: '305067d1c1d84445c0266fa46c5f9fea') in 0.0276225 seconds
Number of updated asset objects reloaded before import = 0Number of asset objects unloaded after import = 1

========================================================================
Received Import Request.
  Time since last request: 0.000039 seconds.
  path: Assets/Car Horn Sound Effect  Car Horn Traffic Sound Effect.mp3
  artifactKey: Guid(222ddcb42ae5c6347afdc066ab6ed873) Importer(2089858483,192608db42251d675da83286b1cce702)
Start importing Assets/Car Horn Sound Effect  Car Horn Traffic Sound Effect.mp3 using Guid(222ddcb42ae5c6347afdc066ab6ed873) Importer(2089858483,192608db42251d675da83286b1cce702) (ScriptedImporter) -> (artifact id: '51eea0c0cbf9effafea56a69ec0dc1cb') in 0.1484875 seconds
Number of updated asset objects reloaded before import = 0Number of asset objects unloaded after import = 1

========================================================================
Received Import Request.
  Time since last request: 0.000131 seconds.
  path: Assets/Super Retro Compact Pack/Materials/FunCar_Muscle_Orange.mat
  artifactKey: Guid(8060b264389d648469624e8f56121c36) Importer(2089858483,192608db42251d675da83286b1cce702)
Start importing Assets/Super Retro Compact Pack/Materials/FunCar_Muscle_Orange.mat using Guid(8060b264389d648469624e8f56121c36) Importer(2089858483,192608db42251d675da83286b1cce702) (ScriptedImporter) -> (artifact id: '83280445c683d6a288a09c6b03c1d0d3') in 0.0750435 seconds
Number of updated asset objects reloaded before import = 0Number of asset objects unloaded after import = 2

========================================================================
Received Import Request.
  Time since last request: 0.000071 seconds.
  path: Assets/A Fluorescent Bulb II sound effects library.wav
  artifactKey: Guid(4c73f968941e4334982b62c3b2b340ee) Importer(2089858483,192608db42251d675da83286b1cce702)
Start importing Assets/A Fluorescent Bulb II sound effects library.wav using Guid(4c73f968941e4334982b62c3b2b340ee) Importer(2089858483,192608db42251d675da83286b1cce702) (ScriptedImporter) -> (artifact id: 'a9cfc2fec44b3a968c9e5c21c2ac07ea') in 0.1807523 seconds
Number of updated asset objects reloaded before import = 0Number of asset objects unloaded after import = 1

========================================================================
Received Import Request.
  Time since last request: 0.000048 seconds.
  path: Assets/trash-can-02/textures/DefaultMaterial_Metallic.png
  artifactKey: Guid(ec8d4dea32acda94d987f9136c4f294e) Importer(2089858483,192608db42251d675da83286b1cce702)
Start importing Assets/trash-can-02/textures/DefaultMaterial_Metallic.png using Guid(ec8d4dea32acda94d987f9136c4f294e) Importer(2089858483,192608db42251d675da83286b1cce702) (ScriptedImporter) -> (artifact id: '67013d73131521e8a4ad6a1825b3f310') in 0.0822299 seconds
Number of updated asset objects reloaded before import = 0Number of asset objects unloaded after import = 1

========================================================================
Received Import Request.
  Time since last request: 0.001965 seconds.
  path: Assets/Super Retro Compact Pack/Highway Set/Models/Pylon_02.fbx
  artifactKey: Guid(257be02c0ea8f7446ac34e289136c48b) Importer(2089858483,192608db42251d675da83286b1cce702)
Start importing Assets/Super Retro Compact Pack/Highway Set/Models/Pylon_02.fbx using Guid(257be02c0ea8f7446ac34e289136c48b) Importer(2089858483,192608db42251d675da83286b1cce702) (ScriptedImporter) -> (artifact id: '1ced00d923316b74a3262870cb54f3f1') in 0.1399051 seconds
Number of updated asset objects reloaded before import = 0Number of asset objects unloaded after import = 8

========================================================================
Received Import Request.
  Time since last request: 0.000044 seconds.
  path: Assets/missing poster.png
  artifactKey: Guid(d58e25720fc118e4d9a33d2dcf4b81d2) Importer(2089858483,192608db42251d675da83286b1cce702)
Start importing Assets/missing poster.png using Guid(d58e25720fc118e4d9a33d2dcf4b81d2) Importer(2089858483,192608db42251d675da83286b1cce702) (ScriptedImporter) -> (artifact id: '84cef2a2d4d6aeb27ed6f74ab92c101d') in 0.1240794 seconds
Number of updated asset objects reloaded before import = 0Number of asset objects unloaded after import = 1

========================================================================
Received Import Request.
  Time since last request: 0.000099 seconds.
  path: Assets/instrument-guitar-ultra-low-poly/textures
  artifactKey: Guid(932bc4af9096c1f4fb5a67abb03b6f01) Importer(2089858483,192608db42251d675da83286b1cce702)
Start importing Assets/instrument-guitar-ultra-low-poly/textures using Guid(932bc4af9096c1f4fb5a67abb03b6f01) Importer(2089858483,192608db42251d675da83286b1cce702) (ScriptedImporter) -> (artifact id: '4c5087c19efb2889f2d4fccf660a029f') in 0.0327663 seconds
Number of updated asset objects reloaded before import = 0Number of asset objects unloaded after import = 1

========================================================================
Received Import Request.
  Time since last request: 0.000106 seconds.
  path: Assets/PSX City/PSX City/Textures/Brick1.png
  artifactKey: Guid(f0ab8c88c807a634dbf53c623e7e9ac1) Importer(2089858483,192608db42251d675da83286b1cce702)
Start importing Assets/PSX City/PSX City/Textures/Brick1.png using Guid(f0ab8c88c807a634dbf53c623e7e9ac1) Importer(2089858483,192608db42251d675da83286b1cce702) (ScriptedImporter) -> (artifact id: '65b9b48c51b7fbade971e8815c2bf2f9') in 0.0907437 seconds
Number of updated asset objects reloaded before import = 0Number of asset objects unloaded after import = 1

========================================================================
Received Import Request.
  Time since last request: 0.000106 seconds.
  path: Assets/Super Retro Compact Pack/Models/FunCar_01.fbx
  artifactKey: Guid(b0c1ec48fc5036b40ad7bf2ef9ca4444) Importer(2089858483,192608db42251d675da83286b1cce702)
Start importing Assets/Super Retro Compact Pack/Models/FunCar_01.fbx using Guid(b0c1ec48fc5036b40ad7bf2ef9ca4444) Importer(2089858483,192608db42251d675da83286b1cce702) (ScriptedImporter) -> (artifact id: '00787d1b50bfa98dc040e77907a5fd5f') in 0.1088893 seconds
Number of updated asset objects reloaded before import = 0Number of asset objects unloaded after import = 30

========================================================================
Received Import Request.
  Time since last request: 0.000036 seconds.
  path: Assets/Scenes 1/1TheCity.unity
  artifactKey: Guid(0d24b3222b5f4b94f8b798f9c98bbf21) Importer(2089858483,192608db42251d675da83286b1cce702)
Start importing Assets/Scenes 1/1TheCity.unity using Guid(0d24b3222b5f4b94f8b798f9c98bbf21) Importer(2089858483,192608db42251d675da83286b1cce702) (ScriptedImporter) -> (artifact id: '04d142bc81ae0df7eb8abd1fef6842fd') in 0.1229769 seconds
Number of updated asset objects reloaded before import = 0Number of asset objects unloaded after import = 1

========================================================================
Received Import Request.
  Time since last request: 0.000266 seconds.
  path: Assets/Super Retro Compact Pack/Materials/FunCar_Pink.mat
  artifactKey: Guid(c551b597fd37c2a4191b149b969d0d7f) Importer(2089858483,192608db42251d675da83286b1cce702)
Start importing Assets/Super Retro Compact Pack/Materials/FunCar_Pink.mat using Guid(c551b597fd37c2a4191b149b969d0d7f) Importer(2089858483,192608db42251d675da83286b1cce702) (ScriptedImporter) -> (artifact id: '57dc46650755211aee64388d7965779b') in 0.0675616 seconds
Number of updated asset objects reloaded before import = 0Number of asset objects unloaded after import = 2

========================================================================
Received Import Request.
  Time since last request: 0.000034 seconds.
  path: Assets/Super Retro Compact Pack/Prefabs/CompactCar_Brown.prefab
  artifactKey: Guid(efb064d9645e5c54e88af270294bef76) Importer(2089858483,192608db42251d675da83286b1cce702)
Start importing Assets/Super Retro Compact Pack/Prefabs/CompactCar_Brown.prefab using Guid(efb064d9645e5c54e88af270294bef76) Importer(2089858483,192608db42251d675da83286b1cce702) (ScriptedImporter) -> (artifact id: '0935bc80034e2e30a1757f89b9a13499') in 0.1230668 seconds
Number of updated asset objects reloaded before import = 0Number of asset objects unloaded after import = 34

========================================================================
Received Import Request.
  Time since last request: 0.000081 seconds.
  path: Assets/Scenes 1/5TheApartment.unity
  artifactKey: Guid(1844602d87072cd45b94c1dd2ce9d594) Importer(2089858483,192608db42251d675da83286b1cce702)
Start importing Assets/Scenes 1/5TheApartment.unity using Guid(1844602d87072cd45b94c1dd2ce9d594) Importer(2089858483,192608db42251d675da83286b1cce702) (ScriptedImporter) -> (artifact id: '7397c8569724987b83165e418871b2f0') in 0.1581579 seconds
Number of updated asset objects reloaded before import = 0Number of asset objects unloaded after import = 1

========================================================================
Received Import Request.
  Time since last request: 0.000313 seconds.
  path: Assets/apartment/apartment_tv table_Roughness.png
  artifactKey: Guid(b349b02313c67484d95a5fed9cabc9bb) Importer(2089858483,192608db42251d675da83286b1cce702)
Start importing Assets/apartment/apartment_tv table_Roughness.png using Guid(b349b02313c67484d95a5fed9cabc9bb) Importer(2089858483,192608db42251d675da83286b1cce702) (ScriptedImporter) -> (artifact id: '469f228bbdf18e0b48d0aaa7dbd08757') in 0.1154169 seconds
Number of updated asset objects reloaded before import = 0Number of asset objects unloaded after import = 1

========================================================================
Received Import Request.
  Time since last request: 0.000145 seconds.
  path: Assets/Materials/elevator-elevator_door_2_material1.mat
  artifactKey: Guid(a1a00aaeecdedd54383f6d13f156396d) Importer(2089858483,192608db42251d675da83286b1cce702)
Start importing Assets/Materials/elevator-elevator_door_2_material1.mat using Guid(a1a00aaeecdedd54383f6d13f156396d) Importer(2089858483,192608db42251d675da83286b1cce702) (ScriptedImporter) -> (artifact id: 'c6b6daf7ac5f310d5902f689e2a9672a') in 0.1282734 seconds
Number of updated asset objects reloaded before import = 0Number of asset objects unloaded after import = 5

========================================================================
Received Import Request.
  Time since last request: 0.000044 seconds.
  path: Assets/Super Retro Compact Pack/Highway Set/Prefabs/Pylon.prefab
  artifactKey: Guid(eb508f8be1796b54693aa244a22e9bf0) Importer(2089858483,192608db42251d675da83286b1cce702)
Start importing Assets/Super Retro Compact Pack/Highway Set/Prefabs/Pylon.prefab using Guid(eb508f8be1796b54693aa244a22e9bf0) Importer(2089858483,192608db42251d675da83286b1cce702) (ScriptedImporter) -> (artifact id: '3fe112f3b862bce72c224e7a749cb5fd') in 0.1583351 seconds
Number of updated asset objects reloaded before import = 0Number of asset objects unloaded after import = 9

========================================================================
Received Import Request.
  Time since last request: 0.000038 seconds.
  path: Assets/Zombie/Animation
  artifactKey: Guid(afda4325145571e43a21b13e1ea7ea70) Importer(2089858483,192608db42251d675da83286b1cce702)
Start importing Assets/Zombie/Animation using Guid(afda4325145571e43a21b13e1ea7ea70) Importer(2089858483,192608db42251d675da83286b1cce702) (ScriptedImporter) -> (artifact id: 'ebec115d8e162bfac90491822daa8511') in 0.0286076 seconds
Number of updated asset objects reloaded before import = 0Number of asset objects unloaded after import = 1

========================================================================
Received Import Request.
  Time since last request: 0.000049 seconds.
  path: Assets/Damce1.controller
  artifactKey: Guid(d9e9332f7ef88714799ddbba5edf739d) Importer(2089858483,192608db42251d675da83286b1cce702)
Start importing Assets/Damce1.controller using Guid(d9e9332f7ef88714799ddbba5edf739d) Importer(2089858483,192608db42251d675da83286b1cce702) (ScriptedImporter) -> (artifact id: 'e400e9c95bdf836c668ed917683ab55a') in 0.0683274 seconds
Number of updated asset objects reloaded before import = 0Number of asset objects unloaded after import = 4

========================================================================
Received Import Request.
  Time since last request: 0.000077 seconds.
  path: Assets/Super Retro Compact Pack/Materials/FunCar_Red.mat
  artifactKey: Guid(fb485f0412ecccf4cb68e398fe6d2d10) Importer(2089858483,192608db42251d675da83286b1cce702)
Start importing Assets/Super Retro Compact Pack/Materials/FunCar_Red.mat using Guid(fb485f0412ecccf4cb68e398fe6d2d10) Importer(2089858483,192608db42251d675da83286b1cce702) (ScriptedImporter) -> (artifact id: '01aeb44ceaa14cfd74da86c5e8910f8e') in 0.0645559 seconds
Number of updated asset objects reloaded before import = 0Number of asset objects unloaded after import = 2

========================================================================
Received Import Request.
  Time since last request: 0.000033 seconds.
  path: Assets/apartment/apartment_cabinet_Roughness.png
  artifactKey: Guid(a06311f325b9f894ea0f4feddf4d8786) Importer(2089858483,192608db42251d675da83286b1cce702)
Start importing Assets/apartment/apartment_cabinet_Roughness.png using Guid(a06311f325b9f894ea0f4feddf4d8786) Importer(2089858483,192608db42251d675da83286b1cce702) (ScriptedImporter) -> (artifact id: '9a8a8a7254a39857fd4138bb5a1ae9bf') in 0.0692434 seconds
Number of updated asset objects reloaded before import = 0Number of asset objects unloaded after import = 1

========================================================================
Received Import Request.
  Time since last request: 0.000130 seconds.
  path: Assets/apartment/apartment_wall_Metallic.png
  artifactKey: Guid(865e09690b3d3ed4baade2b9506c65b4) Importer(2089858483,192608db42251d675da83286b1cce702)
Start importing Assets/apartment/apartment_wall_Metallic.png using Guid(865e09690b3d3ed4baade2b9506c65b4) Importer(2089858483,192608db42251d675da83286b1cce702) (ScriptedImporter) -> (artifact id: 'd5c3aa60e6a6acdd605de6edeb73eb10') in 0.0725075 seconds
Number of updated asset objects reloaded before import = 0Number of asset objects unloaded after import = 1

========================================================================
Received Import Request.
  Time since last request: 0.000035 seconds.
  path: Assets/Super Retro Compact Pack/Models/FunCar_Taxi_01.fbx
  artifactKey: Guid(f06d78ad13c1ea94b8809c77651a45da) Importer(2089858483,192608db42251d675da83286b1cce702)
Start importing Assets/Super Retro Compact Pack/Models/FunCar_Taxi_01.fbx using Guid(f06d78ad13c1ea94b8809c77651a45da) Importer(2089858483,192608db42251d675da83286b1cce702) (ScriptedImporter) -> (artifact id: '4d5d133f0b39855fb522e7d40e4823c2') in 0.0723542 seconds
Number of updated asset objects reloaded before import = 0Number of asset objects unloaded after import = 35

========================================================================
Received Import Request.
  Time since last request: 0.000034 seconds.
  path: Assets/trash-can-02/textures/DefaultMaterial_Base_Color.png
  artifactKey: Guid(fd4ef35429ae4e84a85aca2f1471bc50) Importer(2089858483,192608db42251d675da83286b1cce702)
Start importing Assets/trash-can-02/textures/DefaultMaterial_Base_Color.png using Guid(fd4ef35429ae4e84a85aca2f1471bc50) Importer(2089858483,192608db42251d675da83286b1cce702) (ScriptedImporter) -> (artifact id: '569313a989c3f11fa53ff4e244187221') in 0.0689303 seconds
Number of updated asset objects reloaded before import = 0Number of asset objects unloaded after import = 1

========================================================================
Received Import Request.
  Time since last request: 0.000038 seconds.
  path: Assets/Footsteps - Essentials/Footsteps_Wood_Walk_03.wav
  artifactKey: Guid(76c66b3ae15685a45a334b0628d1edd1) Importer(2089858483,192608db42251d675da83286b1cce702)
Start importing Assets/Footsteps - Essentials/Footsteps_Wood_Walk_03.wav using Guid(76c66b3ae15685a45a334b0628d1edd1) Importer(2089858483,192608db42251d675da83286b1cce702) (ScriptedImporter) -> (artifact id: 'db9d4d5d33543e27a31a1efd010becc4') in 0.1080724 seconds
Number of updated asset objects reloaded before import = 0Number of asset objects unloaded after import = 1

========================================================================
Received Import Request.
  Time since last request: 0.000112 seconds.
  path: Assets/psx-bong/textures/BongDirty.jpeg
  artifactKey: Guid(73ab2dff7820f354f86314bd19897d39) Importer(2089858483,192608db42251d675da83286b1cce702)
Start importing Assets/psx-bong/textures/BongDirty.jpeg using Guid(73ab2dff7820f354f86314bd19897d39) Importer(2089858483,192608db42251d675da83286b1cce702) (ScriptedImporter) -> (artifact id: 'c64781ec36c9223660df124bf30b016b') in 0.0674573 seconds
Number of updated asset objects reloaded before import = 0Number of asset objects unloaded after import = 1

========================================================================
Received Import Request.
  Time since last request: 0.000034 seconds.
  path: Assets/psx-bong/textures/BongRed.jpeg
  artifactKey: Guid(d3969238d6e85454c8a06510d3bc641d) Importer(2089858483,192608db42251d675da83286b1cce702)
Start importing Assets/psx-bong/textures/BongRed.jpeg using Guid(d3969238d6e85454c8a06510d3bc641d) Importer(2089858483,192608db42251d675da83286b1cce702) (ScriptedImporter) -> (artifact id: '68f7b8bc283a593247ce2cef685d9658') in 0.06095 seconds
Number of updated asset objects reloaded before import = 0Number of asset objects unloaded after import = 1

========================================================================
Received Import Request.
  Time since last request: 0.000037 seconds.
  path: Assets/Super Retro Compact Pack/Prefabs/CompactCar_Green.prefab
  artifactKey: Guid(5bcf42d65da7f114ab0a01d1eefd99ee) Importer(2089858483,192608db42251d675da83286b1cce702)
Start importing Assets/Super Retro Compact Pack/Prefabs/CompactCar_Green.prefab using Guid(5bcf42d65da7f114ab0a01d1eefd99ee) Importer(2089858483,192608db42251d675da83286b1cce702) (ScriptedImporter) -> (artifact id: '08d49adc02d07565bb642c92d0eae9b7') in 0.0770204 seconds
Number of updated asset objects reloaded before import = 0Number of asset objects unloaded after import = 34

========================================================================
Received Import Request.
  Time since last request: 0.000048 seconds.
  path: Assets/TextMesh Pro/Resources/Fonts & Materials/LiberationSans SDF - Fallback.asset
  artifactKey: Guid(2e498d1c8094910479dc3e1b768306a4) Importer(2089858483,192608db42251d675da83286b1cce702)
Start importing Assets/TextMesh Pro/Resources/Fonts & Materials/LiberationSans SDF - Fallback.asset using Guid(2e498d1c8094910479dc3e1b768306a4) Importer(2089858483,192608db42251d675da83286b1cce702) (ScriptedImporter) -> (artifact id: 'e6997c4926bc79a1937412e4540e832d') in 0.2399317 seconds
Number of updated asset objects reloaded before import = 0Number of asset objects unloaded after import = 5

========================================================================
Received Import Request.
  Time since last request: 0.000064 seconds.
  path: Assets/Super Retro Compact Pack/Scenes/RetroCarPack_Sample_01.unity
  artifactKey: Guid(408b9199ba2150248abc022eb889954d) Importer(2089858483,192608db42251d675da83286b1cce702)
Start importing Assets/Super Retro Compact Pack/Scenes/RetroCarPack_Sample_01.unity using Guid(408b9199ba2150248abc022eb889954d) Importer(2089858483,192608db42251d675da83286b1cce702) (ScriptedImporter) -> (artifact id: '2c717efd841db9d04fde1146bd830023') in 0.0737057 seconds
Number of updated asset objects reloaded before import = 0Number of asset objects unloaded after import = 1

========================================================================
Received Import Request.
  Time since last request: 0.000117 seconds.
  path: Assets/instrument-guitar-ultra-low-poly
  artifactKey: Guid(ea200125b02382d438e86c7f1798c650) Importer(2089858483,192608db42251d675da83286b1cce702)
Start importing Assets/instrument-guitar-ultra-low-poly using Guid(ea200125b02382d438e86c7f1798c650) Importer(2089858483,192608db42251d675da83286b1cce702) (ScriptedImporter) -> (artifact id: 'd1e03a7f4870b91959e9c63087f92e4e') in 0.0297903 seconds
Number of updated asset objects reloaded before import = 0Number of asset objects unloaded after import = 1

========================================================================
Received Import Request.
  Time since last request: 0.000151 seconds.
  path: Assets/instrument-guitar-ultra-low-poly/source/Prop_Instrument_Guitar_04
  artifactKey: Guid(1a630603874bb0342ab1cd1afdccc822) Importer(2089858483,192608db42251d675da83286b1cce702)
Start importing Assets/instrument-guitar-ultra-low-poly/source/Prop_Instrument_Guitar_04 using Guid(1a630603874bb0342ab1cd1afdccc822) Importer(2089858483,192608db42251d675da83286b1cce702) (ScriptedImporter) -> (artifact id: '209aec8809373bf7ed496cd8d47af931') in 0.0300454 seconds
Number of updated asset objects reloaded before import = 0Number of asset objects unloaded after import = 1

========================================================================
Received Import Request.
  Time since last request: 0.000361 seconds.
  path: Assets/Super Retro Compact Pack/Models/Collision Meshes/FunCar_Collision.fbx
  artifactKey: Guid(4d1736ff35b9e07439db7effe5f551f5) Importer(2089858483,192608db42251d675da83286b1cce702)
Start importing Assets/Super Retro Compact Pack/Models/Collision Meshes/FunCar_Collision.fbx using Guid(4d1736ff35b9e07439db7effe5f551f5) Importer(2089858483,192608db42251d675da83286b1cce702) (ScriptedImporter) -> (artifact id: '7ca9dc7ad344737ce0dfe457923fea9a') in 0.0845045 seconds
Number of updated asset objects reloaded before import = 0Number of asset objects unloaded after import = 8

========================================================================
Received Import Request.
  Time since last request: 0.000042 seconds.
  path: Assets/StalkerAnimation.controller
  artifactKey: Guid(239cf188256756e4ba25d36f39df25bb) Importer(2089858483,192608db42251d675da83286b1cce702)
Start importing Assets/StalkerAnimation.controller using Guid(239cf188256756e4ba25d36f39df25bb) Importer(2089858483,192608db42251d675da83286b1cce702) (ScriptedImporter) -> (artifact id: 'd65bfb167a9ade5d2ece570ec5a50a20') in 0.0850371 seconds
Number of updated asset objects reloaded before import = 0Number of asset objects unloaded after import = 5

========================================================================
Received Import Request.
  Time since last request: 0.000136 seconds.
  path: Assets/script/SceneFlowController.cs
  artifactKey: Guid(e7e31796a14e506489d888203ec57a27) Importer(2089858483,192608db42251d675da83286b1cce702)
Start importing Assets/script/SceneFlowController.cs using Guid(e7e31796a14e506489d888203ec57a27) Importer(2089858483,192608db42251d675da83286b1cce702) (ScriptedImporter) -> (artifact id: '5d2c86afd3d128bd7db86e06e5f8a107') in 0.0376073 seconds
Number of updated asset objects reloaded before import = 0Number of asset objects unloaded after import = 0

========================================================================
Received Import Request.
  Time since last request: 0.000083 seconds.
  path: Assets/aiStandardSurface1SG-color.png
  artifactKey: Guid(3bbdabf189825184bac565262be95d38) Importer(2089858483,192608db42251d675da83286b1cce702)
Start importing Assets/aiStandardSurface1SG-color.png using Guid(3bbdabf189825184bac565262be95d38) Importer(2089858483,192608db42251d675da83286b1cce702) (ScriptedImporter) -> (artifact id: 'd720c8b27b9723435bb5bfec6ce416e9') in 0.0965505 seconds
Number of updated asset objects reloaded before import = 0Number of asset objects unloaded after import = 1

========================================================================
Received Import Request.
  Time since last request: 0.000070 seconds.
  path: Assets/apartment/Materials/tv.mat
  artifactKey: Guid(2a81569b03bbedc49951512e3a58311f) Importer(2089858483,192608db42251d675da83286b1cce702)
Start importing Assets/apartment/Materials/tv.mat using Guid(2a81569b03bbedc49951512e3a58311f) Importer(2089858483,192608db42251d675da83286b1cce702) (ScriptedImporter) -> (artifact id: '0a3702c436c9b37b2ceab9aa44cb0702') in 0.0590751 seconds
Number of updated asset objects reloaded before import = 0Number of asset objects unloaded after import = 1

========================================================================
Received Import Request.
  Time since last request: 0.000128 seconds.
  path: Assets/Shooting.fbx
  artifactKey: Guid(0db83ecb62ebcf443a7eb3a44de5e3db) Importer(2089858483,192608db42251d675da83286b1cce702)
Start importing Assets/Shooting.fbx using Guid(0db83ecb62ebcf443a7eb3a44de5e3db) Importer(2089858483,192608db42251d675da83286b1cce702) (ScriptedImporter) -> (artifact id: '402ffc280659d4b2173aaf2ee8079c6b') in 0.1276463 seconds
Number of updated asset objects reloaded before import = 0Number of asset objects unloaded after import = 142

========================================================================
Received Import Request.
  Time since last request: 0.000050 seconds.
  path: Assets/Super Retro Compact Pack/Highway Set/Prefabs/Barrier_02.prefab
  artifactKey: Guid(39b29c640ffe9d6449186f94ce049d88) Importer(2089858483,192608db42251d675da83286b1cce702)
Start importing Assets/Super Retro Compact Pack/Highway Set/Prefabs/Barrier_02.prefab using Guid(39b29c640ffe9d6449186f94ce049d88) Importer(2089858483,192608db42251d675da83286b1cce702) (ScriptedImporter) -> (artifact id: 'ad54138d5f1fe7c7517103f05d81796d') in 0.0960814 seconds
Number of updated asset objects reloaded before import = 0Number of asset objects unloaded after import = 9

========================================================================
Received Import Request.
  Time since last request: 0.000057 seconds.
  path: Assets/apartment/Materials/apartment-tv.mat
  artifactKey: Guid(4a8363ee640c1d84a9df69591fddbf4b) Importer(2089858483,192608db42251d675da83286b1cce702)
Start importing Assets/apartment/Materials/apartment-tv.mat using Guid(4a8363ee640c1d84a9df69591fddbf4b) Importer(2089858483,192608db42251d675da83286b1cce702) (ScriptedImporter) -> (artifact id: 'ee5084aa6a71c93751744f79b6905524') in 0.1471667 seconds
Number of updated asset objects reloaded before import = 0Number of asset objects unloaded after import = 5

========================================================================
Received Import Request.
  Time since last request: 0.000049 seconds.
  path: Assets/korn.png
  artifactKey: Guid(55da73f9714e9cf4b8b0ce422e3c520b) Importer(2089858483,192608db42251d675da83286b1cce702)
Start importing Assets/korn.png using Guid(55da73f9714e9cf4b8b0ce422e3c520b) Importer(2089858483,192608db42251d675da83286b1cce702) (ScriptedImporter) -> (artifact id: '9b301c41ef68fd1eed6269162412550f') in 0.085313 seconds
Number of updated asset objects reloaded before import = 0Number of asset objects unloaded after import = 1

========================================================================
Received Import Request.
  Time since last request: 0.000036 seconds.
  path: Assets/apartment/apartment_window bar_Normal.png
  artifactKey: Guid(37e211fc029998a418968c396871df48) Importer(2089858483,192608db42251d675da83286b1cce702)
Start importing Assets/apartment/apartment_window bar_Normal.png using Guid(37e211fc029998a418968c396871df48) Importer(2089858483,192608db42251d675da83286b1cce702) (ScriptedImporter) -> (artifact id: '93f70ea2bf8c060d85c8b652943a85f5') in 0.0964885 seconds
Number of updated asset objects reloaded before import = 0Number of asset objects unloaded after import = 1

========================================================================
Received Import Request.
  Time since last request: 0.000058 seconds.
  path: Assets/Elevator hall/Elevator hall_door_knob_material_Roughness.png
  artifactKey: Guid(75c6e2d3253fd4543a73944b422f46f9) Importer(2089858483,192608db42251d675da83286b1cce702)
Start importing Assets/Elevator hall/Elevator hall_door_knob_material_Roughness.png using Guid(75c6e2d3253fd4543a73944b422f46f9) Importer(2089858483,192608db42251d675da83286b1cce702) (ScriptedImporter) -> (artifact id: '7b2e2b3a1a6e48fc6a4c4957eee9fc93') in 0.0809451 seconds
Number of updated asset objects reloaded before import = 0Number of asset objects unloaded after import = 1

========================================================================
Received Import Request.
  Time since last request: 0.000039 seconds.
  path: Assets/apartment/apartment_stove_Roughness.png
  artifactKey: Guid(23d82b6a03f86364d87b5cd7d2883b17) Importer(2089858483,192608db42251d675da83286b1cce702)
Start importing Assets/apartment/apartment_stove_Roughness.png using Guid(23d82b6a03f86364d87b5cd7d2883b17) Importer(2089858483,192608db42251d675da83286b1cce702) (ScriptedImporter) -> (artifact id: 'b671f1c3b118d1c19159cbcafc2c0eef') in 0.0603903 seconds
Number of updated asset objects reloaded before import = 0Number of asset objects unloaded after import = 1

========================================================================
Received Import Request.
  Time since last request: 0.000083 seconds.
  path: Assets/Rainfall 5 Minute Meditation.wav
  artifactKey: Guid(94cfaad64aade5441a7dd737795025ed) Importer(2089858483,192608db42251d675da83286b1cce702)
Start importing Assets/Rainfall 5 Minute Meditation.wav using Guid(94cfaad64aade5441a7dd737795025ed) Importer(2089858483,192608db42251d675da83286b1cce702) (ScriptedImporter) -> (artifact id: '497f38502664774ac7cd822d6b035cb4') in 0.1258235 seconds
Number of updated asset objects reloaded before import = 0Number of asset objects unloaded after import = 1

========================================================================
Received Import Request.
  Time since last request: 0.000039 seconds.
  path: Assets/script/Throw away.cs
  artifactKey: Guid(19520af0f31d57a44b3e97f18dcfdf57) Importer(2089858483,192608db42251d675da83286b1cce702)
Start importing Assets/script/Throw away.cs using Guid(19520af0f31d57a44b3e97f18dcfdf57) Importer(2089858483,192608db42251d675da83286b1cce702) (ScriptedImporter) -> (artifact id: '1dfe26a4c98a4a354e2adad74f90aa21') in 0.0311867 seconds
Number of updated asset objects reloaded before import = 0Number of asset objects unloaded after import = 0

========================================================================
Received Import Request.
  Time since last request: 0.000146 seconds.
  path: Assets/Booty Hip Hop Dance.fbx
  artifactKey: Guid(18ab04ca32369984994e3d561fc70003) Importer(2089858483,192608db42251d675da83286b1cce702)
Start importing Assets/Booty Hip Hop Dance.fbx using Guid(18ab04ca32369984994e3d561fc70003) Importer(2089858483,192608db42251d675da83286b1cce702) (ScriptedImporter) -> (artifact id: 'd858b0503368d82373d4bd338cae699b') in 0.0858896 seconds
Number of updated asset objects reloaded before import = 0Number of asset objects unloaded after import = 150

========================================================================
Received Import Request.
  Time since last request: 0.000038 seconds.
  path: Assets/apartment/apartment_stove_Normal.png
  artifactKey: Guid(0027d6ae684a9d84a8ea53495b921ca5) Importer(2089858483,192608db42251d675da83286b1cce702)
Start importing Assets/apartment/apartment_stove_Normal.png using Guid(0027d6ae684a9d84a8ea53495b921ca5) Importer(2089858483,192608db42251d675da83286b1cce702) (ScriptedImporter) -> (artifact id: '555d85bbc495b35dd106268e8932ea9f') in 0.0668093 seconds
Number of updated asset objects reloaded before import = 0Number of asset objects unloaded after import = 1

========================================================================
Received Import Request.
  Time since last request: 0.000066 seconds.
  path: Assets/Super Retro Compact Pack/Prefabs/CompactCar_Black.prefab
  artifactKey: Guid(fb397a507ec6bea4699cc33654426f29) Importer(2089858483,192608db42251d675da83286b1cce702)
Start importing Assets/Super Retro Compact Pack/Prefabs/CompactCar_Black.prefab using Guid(fb397a507ec6bea4699cc33654426f29) Importer(2089858483,192608db42251d675da83286b1cce702) (ScriptedImporter) -> (artifact id: '6973fa782bd0c1cd7ff68d0ab7b76c7f') in 0.0684705 seconds
Number of updated asset objects reloaded before import = 0Number of asset objects unloaded after import = 34

========================================================================
Received Import Request.
  Time since last request: 0.000039 seconds.
  path: Assets/apartment/apartment_wall_Height.png
  artifactKey: Guid(8c027163f1c38d846aa4b63e6ba58676) Importer(2089858483,192608db42251d675da83286b1cce702)
Start importing Assets/apartment/apartment_wall_Height.png using Guid(8c027163f1c38d846aa4b63e6ba58676) Importer(2089858483,192608db42251d675da83286b1cce702) (ScriptedImporter) -> (artifact id: '51f0e1bcad7d2a81c113083c70304c5a') in 0.0897952 seconds
Number of updated asset objects reloaded before import = 0Number of asset objects unloaded after import = 1

========================================================================
Received Import Request.
  Time since last request: 0.000056 seconds.
  path: Assets/script/LightFlicker.cs
  artifactKey: Guid(7c3d5c708babee64cada0e38920dc45e) Importer(2089858483,192608db42251d675da83286b1cce702)
Start importing Assets/script/LightFlicker.cs using Guid(7c3d5c708babee64cada0e38920dc45e) Importer(2089858483,192608db42251d675da83286b1cce702) (ScriptedImporter) -> (artifact id: '0494b7746e4ec20ece5475030e1c2db4') in 0.034895 seconds
Number of updated asset objects reloaded before import = 0Number of asset objects unloaded after import = 0

========================================================================
Received Import Request.
  Time since last request: 0.000058 seconds.
  path: Assets/Super Retro Compact Pack/Textures/CompactCar_Texture_Gray.png
  artifactKey: Guid(4f102509b7cb44b489a985f8fed0f129) Importer(2089858483,192608db42251d675da83286b1cce702)
Start importing Assets/Super Retro Compact Pack/Textures/CompactCar_Texture_Gray.png using Guid(4f102509b7cb44b489a985f8fed0f129) Importer(2089858483,192608db42251d675da83286b1cce702) (ScriptedImporter) -> (artifact id: '984c44680bd335122a6f2144305442cf') in 0.0741654 seconds
Number of updated asset objects reloaded before import = 0Number of asset objects unloaded after import = 1

========================================================================
Received Import Request.
  Time since last request: 0.000035 seconds.
  path: Assets/Materials/standardSurface2SG-color.mat
  artifactKey: Guid(016a08dd46fc6214f87b66d718271a9e) Importer(2089858483,192608db42251d675da83286b1cce702)
Start importing Assets/Materials/standardSurface2SG-color.mat using Guid(016a08dd46fc6214f87b66d718271a9e) Importer(2089858483,192608db42251d675da83286b1cce702) (ScriptedImporter) -> (artifact id: 'b54789fe4b2bbb358bfbfce9693bedde') in 0.0834492 seconds
Number of updated asset objects reloaded before import = 0Number of asset objects unloaded after import = 2

========================================================================
Received Import Request.
  Time since last request: 0.000041 seconds.
  path: Assets/Ch03_nonPBR@Yawn.fbx
  artifactKey: Guid(351f912b011879c4d93a9df40799a216) Importer(2089858483,192608db42251d675da83286b1cce702)
Start importing Assets/Ch03_nonPBR@Yawn.fbx using Guid(351f912b011879c4d93a9df40799a216) Importer(2089858483,192608db42251d675da83286b1cce702) (ScriptedImporter) -> (artifact id: '396d9e8a579ff934b9d17ddfeb63f7d6') in 0.1457939 seconds
Number of updated asset objects reloaded before import = 0Number of asset objects unloaded after import = 142

========================================================================
Received Import Request.
  Time since last request: 0.000046 seconds.
  path: Assets/hitbar/Untitled-2_0001_livebar.png
  artifactKey: Guid(6e6e142a1a6627140bc060033db6ddc7) Importer(2089858483,192608db42251d675da83286b1cce702)
Start importing Assets/hitbar/Untitled-2_0001_livebar.png using Guid(6e6e142a1a6627140bc060033db6ddc7) Importer(2089858483,192608db42251d675da83286b1cce702) (ScriptedImporter) -> (artifact id: 'fbd3d2080ca69e6dcc131c4b4a43dcf3') in 0.0933446 seconds
Number of updated asset objects reloaded before import = 0Number of asset objects unloaded after import = 3

========================================================================
Received Import Request.
  Time since last request: 0.000078 seconds.
  path: Assets/apartment/apartment_window frame_Height.png
  artifactKey: Guid(54ea4d54cf9d1144aaef3d5c9e11b91d) Importer(2089858483,192608db42251d675da83286b1cce702)
Start importing Assets/apartment/apartment_window frame_Height.png using Guid(54ea4d54cf9d1144aaef3d5c9e11b91d) Importer(2089858483,192608db42251d675da83286b1cce702) (ScriptedImporter) -> (artifact id: 'b017cc4c3fdf708fa849d26a4bbf4406') in 0.0880953 seconds
Number of updated asset objects reloaded before import = 0Number of asset objects unloaded after import = 1

========================================================================
Received Import Request.
  Time since last request: 0.000180 seconds.
  path: Assets/apartment/apartment_window frame_Metallic.png
  artifactKey: Guid(03303afcdde02334b8c2485092e189ac) Importer(2089858483,192608db42251d675da83286b1cce702)
Start importing Assets/apartment/apartment_window frame_Metallic.png using Guid(03303afcdde02334b8c2485092e189ac) Importer(2089858483,192608db42251d675da83286b1cce702) (ScriptedImporter) -> (artifact id: 'eeabec5c6ca44497ca7f404508264d4d') in 0.0956699 seconds
Number of updated asset objects reloaded before import = 0Number of asset objects unloaded after import = 1

========================================================================
Received Import Request.
  Time since last request: 0.000043 seconds.
  path: Assets/Super Retro Compact Pack/Prefabs/CompactCar_Red.prefab
  artifactKey: Guid(b114b8d24c8487d4face2d4d67fdbb66) Importer(2089858483,192608db42251d675da83286b1cce702)
Start importing Assets/Super Retro Compact Pack/Prefabs/CompactCar_Red.prefab using Guid(b114b8d24c8487d4face2d4d67fdbb66) Importer(2089858483,192608db42251d675da83286b1cce702) (ScriptedImporter) -> (artifact id: 'af334e834d19ceac1b7812595d249105') in 0.0822706 seconds
Number of updated asset objects reloaded before import = 0Number of asset objects unloaded after import = 34

========================================================================
Received Import Request.
  Time since last request: 0.000615 seconds.
  path: Assets/PSX City/PSX City/Textures/Lamp.png
  artifactKey: Guid(c836050e223237c44a2b8c5f11325f98) Importer(2089858483,192608db42251d675da83286b1cce702)
Start importing Assets/PSX City/PSX City/Textures/Lamp.png using Guid(c836050e223237c44a2b8c5f11325f98) Importer(2089858483,192608db42251d675da83286b1cce702) (ScriptedImporter) -> (artifact id: '80d12c8819146a99755f81ca8c2a643f') in 0.0671231 seconds
Number of updated asset objects reloaded before import = 0Number of asset objects unloaded after import = 1

========================================================================
Received Import Request.
  Time since last request: 0.000032 seconds.
  path: Assets/apartment/Materials/apartment-table.mat
  artifactKey: Guid(4dd22f01a8e1ea3468a835398b81c922) Importer(2089858483,192608db42251d675da83286b1cce702)
Start importing Assets/apartment/Materials/apartment-table.mat using Guid(4dd22f01a8e1ea3468a835398b81c922) Importer(2089858483,192608db42251d675da83286b1cce702) (ScriptedImporter) -> (artifact id: 'd94d3189d4cbdcdf86ce3bb88d05163c') in 0.1616938 seconds
Number of updated asset objects reloaded before import = 0Number of asset objects unloaded after import = 5

========================================================================
Received Import Request.
  Time since last request: 0.000084 seconds.
  path: Assets/PSX City/PSX City/Textures
  artifactKey: Guid(32c945a757ee3584da663296338a4e84) Importer(2089858483,192608db42251d675da83286b1cce702)
Start importing Assets/PSX City/PSX City/Textures using Guid(32c945a757ee3584da663296338a4e84) Importer(2089858483,192608db42251d675da83286b1cce702) (ScriptedImporter) -> (artifact id: '990c3845707cb975198e88250670a473') in 0.0325414 seconds
Number of updated asset objects reloaded before import = 0Number of asset objects unloaded after import = 1

========================================================================
Received Import Request.
  Time since last request: 0.000188 seconds.
  path: Assets/apartment/Materials/apartment_aiStandardSurface42.mat
  artifactKey: Guid(53003f30b2a7a774ea31710775f0284b) Importer(2089858483,192608db42251d675da83286b1cce702)
Start importing Assets/apartment/Materials/apartment_aiStandardSurface42.mat using Guid(53003f30b2a7a774ea31710775f0284b) Importer(2089858483,192608db42251d675da83286b1cce702) (ScriptedImporter) -> (artifact id: '79a6350a51790d31970a55bcaa175235') in 0.0592181 seconds
Number of updated asset objects reloaded before import = 0Number of asset objects unloaded after import = 1

========================================================================
Received Import Request.
  Time since last request: 0.000037 seconds.
  path: Assets/Super Retro Compact Pack/Highway Set/Textures
  artifactKey: Guid(bcd94ab787bbf9b45a46708c8d290f55) Importer(2089858483,192608db42251d675da83286b1cce702)
Start importing Assets/Super Retro Compact Pack/Highway Set/Textures using Guid(bcd94ab787bbf9b45a46708c8d290f55) Importer(2089858483,192608db42251d675da83286b1cce702) (ScriptedImporter) -> (artifact id: '001130815c729b2afb0b46bd0f227e60') in 0.0250846 seconds
Number of updated asset objects reloaded before import = 0Number of asset objects unloaded after import = 1

========================================================================
Received Import Request.
  Time since last request: 0.000036 seconds.
  path: Assets/Bright.mat
  artifactKey: Guid(ee0ef4fb1a06245479bbff02009300ec) Importer(2089858483,192608db42251d675da83286b1cce702)
Start importing Assets/Bright.mat using Guid(ee0ef4fb1a06245479bbff02009300ec) Importer(2089858483,192608db42251d675da83286b1cce702) (ScriptedImporter) -> (artifact id: 'b96c8b53c0cc16cf2dc1192fdd454980') in 0.0414622 seconds
Number of updated asset objects reloaded before import = 0Number of asset objects unloaded after import = 1

========================================================================
Received Import Request.
  Time since last request: 0.000159 seconds.
  path: Assets/Super Retro Compact Pack/Textures/CompactCar_Texture_Police.png
  artifactKey: Guid(feefbd017fe512b4284f9db759377833) Importer(2089858483,192608db42251d675da83286b1cce702)
Start importing Assets/Super Retro Compact Pack/Textures/CompactCar_Texture_Police.png using Guid(feefbd017fe512b4284f9db759377833) Importer(2089858483,192608db42251d675da83286b1cce702) (ScriptedImporter) -> (artifact id: 'cd1e578888663cb5887093d0d4daf90d') in 0.0603668 seconds
Number of updated asset objects reloaded before import = 0Number of asset objects unloaded after import = 1

========================================================================
Received Import Request.
  Time since last request: 0.000051 seconds.
  path: Assets/PS1_styled_bus.usdz
  artifactKey: Guid(1f300c77d2dfac54ebd078c09a69fdca) Importer(2089858483,192608db42251d675da83286b1cce702)
Start importing Assets/PS1_styled_bus.usdz using Guid(1f300c77d2dfac54ebd078c09a69fdca) Importer(2089858483,192608db42251d675da83286b1cce702) (ScriptedImporter) -> (artifact id: 'b1b0eace66cef600c943b72cf586f270') in 0.0292122 seconds
Number of updated asset objects reloaded before import = 0Number of asset objects unloaded after import = 1

========================================================================
Received Import Request.
  Time since last request: 0.000052 seconds.
  path: Assets/apartment/apartment_counter sink_Height.png
  artifactKey: Guid(bb62c28da3052cb44828fa3771a88464) Importer(2089858483,192608db42251d675da83286b1cce702)
Start importing Assets/apartment/apartment_counter sink_Height.png using Guid(bb62c28da3052cb44828fa3771a88464) Importer(2089858483,192608db42251d675da83286b1cce702) (ScriptedImporter) -> (artifact id: '5eb3f83123f467bc39d100c9c9a08dc2') in 0.0669903 seconds
Number of updated asset objects reloaded before import = 0Number of asset objects unloaded after import = 1

========================================================================
Received Import Request.
  Time since last request: 0.000144 seconds.
  path: Assets/Super Retro Compact Pack/Highway Set/Prefabs/Barrier_01.prefab
  artifactKey: Guid(5ff9600d98d5c414f876d763f134b1dd) Importer(2089858483,192608db42251d675da83286b1cce702)
Start importing Assets/Super Retro Compact Pack/Highway Set/Prefabs/Barrier_01.prefab using Guid(5ff9600d98d5c414f876d763f134b1dd) Importer(2089858483,192608db42251d675da83286b1cce702) (ScriptedImporter) -> (artifact id: 'd2d9573629310dafce6ac12e9aa151ea') in 0.0991444 seconds
Number of updated asset objects reloaded before import = 0Number of asset objects unloaded after import = 10

========================================================================
Received Import Request.
  Time since last request: 0.000035 seconds.
  path: Assets/Super Retro Compact Pack/Textures/CompactCar_Texture_Red.png
  artifactKey: Guid(9def3834d4085064a8e5d757997760d1) Importer(2089858483,192608db42251d675da83286b1cce702)
Start importing Assets/Super Retro Compact Pack/Textures/CompactCar_Texture_Red.png using Guid(9def3834d4085064a8e5d757997760d1) Importer(2089858483,192608db42251d675da83286b1cce702) (ScriptedImporter) -> (artifact id: '7f33930ceedd3bd32152687f73bcb0f0') in 0.076796 seconds
Number of updated asset objects reloaded before import = 0Number of asset objects unloaded after import = 1

========================================================================
Received Import Request.
  Time since last request: 0.000290 seconds.
  path: Assets/Footsteps - Essentials/Footsteps_Mud
  artifactKey: Guid(c428022154526d948bae8d8084826826) Importer(2089858483,192608db42251d675da83286b1cce702)
Start importing Assets/Footsteps - Essentials/Footsteps_Mud using Guid(c428022154526d948bae8d8084826826) Importer(2089858483,192608db42251d675da83286b1cce702) (ScriptedImporter) -> (artifact id: '47e4197b43143fb11178f2340ef1e6be') in 0.0289042 seconds
Number of updated asset objects reloaded before import = 0Number of asset objects unloaded after import = 1

========================================================================
Received Import Request.
  Time since last request: 0.000093 seconds.
  path: Assets/apartment/apartment_table_Roughness.png
  artifactKey: Guid(4d79264b8dd4e784395601319e8c7c3e) Importer(2089858483,192608db42251d675da83286b1cce702)
Start importing Assets/apartment/apartment_table_Roughness.png using Guid(4d79264b8dd4e784395601319e8c7c3e) Importer(2089858483,192608db42251d675da83286b1cce702) (ScriptedImporter) -> (artifact id: 'a57d38b79cf01607b06b1b7f5284d00e') in 0.0877425 seconds
Number of updated asset objects reloaded before import = 0Number of asset objects unloaded after import = 1

========================================================================
Received Import Request.
  Time since last request: 0.000302 seconds.
  path: Assets/script/Trash.cs
  artifactKey: Guid(195b7699a624d234cb35e7df26aa2c11) Importer(2089858483,192608db42251d675da83286b1cce702)
Start importing Assets/script/Trash.cs using Guid(195b7699a624d234cb35e7df26aa2c11) Importer(2089858483,192608db42251d675da83286b1cce702) (ScriptedImporter) -> (artifact id: '64b3acbc9bbe0b160b2eff5a0b2934b5') in 0.0402716 seconds
Number of updated asset objects reloaded before import = 0Number of asset objects unloaded after import = 0

========================================================================
Received Import Request.
  Time since last request: 0.000080 seconds.
  path: Assets/apartment/apartment_table_Metallic.png
  artifactKey: Guid(213c3586827f57b4b81334168a58cdbf) Importer(2089858483,192608db42251d675da83286b1cce702)
Start importing Assets/apartment/apartment_table_Metallic.png using Guid(213c3586827f57b4b81334168a58cdbf) Importer(2089858483,192608db42251d675da83286b1cce702) (ScriptedImporter) -> (artifact id: 'df20d145db6defa4003c1ff507b3eb51') in 0.0730165 seconds
Number of updated asset objects reloaded before import = 0Number of asset objects unloaded after import = 1

========================================================================
Received Import Request.
  Time since last request: 0.000039 seconds.
  path: Assets/script/Yawn.cs
  artifactKey: Guid(156532a1c1e9b264abf0ff44017d0367) Importer(2089858483,192608db42251d675da83286b1cce702)
Start importing Assets/script/Yawn.cs using Guid(156532a1c1e9b264abf0ff44017d0367) Importer(2089858483,192608db42251d675da83286b1cce702) (ScriptedImporter) -> (artifact id: 'aadf7496ae1046c83d6d250c40327161') in 0.030475 seconds
Number of updated asset objects reloaded before import = 0Number of asset objects unloaded after import = 0

========================================================================
Received Import Request.
  Time since last request: 0.000428 seconds.
  path: Assets/apartment/apartment_counter_Metallic.png
  artifactKey: Guid(689cd64bbf5b56a4dbc37909f862287e) Importer(2089858483,192608db42251d675da83286b1cce702)
Start importing Assets/apartment/apartment_counter_Metallic.png using Guid(689cd64bbf5b56a4dbc37909f862287e) Importer(2089858483,192608db42251d675da83286b1cce702) (ScriptedImporter) -> (artifact id: 'c0255baabc0158823beeaf1b3fd0341d') in 0.0709053 seconds
Number of updated asset objects reloaded before import = 0Number of asset objects unloaded after import = 1

========================================================================
Received Import Request.
  Time since last request: 0.000034 seconds.
  path: Assets/Super Retro Compact Pack/Highway Set/Textures/Roads_Center_01.png
  artifactKey: Guid(7758acbe44aa8e2488f7c06acde5dd9c) Importer(2089858483,192608db42251d675da83286b1cce702)
Start importing Assets/Super Retro Compact Pack/Highway Set/Textures/Roads_Center_01.png using Guid(7758acbe44aa8e2488f7c06acde5dd9c) Importer(2089858483,192608db42251d675da83286b1cce702) (ScriptedImporter) -> (artifact id: '5a44b97c28e6ecc3cf9c02fea7860821') in 0.0851552 seconds
Number of updated asset objects reloaded before import = 0Number of asset objects unloaded after import = 1

========================================================================
Received Import Request.
  Time since last request: 0.000055 seconds.
  path: Assets/apartment/apartment_fridge_Normal.png
  artifactKey: Guid(46c8f3fb489b02f4b8a8df92ee224b29) Importer(2089858483,192608db42251d675da83286b1cce702)
Start importing Assets/apartment/apartment_fridge_Normal.png using Guid(46c8f3fb489b02f4b8a8df92ee224b29) Importer(2089858483,192608db42251d675da83286b1cce702) (ScriptedImporter) -> (artifact id: '1548980e983d7d3574e71bafe91030e9') in 0.0602005 seconds
Number of updated asset objects reloaded before import = 0Number of asset objects unloaded after import = 1

========================================================================
Received Import Request.
  Time since last request: 0.000041 seconds.
  path: Assets/Super Retro Compact Pack/Textures/CompactCar_Texture_Muscle_Blue.png
  artifactKey: Guid(07f6f0e548044a24393c0229ece091de) Importer(2089858483,192608db42251d675da83286b1cce702)
Start importing Assets/Super Retro Compact Pack/Textures/CompactCar_Texture_Muscle_Blue.png using Guid(07f6f0e548044a24393c0229ece091de) Importer(2089858483,192608db42251d675da83286b1cce702) (ScriptedImporter) -> (artifact id: 'acec230bad263cec818a14da8ed921a9') in 0.0371952 seconds
Number of updated asset objects reloaded before import = 0Number of asset objects unloaded after import = 1

========================================================================
Received Prepare
Begin MonoManager ReloadAssembly
[Licensing::Client] Successfully resolved entitlement details
- Loaded All Assemblies, in  2.673 seconds
Refreshing native plugins compatible for Editor in 4.40 ms, found 3 plugins.
Native extension for WindowsStandalone target not found
[Package Manager] Failed to launch server process. Reason: Unity was launched with the -noUpm command-line argument
[Package Manager] Unable to send message (not connected to server process).
[Package Manager] Cannot connect to Unity Package Manager local server
Mono: successfully reloaded assembly
- Finished resetting the current domain, in  2.058 seconds
Domain Reload Profiling: 4729ms
	BeginReloadAssembly (965ms)
		ExecutionOrderSort (0ms)
		DisableScriptedObjects (36ms)
		BackupInstance (0ms)
		ReleaseScriptingObjects (1ms)
		CreateAndSetChildDomain (361ms)
	RebuildCommonClasses (82ms)
	RebuildNativeTypeToScriptingClass (29ms)
	initialDomainReloadingComplete (87ms)
	LoadAllAssembliesAndSetupDomain (1506ms)
		LoadAssemblies (1420ms)
		RebuildTransferFunctionScriptingTraits (0ms)
		AnalyzeDomain (474ms)
			TypeCache.Refresh (26ms)
				TypeCache.ScanAssembly (2ms)
			BuildScriptInfoCaches (408ms)
			ResolveRequiredComponents (16ms)
	FinalizeReload (2059ms)
		ReleaseScriptCaches (0ms)
		RebuildScriptCaches (0ms)
		SetupLoadedEditorAssemblies (1728ms)
			LogAssemblyErrors (0ms)
			InitializePlatformSupportModulesInManaged (6ms)
			SetLoadedEditorAssemblies (13ms)
			BeforeProcessingInitializeOnLoad (383ms)
			ProcessInitializeOnLoadAttributes (1264ms)
			ProcessInitializeOnLoadMethodAttributes (52ms)
			AfterProcessingInitializeOnLoad (9ms)
			EditorAssembliesLoaded (1ms)
		ExecutionOrderSort2 (0ms)
		AwakeInstancesAfterBackupRestoration (9ms)
Refreshing native plugins compatible for Editor in 1.71 ms, found 3 plugins.
Preloading 0 native plugins for Editor in 0.00 ms.
Unloading 12 Unused Serialized files (Serialized files now loaded: 0)
Unloading 4080 unused Assets / (2.6 MB). Loaded Objects now: 4638.
Memory consumption went from 99.6 MB to 97.0 MB.
Total: 9.454400 ms (FindLiveObjects: 0.758800 ms CreateObjectMapping: 0.309700 ms MarkObjects: 6.295600 ms  DeleteObjects: 2.087700 ms)

Prepare: number of updated asset objects reloaded= 0
Editor requested this worker to shutdown with reason: Scaling down because of idle timeout
AssetImportWorker is now disconnected from the server
Process exiting
Exiting without the bug reporter. Application will terminate with return code 0