[Licensing::Module] Trying to connect to existing licensing client channel...
Built from '6000.2/respin/6000.2.7f1-2eb0c79396db' branch; Version is '6000.2.7f2 (2b518236b676) revision 2838914'; Using compiler version '194234433'; Build Type 'Release'
[Licensing::IpcConnector] Successfully connected to: "LicenseClient-monem" at "2026-03-18T18:08:05.1254545Z"
OS: 'Windows 11  (10.0.26200) 64bit Core' Language: 'en' Physical Memory: 16095 MB
BatchMode: 1, IsHumanControllingUs: 0, StartBugReporterOnCrash: 0, Is64bit: 1
Date: 2026-03-18T18:08:05Z

COMMAND LINE ARGUMENTS:
C:\Program Files\Unity\Hub\Editor\6000.2.7f2\Editor\Unity.exe
-adb2
-batchMode
-noUpm
-name
AssetImportWorker2
-projectPath
C:/Users/monem/OneDrive/Documents/Hellevator/Test
-logFile
Logs/AssetImportWorker2.log
-srvPort
57504
-licensingIpc
LicenseClient-monem
-job-worker-count
5
-background-job-worker-count
8
-gc-helper-count
1
-name
AssetImport
Successfully changed project path to: C:/Users/monem/OneDrive/Documents/Hellevator/Test
C:/Users/monem/OneDrive/Documents/Hellevator/Test
[UnityMemory] Configuration Parameters - Can be set up in boot.config
    "memorysetup-allocator-temp-initial-block-size-main=262144"
    "memorysetup-allocator-temp-initial-block-size-worker=262144"
    "memorysetup-bucket-allocator-granularity=16"
    "memorysetup-bucket-allocator-bucket-count=8"
    "memorysetup-bucket-allocator-block-size=33554432"
    "memorysetup-bucket-allocator-block-count=8"
    "memorysetup-main-allocator-block-size=16777216"
    "memorysetup-thread-allocator-block-size=16777216"
    "memorysetup-gfx-main-allocator-block-size=16777216"
    "memorysetup-gfx-thread-allocator-block-size=16777216"
    "memorysetup-cache-allocator-block-size=4194304"
    "memorysetup-typetree-allocator-block-size=2097152"
    "memorysetup-profiler-bucket-allocator-granularity=16"
    "memorysetup-profiler-bucket-allocator-bucket-count=8"
    "memorysetup-profiler-bucket-allocator-block-size=33554432"
    "memorysetup-profiler-bucket-allocator-block-count=8"
    "memorysetup-profiler-allocator-block-size=16777216"
    "memorysetup-profiler-editor-allocator-block-size=1048576"
    "memorysetup-temp-allocator-size-main=16777216"
    "memorysetup-job-temp-allocator-block-size=2097152"
    "memorysetup-job-temp-allocator-block-size-background=1048576"
    "memorysetup-job-temp-allocator-reduction-small-platforms=262144"
    "memorysetup-temp-allocator-size-background-worker=32768"
    "memorysetup-temp-allocator-size-job-worker=262144"
    "memorysetup-temp-allocator-size-preload-manager=33554432"
    "memorysetup-temp-allocator-size-nav-mesh-worker=65536"
    "memorysetup-temp-allocator-size-audio-worker=65536"
    "memorysetup-temp-allocator-size-cloud-worker=32768"
    "memorysetup-temp-allocator-size-gi-baking-worker=262144"
    "memorysetup-temp-allocator-size-gi-baking-worker=262144"
    "memorysetup-temp-allocator-size-gi-baking-worker=262144"
    "memorysetup-temp-allocator-size-gi-baking-worker=262144"
    "memorysetup-temp-allocator-size-gi-baking-worker=262144"
    "memorysetup-temp-allocator-size-gfx=262144"
Player connection [36848]  Target information:

Player connection [36848]  * "[IP] 10.246.115.211 [Port] 0 [Flags] 2 [Guid] 3324463899 [EditorId] 3324463899 [Version] 1048832 [Id] WindowsEditor(7,Mari) [Debug] 1 [PackageName] WindowsEditor [ProjectName] Editor" 

Player connection [36848] Host joined multi-casting on [225.0.0.222:54997]...
Player connection [36848] Host joined alternative multi-casting on [225.0.0.222:34997]...
JobSystem: Creating JobQueue using job-worker-count value 5
Input System module state changed to: Initialized.
[Physics::Module] Initialized fallback backend.
[Physics::Module] Id: 0xdecafbad
[Licensing::Client] Code 10 while verifying Licensing Client signature (process Id: 40516, path: "C:/Program Files/Unity Hub/UnityLicensingClient_V1/Unity.Licensing.Client.exe")
[Licensing::Module] LicensingClient has failed validation; ignoring
[Licensing::Client] Handshaking with LicensingClient:
  Version:                 1.17.3+a4e98f1
  Session Id:              1b0382e177c640469915628dc6668df2
  Correlation Id:          b903c5826049b10482d8ff6cb412063a
  External correlation Id: 3534530548999330208
  Machine Id:              OASaQYjp0d04xwOYOMSR1gb4iig=
[Licensing::Module] Successfully connected to LicensingClient on channel: "LicenseClient-monem" (connect: 0.00s, validation: 0.00s, handshake: 0.08s)
[Licensing::IpcConnector] Successfully connected to: "LicenseClient-monem-notifications" at "2026-03-18T18:08:05.2070466Z"
[Licensing::Module] Licensing Background thread has ended after 0.08s
Library Redirect Path: Library/
Default GameObject BitMask: UI already registered
[Physics::Module] Selected backend.
[Physics::Module] Name: PhysX
[Physics::Module] Id: 0xf2b8ea05
[Physics::Module] SDK Version: 4.1.2
[Physics::Module] Integration Version: 1.0.0
[Physics::Module] Threading Mode: Multi-Threaded
Refreshing native plugins compatible for Editor in 4.98 ms, found 3 plugins.
Preloading 0 native plugins for Editor in 0.00 ms.
Initialize engine version: 6000.2.7f2 (2b518236b676)
[Subsystems] Discovering subsystems at path C:/Program Files/Unity/Hub/Editor/6000.2.7f2/Editor/Data/Resources/UnitySubsystems
[Subsystems] Discovering subsystems at path C:/Users/monem/OneDrive/Documents/Hellevator/Test/Assets
GfxDevice: creating device client; kGfxThreadingModeNonThreaded
Direct3D:
    Version:  Direct3D 11.0 [level 11.1]
    Renderer: Intel(R) Iris(R) Xe Graphics (ID=0x46a8)
    Vendor:   Intel
    VRAM:     8047 MB
    Driver:   31.0.101.4255
Initialize mono
Mono path[0] = 'C:/Program Files/Unity/Hub/Editor/6000.2.7f2/Editor/Data/Managed'
Mono path[1] = 'C:/Program Files/Unity/Hub/Editor/6000.2.7f2/Editor/Data/MonoBleedingEdge/lib/mono/unityjit-win32'
Mono config path = 'C:/Program Files/Unity/Hub/Editor/6000.2.7f2/Editor/Data/MonoBleedingEdge/etc'
Using monoOptions --debugger-agent=transport=dt_socket,embedding=1,server=y,suspend=n,address=127.0.0.1:56268
Begin MonoManager ReloadAssembly
Registering precompiled unity dll's ...
Register platform support module: C:/Program Files/Unity/Hub/Editor/6000.2.7f2/Editor/Data/PlaybackEngines/WindowsStandaloneSupport/UnityEditor.WindowsStandalone.Extensions.dll
Registered in 0.002084 seconds.
- Loaded All Assemblies, in  0.594 seconds
Native extension for WindowsStandalone target not found
Mono: successfully reloaded assembly
- Finished resetting the current domain, in  0.441 seconds
Domain Reload Profiling: 1033ms
	BeginReloadAssembly (291ms)
		ExecutionOrderSort (0ms)
		DisableScriptedObjects (0ms)
		BackupInstance (0ms)
		ReleaseScriptingObjects (0ms)
		CreateAndSetChildDomain (1ms)
	RebuildCommonClasses (41ms)
	RebuildNativeTypeToScriptingClass (11ms)
	initialDomainReloadingComplete (59ms)
	LoadAllAssembliesAndSetupDomain (189ms)
		LoadAssemblies (288ms)
		RebuildTransferFunctionScriptingTraits (0ms)
		AnalyzeDomain (185ms)
			TypeCache.Refresh (183ms)
				TypeCache.ScanAssembly (168ms)
			BuildScriptInfoCaches (0ms)
			ResolveRequiredComponents (1ms)
	FinalizeReload (442ms)
		ReleaseScriptCaches (0ms)
		RebuildScriptCaches (0ms)
		SetupLoadedEditorAssemblies (393ms)
			LogAssemblyErrors (0ms)
			InitializePlatformSupportModulesInManaged (69ms)
			SetLoadedEditorAssemblies (5ms)
			BeforeProcessingInitializeOnLoad (87ms)
			ProcessInitializeOnLoadAttributes (166ms)
			ProcessInitializeOnLoadMethodAttributes (66ms)
			AfterProcessingInitializeOnLoad (0ms)
			EditorAssembliesLoaded (0ms)
		ExecutionOrderSort2 (0ms)
		AwakeInstancesAfterBackupRestoration (0ms)
========================================================================
Worker process is ready to serve import requests
Import Worker Mode flag is 0x00
Begin MonoManager ReloadAssembly
[Licensing::Client] Successfully resolved entitlement details
[Licensing::Module] License group:
  Id: 2475360401423-UnityPersXXXX
  Product: Unity Personal
  Type: Assigned
  Expiration: Unlimited
- Loaded All Assemblies, in  0.814 seconds
Refreshing native plugins compatible for Editor in 1.39 ms, found 3 plugins.
Native extension for WindowsStandalone target not found
Package Manager log level set to [2]
[Package Manager] Failed to launch server process. Reason: Unity was launched with the -noUpm command-line argument
[Package Manager] Unable to send message (not connected to server process).
[Package Manager] Cannot connect to Unity Package Manager local server
Mono: successfully reloaded assembly
- Finished resetting the current domain, in  1.033 seconds
Domain Reload Profiling: 1844ms
	BeginReloadAssembly (240ms)
		ExecutionOrderSort (0ms)
		DisableScriptedObjects (12ms)
		BackupInstance (0ms)
		ReleaseScriptingObjects (0ms)
		CreateAndSetChildDomain (37ms)
	RebuildCommonClasses (41ms)
	RebuildNativeTypeToScriptingClass (13ms)
	initialDomainReloadingComplete (44ms)
	LoadAllAssembliesAndSetupDomain (473ms)
		LoadAssemblies (378ms)
		RebuildTransferFunctionScriptingTraits (0ms)
		AnalyzeDomain (226ms)
			TypeCache.Refresh (176ms)
				TypeCache.ScanAssembly (163ms)
			BuildScriptInfoCaches (40ms)
			ResolveRequiredComponents (5ms)
	FinalizeReload (1034ms)
		ReleaseScriptCaches (0ms)
		RebuildScriptCaches (0ms)
		SetupLoadedEditorAssemblies (883ms)
			LogAssemblyErrors (0ms)
			InitializePlatformSupportModulesInManaged (2ms)
			SetLoadedEditorAssemblies (4ms)
			BeforeProcessingInitializeOnLoad (162ms)
			ProcessInitializeOnLoadAttributes (680ms)
			ProcessInitializeOnLoadMethodAttributes (29ms)
			AfterProcessingInitializeOnLoad (5ms)
			EditorAssembliesLoaded (0ms)
		ExecutionOrderSort2 (0ms)
		AwakeInstancesAfterBackupRestoration (6ms)
Default GameObject BitMask: UI already registered
Launched and connected shader compiler UnityShaderCompiler.exe after 0.02 seconds
Refreshing native plugins compatible for Editor in 1.32 ms, found 3 plugins.
Preloading 0 native plugins for Editor in 0.00 ms.
Unloading 12 Unused Serialized files (Serialized files now loaded: 0)
Unloading 4084 unused Assets / (2.9 MB). Loaded Objects now: 4629.
Memory consumption went from 94.5 MB to 91.6 MB.
Total: 7.601000 ms (FindLiveObjects: 0.465300 ms CreateObjectMapping: 0.388400 ms MarkObjects: 5.058600 ms  DeleteObjects: 1.687500 ms)

========================================================================
Received Prepare
Default GameObject BitMask: UI already registered
Begin MonoManager ReloadAssembly
[Licensing::Client] Successfully resolved entitlement details
- Loaded All Assemblies, in  1.091 seconds
Refreshing native plugins compatible for Editor in 3.71 ms, found 3 plugins.
Native extension for WindowsStandalone target not found
[Package Manager] Failed to launch server process. Reason: Unity was launched with the -noUpm command-line argument
[Package Manager] Unable to send message (not connected to server process).
[Package Manager] Cannot connect to Unity Package Manager local server
Mono: successfully reloaded assembly
- Finished resetting the current domain, in  1.227 seconds
Domain Reload Profiling: 2315ms
	BeginReloadAssembly (366ms)
		ExecutionOrderSort (0ms)
		DisableScriptedObjects (16ms)
		BackupInstance (0ms)
		ReleaseScriptingObjects (0ms)
		CreateAndSetChildDomain (76ms)
	RebuildCommonClasses (58ms)
	RebuildNativeTypeToScriptingClass (20ms)
	initialDomainReloadingComplete (53ms)
	LoadAllAssembliesAndSetupDomain (590ms)
		LoadAssemblies (505ms)
		RebuildTransferFunctionScriptingTraits (0ms)
		AnalyzeDomain (253ms)
			TypeCache.Refresh (10ms)
				TypeCache.ScanAssembly (0ms)
			BuildScriptInfoCaches (230ms)
			ResolveRequiredComponents (7ms)
	FinalizeReload (1228ms)
		ReleaseScriptCaches (0ms)
		RebuildScriptCaches (0ms)
		SetupLoadedEditorAssemblies (1036ms)
			LogAssemblyErrors (0ms)
			InitializePlatformSupportModulesInManaged (2ms)
			SetLoadedEditorAssemblies (4ms)
			BeforeProcessingInitializeOnLoad (199ms)
			ProcessInitializeOnLoadAttributes (794ms)
			ProcessInitializeOnLoadMethodAttributes (29ms)
			AfterProcessingInitializeOnLoad (8ms)
			EditorAssembliesLoaded (0ms)
		ExecutionOrderSort2 (0ms)
		AwakeInstancesAfterBackupRestoration (7ms)
Refreshing native plugins compatible for Editor in 2.83 ms, found 3 plugins.
Preloading 0 native plugins for Editor in 0.00 ms.
Unloading 12 Unused Serialized files (Serialized files now loaded: 0)
Unloading 4082 unused Assets / (2.5 MB). Loaded Objects now: 4631.
Memory consumption went from 94.5 MB to 92.1 MB.
Total: 6.864200 ms (FindLiveObjects: 0.365200 ms CreateObjectMapping: 0.296400 ms MarkObjects: 4.847900 ms  DeleteObjects: 1.353400 ms)

Prepare: number of updated asset objects reloaded= 0
========================================================================
Received Prepare
Default GameObject BitMask: UI already registered
Begin MonoManager ReloadAssembly
- Loaded All Assemblies, in  1.057 seconds
Refreshing native plugins compatible for Editor in 1.14 ms, found 3 plugins.
Native extension for WindowsStandalone target not found
[Package Manager] Failed to launch server process. Reason: Unity was launched with the -noUpm command-line argument
[Package Manager] Unable to send message (not connected to server process).
[Package Manager] Cannot connect to Unity Package Manager local server
Mono: successfully reloaded assembly
- Finished resetting the current domain, in  1.222 seconds
Domain Reload Profiling: 2266ms
	BeginReloadAssembly (280ms)
		ExecutionOrderSort (0ms)
		DisableScriptedObjects (8ms)
		BackupInstance (0ms)
		ReleaseScriptingObjects (0ms)
		CreateAndSetChildDomain (62ms)
	RebuildCommonClasses (59ms)
	RebuildNativeTypeToScriptingClass (21ms)
	initialDomainReloadingComplete (57ms)
	LoadAllAssembliesAndSetupDomain (625ms)
		LoadAssemblies (498ms)
		RebuildTransferFunctionScriptingTraits (0ms)
		AnalyzeDomain (265ms)
			TypeCache.Refresh (8ms)
				TypeCache.ScanAssembly (0ms)
			BuildScriptInfoCaches (240ms)
			ResolveRequiredComponents (10ms)
	FinalizeReload (1223ms)
		ReleaseScriptCaches (0ms)
		RebuildScriptCaches (0ms)
		SetupLoadedEditorAssemblies (1052ms)
			LogAssemblyErrors (0ms)
			InitializePlatformSupportModulesInManaged (2ms)
			SetLoadedEditorAssemblies (4ms)
			BeforeProcessingInitializeOnLoad (188ms)
			ProcessInitializeOnLoadAttributes (812ms)
			ProcessInitializeOnLoadMethodAttributes (36ms)
			AfterProcessingInitializeOnLoad (9ms)
			EditorAssembliesLoaded (0ms)
		ExecutionOrderSort2 (0ms)
		AwakeInstancesAfterBackupRestoration (13ms)
Refreshing native plugins compatible for Editor in 1.28 ms, found 3 plugins.
Preloading 0 native plugins for Editor in 0.00 ms.
Unloading 12 Unused Serialized files (Serialized files now loaded: 0)
Unloading 4082 unused Assets / (3.0 MB). Loaded Objects now: 4632.
Memory consumption went from 94.5 MB to 91.6 MB.
Total: 6.624100 ms (FindLiveObjects: 0.378300 ms CreateObjectMapping: 0.271300 ms MarkObjects: 4.473000 ms  DeleteObjects: 1.500300 ms)

Prepare: number of updated asset objects reloaded= 0
========================================================================
Received Prepare
Default GameObject BitMask: UI already registered
Begin MonoManager ReloadAssembly
[Licensing::Client] Successfully resolved entitlement details
- Loaded All Assemblies, in  1.025 seconds
Refreshing native plugins compatible for Editor in 1.33 ms, found 3 plugins.
Native extension for WindowsStandalone target not found
[Package Manager] Failed to launch server process. Reason: Unity was launched with the -noUpm command-line argument
[Package Manager] Unable to send message (not connected to server process).
[Package Manager] Cannot connect to Unity Package Manager local server
Mono: successfully reloaded assembly
- Finished resetting the current domain, in  1.267 seconds
Domain Reload Profiling: 2289ms
	BeginReloadAssembly (283ms)
		ExecutionOrderSort (0ms)
		DisableScriptedObjects (11ms)
		BackupInstance (0ms)
		ReleaseScriptingObjects (0ms)
		CreateAndSetChildDomain (61ms)
	RebuildCommonClasses (52ms)
	RebuildNativeTypeToScriptingClass (25ms)
	initialDomainReloadingComplete (42ms)
	LoadAllAssembliesAndSetupDomain (620ms)
		LoadAssemblies (490ms)
		RebuildTransferFunctionScriptingTraits (0ms)
		AnalyzeDomain (266ms)
			TypeCache.Refresh (11ms)
				TypeCache.ScanAssembly (0ms)
			BuildScriptInfoCaches (237ms)
			ResolveRequiredComponents (9ms)
	FinalizeReload (1268ms)
		ReleaseScriptCaches (0ms)
		RebuildScriptCaches (0ms)
		SetupLoadedEditorAssemblies (1083ms)
			LogAssemblyErrors (0ms)
			InitializePlatformSupportModulesInManaged (2ms)
			SetLoadedEditorAssemblies (5ms)
			BeforeProcessingInitializeOnLoad (210ms)
			ProcessInitializeOnLoadAttributes (812ms)
			ProcessInitializeOnLoadMethodAttributes (44ms)
			AfterProcessingInitializeOnLoad (8ms)
			EditorAssembliesLoaded (0ms)
		ExecutionOrderSort2 (0ms)
		AwakeInstancesAfterBackupRestoration (10ms)
Refreshing native plugins compatible for Editor in 1.59 ms, found 3 plugins.
Preloading 0 native plugins for Editor in 0.00 ms.
Unloading 12 Unused Serialized files (Serialized files now loaded: 0)
Unloading 4082 unused Assets / (2.8 MB). Loaded Objects now: 4633.
Memory consumption went from 94.5 MB to 91.7 MB.
Total: 10.909500 ms (FindLiveObjects: 0.383600 ms CreateObjectMapping: 0.297400 ms MarkObjects: 8.091600 ms  DeleteObjects: 2.135000 ms)

Prepare: number of updated asset objects reloaded= 0
========================================================================
Received Prepare
Default GameObject BitMask: UI already registered
Refreshing native plugins compatible for Editor in 2.67 ms, found 3 plugins.
Preloading 0 native plugins for Editor in 0.00 ms.
Unloading 12 Unused Serialized files (Serialized files now loaded: 0)
Unloading 4075 unused Assets / (3.0 MB). Loaded Objects now: 4633.
Memory consumption went from 94.7 MB to 91.8 MB.
Total: 14.046100 ms (FindLiveObjects: 0.801700 ms CreateObjectMapping: 0.678600 ms MarkObjects: 9.916200 ms  DeleteObjects: 2.647200 ms)

Prepare: number of updated asset objects reloaded= 0
========================================================================
Received Prepare
Default GameObject BitMask: UI already registered
Refreshing native plugins compatible for Editor in 1.45 ms, found 3 plugins.
Preloading 0 native plugins for Editor in 0.00 ms.
Unloading 12 Unused Serialized files (Serialized files now loaded: 0)
Unloading 4075 unused Assets / (2.6 MB). Loaded Objects now: 4633.
Memory consumption went from 94.7 MB to 92.2 MB.
Total: 7.945100 ms (FindLiveObjects: 0.586900 ms CreateObjectMapping: 0.405000 ms MarkObjects: 5.831200 ms  DeleteObjects: 1.120200 ms)

Prepare: number of updated asset objects reloaded= 0
========================================================================
Received Prepare
Default GameObject BitMask: UI already registered
Begin MonoManager ReloadAssembly
[Licensing::Client] Successfully resolved entitlement details
- Loaded All Assemblies, in  1.052 seconds
Refreshing native plugins compatible for Editor in 4.28 ms, found 3 plugins.
Native extension for WindowsStandalone target not found
[Package Manager] Failed to launch server process. Reason: Unity was launched with the -noUpm command-line argument
[Package Manager] Unable to send message (not connected to server process).
[Package Manager] Cannot connect to Unity Package Manager local server
Mono: successfully reloaded assembly
- Finished resetting the current domain, in  1.245 seconds
Domain Reload Profiling: 2296ms
	BeginReloadAssembly (354ms)
		ExecutionOrderSort (0ms)
		DisableScriptedObjects (11ms)
		BackupInstance (0ms)
		ReleaseScriptingObjects (0ms)
		CreateAndSetChildDomain (67ms)
	RebuildCommonClasses (60ms)
	RebuildNativeTypeToScriptingClass (24ms)
	initialDomainReloadingComplete (39ms)
	LoadAllAssembliesAndSetupDomain (573ms)
		LoadAssemblies (528ms)
		RebuildTransferFunctionScriptingTraits (0ms)
		AnalyzeDomain (233ms)
			TypeCache.Refresh (17ms)
				TypeCache.ScanAssembly (2ms)
			BuildScriptInfoCaches (204ms)
			ResolveRequiredComponents (6ms)
	FinalizeReload (1246ms)
		ReleaseScriptCaches (0ms)
		RebuildScriptCaches (0ms)
		SetupLoadedEditorAssemblies (1054ms)
			LogAssemblyErrors (0ms)
			InitializePlatformSupportModulesInManaged (4ms)
			SetLoadedEditorAssemblies (7ms)
			BeforeProcessingInitializeOnLoad (192ms)
			ProcessInitializeOnLoadAttributes (794ms)
			ProcessInitializeOnLoadMethodAttributes (51ms)
			AfterProcessingInitializeOnLoad (6ms)
			EditorAssembliesLoaded (0ms)
		ExecutionOrderSort2 (0ms)
		AwakeInstancesAfterBackupRestoration (7ms)
Refreshing native plugins compatible for Editor in 1.18 ms, found 3 plugins.
Preloading 0 native plugins for Editor in 0.00 ms.
Unloading 12 Unused Serialized files (Serialized files now loaded: 0)
Unloading 4082 unused Assets / (2.5 MB). Loaded Objects now: 4634.
Memory consumption went from 94.5 MB to 92.1 MB.
Total: 7.254000 ms (FindLiveObjects: 0.415000 ms CreateObjectMapping: 0.294600 ms MarkObjects: 5.310700 ms  DeleteObjects: 1.232100 ms)

Prepare: number of updated asset objects reloaded= 0
========================================================================
Received Prepare
Default GameObject BitMask: UI already registered
Begin MonoManager ReloadAssembly
[Licensing::Client] Successfully resolved entitlement details
- Loaded All Assemblies, in  1.040 seconds
Refreshing native plugins compatible for Editor in 1.96 ms, found 3 plugins.
Native extension for WindowsStandalone target not found
[Package Manager] Failed to launch server process. Reason: Unity was launched with the -noUpm command-line argument
[Package Manager] Unable to send message (not connected to server process).
[Package Manager] Cannot connect to Unity Package Manager local server
Mono: successfully reloaded assembly
- Finished resetting the current domain, in  1.228 seconds
Domain Reload Profiling: 2267ms
	BeginReloadAssembly (304ms)
		ExecutionOrderSort (0ms)
		DisableScriptedObjects (13ms)
		BackupInstance (0ms)
		ReleaseScriptingObjects (0ms)
		CreateAndSetChildDomain (60ms)
	RebuildCommonClasses (58ms)
	RebuildNativeTypeToScriptingClass (17ms)
	initialDomainReloadingComplete (38ms)
	LoadAllAssembliesAndSetupDomain (621ms)
		LoadAssemblies (491ms)
		RebuildTransferFunctionScriptingTraits (0ms)
		AnalyzeDomain (266ms)
			TypeCache.Refresh (11ms)
				TypeCache.ScanAssembly (0ms)
			BuildScriptInfoCaches (238ms)
			ResolveRequiredComponents (10ms)
	FinalizeReload (1229ms)
		ReleaseScriptCaches (0ms)
		RebuildScriptCaches (0ms)
		SetupLoadedEditorAssemblies (1052ms)
			LogAssemblyErrors (0ms)
			InitializePlatformSupportModulesInManaged (3ms)
			SetLoadedEditorAssemblies (4ms)
			BeforeProcessingInitializeOnLoad (218ms)
			ProcessInitializeOnLoadAttributes (778ms)
			ProcessInitializeOnLoadMethodAttributes (44ms)
			AfterProcessingInitializeOnLoad (5ms)
			EditorAssembliesLoaded (0ms)
		ExecutionOrderSort2 (0ms)
		AwakeInstancesAfterBackupRestoration (8ms)
Refreshing native plugins compatible for Editor in 1.41 ms, found 3 plugins.
Preloading 0 native plugins for Editor in 0.00 ms.
Unloading 12 Unused Serialized files (Serialized files now loaded: 0)
Unloading 4082 unused Assets / (3.0 MB). Loaded Objects now: 4635.
Memory consumption went from 94.6 MB to 91.6 MB.
Total: 10.740900 ms (FindLiveObjects: 0.675600 ms CreateObjectMapping: 0.482000 ms MarkObjects: 7.464400 ms  DeleteObjects: 2.117100 ms)

Prepare: number of updated asset objects reloaded= 0
========================================================================
Received Prepare
Default GameObject BitMask: UI already registered
Begin MonoManager ReloadAssembly
- Loaded All Assemblies, in  1.133 seconds
Refreshing native plugins compatible for Editor in 1.54 ms, found 3 plugins.
Native extension for WindowsStandalone target not found
[Package Manager] Failed to launch server process. Reason: Unity was launched with the -noUpm command-line argument
[Package Manager] Unable to send message (not connected to server process).
[Package Manager] Cannot connect to Unity Package Manager local server
Mono: successfully reloaded assembly
- Finished resetting the current domain, in  1.261 seconds
Domain Reload Profiling: 2384ms
	BeginReloadAssembly (302ms)
		ExecutionOrderSort (0ms)
		DisableScriptedObjects (13ms)
		BackupInstance (0ms)
		ReleaseScriptingObjects (0ms)
		CreateAndSetChildDomain (57ms)
	RebuildCommonClasses (66ms)
	RebuildNativeTypeToScriptingClass (22ms)
	initialDomainReloadingComplete (49ms)
	LoadAllAssembliesAndSetupDomain (684ms)
		LoadAssemblies (546ms)
		RebuildTransferFunctionScriptingTraits (0ms)
		AnalyzeDomain (308ms)
			TypeCache.Refresh (8ms)
				TypeCache.ScanAssembly (0ms)
			BuildScriptInfoCaches (284ms)
			ResolveRequiredComponents (8ms)
	FinalizeReload (1262ms)
		ReleaseScriptCaches (0ms)
		RebuildScriptCaches (0ms)
		SetupLoadedEditorAssemblies (1075ms)
			LogAssemblyErrors (0ms)
			InitializePlatformSupportModulesInManaged (3ms)
			SetLoadedEditorAssemblies (4ms)
			BeforeProcessingInitializeOnLoad (217ms)
			ProcessInitializeOnLoadAttributes (804ms)
			ProcessInitializeOnLoadMethodAttributes (40ms)
			AfterProcessingInitializeOnLoad (6ms)
			EditorAssembliesLoaded (0ms)
		ExecutionOrderSort2 (0ms)
		AwakeInstancesAfterBackupRestoration (11ms)
Refreshing native plugins compatible for Editor in 1.13 ms, found 3 plugins.
Preloading 0 native plugins for Editor in 0.00 ms.
Unloading 12 Unused Serialized files (Serialized files now loaded: 0)
Unloading 4082 unused Assets / (3.1 MB). Loaded Objects now: 4636.
Memory consumption went from 94.6 MB to 91.4 MB.
Total: 7.260500 ms (FindLiveObjects: 0.337300 ms CreateObjectMapping: 0.266800 ms MarkObjects: 4.668100 ms  DeleteObjects: 1.986800 ms)

Prepare: number of updated asset objects reloaded= 0
========================================================================
Received Prepare
Default GameObject BitMask: UI already registered
Begin MonoManager ReloadAssembly
[Licensing::Client] Successfully resolved entitlement details
- Loaded All Assemblies, in  1.095 seconds
Refreshing native plugins compatible for Editor in 1.66 ms, found 3 plugins.
Native extension for WindowsStandalone target not found
[Package Manager] Failed to launch server process. Reason: Unity was launched with the -noUpm command-line argument
[Package Manager] Unable to send message (not connected to server process).
[Package Manager] Cannot connect to Unity Package Manager local server
Mono: successfully reloaded assembly
- Finished resetting the current domain, in  1.202 seconds
Domain Reload Profiling: 2292ms
	BeginReloadAssembly (309ms)
		ExecutionOrderSort (0ms)
		DisableScriptedObjects (7ms)
		BackupInstance (0ms)
		ReleaseScriptingObjects (0ms)
		CreateAndSetChildDomain (62ms)
	RebuildCommonClasses (58ms)
	RebuildNativeTypeToScriptingClass (20ms)
	initialDomainReloadingComplete (35ms)
	LoadAllAssembliesAndSetupDomain (666ms)
		LoadAssemblies (519ms)
		RebuildTransferFunctionScriptingTraits (0ms)
		AnalyzeDomain (301ms)
			TypeCache.Refresh (10ms)
				TypeCache.ScanAssembly (0ms)
			BuildScriptInfoCaches (267ms)
			ResolveRequiredComponents (15ms)
	FinalizeReload (1203ms)
		ReleaseScriptCaches (0ms)
		RebuildScriptCaches (0ms)
		SetupLoadedEditorAssemblies (1031ms)
			LogAssemblyErrors (0ms)
			InitializePlatformSupportModulesInManaged (2ms)
			SetLoadedEditorAssemblies (6ms)
			BeforeProcessingInitializeOnLoad (177ms)
			ProcessInitializeOnLoadAttributes (787ms)
			ProcessInitializeOnLoadMethodAttributes (47ms)
			AfterProcessingInitializeOnLoad (10ms)
			EditorAssembliesLoaded (1ms)
		ExecutionOrderSort2 (0ms)
		AwakeInstancesAfterBackupRestoration (10ms)
Refreshing native plugins compatible for Editor in 1.24 ms, found 3 plugins.
Preloading 0 native plugins for Editor in 0.00 ms.
Unloading 12 Unused Serialized files (Serialized files now loaded: 0)
Unloading 4082 unused Assets / (2.7 MB). Loaded Objects now: 4637.
Memory consumption went from 94.6 MB to 91.8 MB.
Total: 7.681300 ms (FindLiveObjects: 0.379100 ms CreateObjectMapping: 0.279100 ms MarkObjects: 5.351300 ms  DeleteObjects: 1.670200 ms)

Prepare: number of updated asset objects reloaded= 0
========================================================================
Received Prepare
Default GameObject BitMask: UI already registered
Begin MonoManager ReloadAssembly
[Licensing::Client] Successfully resolved entitlement details
- Loaded All Assemblies, in  1.138 seconds
Refreshing native plugins compatible for Editor in 2.54 ms, found 3 plugins.
Native extension for WindowsStandalone target not found
[Package Manager] Failed to launch server process. Reason: Unity was launched with the -noUpm command-line argument
[Package Manager] Unable to send message (not connected to server process).
[Package Manager] Cannot connect to Unity Package Manager local server
Mono: successfully reloaded assembly
- Finished resetting the current domain, in  1.245 seconds
Domain Reload Profiling: 2379ms
	BeginReloadAssembly (327ms)
		ExecutionOrderSort (0ms)
		DisableScriptedObjects (8ms)
		BackupInstance (0ms)
		ReleaseScriptingObjects (0ms)
		CreateAndSetChildDomain (63ms)
	RebuildCommonClasses (51ms)
	RebuildNativeTypeToScriptingClass (21ms)
	initialDomainReloadingComplete (47ms)
	LoadAllAssembliesAndSetupDomain (687ms)
		LoadAssemblies (520ms)
		RebuildTransferFunctionScriptingTraits (0ms)
		AnalyzeDomain (316ms)
			TypeCache.Refresh (15ms)
				TypeCache.ScanAssembly (1ms)
			BuildScriptInfoCaches (286ms)
			ResolveRequiredComponents (9ms)
	FinalizeReload (1246ms)
		ReleaseScriptCaches (0ms)
		RebuildScriptCaches (0ms)
		SetupLoadedEditorAssemblies (1069ms)
			LogAssemblyErrors (0ms)
			InitializePlatformSupportModulesInManaged (3ms)
			SetLoadedEditorAssemblies (5ms)
			BeforeProcessingInitializeOnLoad (216ms)
			ProcessInitializeOnLoadAttributes (804ms)
			ProcessInitializeOnLoadMethodAttributes (36ms)
			AfterProcessingInitializeOnLoad (6ms)
			EditorAssembliesLoaded (0ms)
		ExecutionOrderSort2 (0ms)
		AwakeInstancesAfterBackupRestoration (8ms)
Refreshing native plugins compatible for Editor in 3.06 ms, found 3 plugins.
Preloading 0 native plugins for Editor in 0.00 ms.
Unloading 12 Unused Serialized files (Serialized files now loaded: 0)
Unloading 4082 unused Assets / (2.5 MB). Loaded Objects now: 4638.
Memory consumption went from 94.6 MB to 92.1 MB.
Total: 7.783100 ms (FindLiveObjects: 0.730700 ms CreateObjectMapping: 0.636700 ms MarkObjects: 5.057600 ms  DeleteObjects: 1.356100 ms)

Prepare: number of updated asset objects reloaded= 0
========================================================================
Received Prepare
Default GameObject BitMask: UI already registered
Begin MonoManager ReloadAssembly
- Loaded All Assemblies, in  1.100 seconds
Refreshing native plugins compatible for Editor in 1.20 ms, found 3 plugins.
Native extension for WindowsStandalone target not found
[Package Manager] Failed to launch server process. Reason: Unity was launched with the -noUpm command-line argument
[Package Manager] Unable to send message (not connected to server process).
[Package Manager] Cannot connect to Unity Package Manager local server
Mono: successfully reloaded assembly
- Finished resetting the current domain, in  1.240 seconds
Domain Reload Profiling: 2340ms
	BeginReloadAssembly (318ms)
		ExecutionOrderSort (0ms)
		DisableScriptedObjects (13ms)
		BackupInstance (0ms)
		ReleaseScriptingObjects (0ms)
		CreateAndSetChildDomain (60ms)
	RebuildCommonClasses (69ms)
	RebuildNativeTypeToScriptingClass (20ms)
	initialDomainReloadingComplete (45ms)
	LoadAllAssembliesAndSetupDomain (646ms)
		LoadAssemblies (562ms)
		RebuildTransferFunctionScriptingTraits (0ms)
		AnalyzeDomain (257ms)
			TypeCache.Refresh (9ms)
				TypeCache.ScanAssembly (0ms)
			BuildScriptInfoCaches (233ms)
			ResolveRequiredComponents (7ms)
	FinalizeReload (1241ms)
		ReleaseScriptCaches (0ms)
		RebuildScriptCaches (0ms)
		SetupLoadedEditorAssemblies (1048ms)
			LogAssemblyErrors (0ms)
			InitializePlatformSupportModulesInManaged (2ms)
			SetLoadedEditorAssemblies (4ms)
			BeforeProcessingInitializeOnLoad (210ms)
			ProcessInitializeOnLoadAttributes (776ms)
			ProcessInitializeOnLoadMethodAttributes (51ms)
			AfterProcessingInitializeOnLoad (5ms)
			EditorAssembliesLoaded (0ms)
		ExecutionOrderSort2 (0ms)
		AwakeInstancesAfterBackupRestoration (17ms)
Refreshing native plugins compatible for Editor in 1.16 ms, found 3 plugins.
Preloading 0 native plugins for Editor in 0.00 ms.
Unloading 12 Unused Serialized files (Serialized files now loaded: 0)
Unloading 4082 unused Assets / (2.7 MB). Loaded Objects now: 4639.
Memory consumption went from 94.6 MB to 91.9 MB.
Total: 7.277400 ms (FindLiveObjects: 0.601700 ms CreateObjectMapping: 0.364300 ms MarkObjects: 4.643900 ms  DeleteObjects: 1.666100 ms)

Prepare: number of updated asset objects reloaded= 0
========================================================================
Received Import Request.
  Time since last request: 492536.728241 seconds.
  path: Assets/script/InputSystem_Actions.inputactions
  artifactKey: Guid(289c1b55c9541489481df5cc06664110) Importer(815301076,1909f56bfc062723c751e8b465ee728b)
Start importing Assets/script/InputSystem_Actions.inputactions using Guid(289c1b55c9541489481df5cc06664110) Importer(815301076,1909f56bfc062723c751e8b465ee728b) (PreviewImporter) -> (artifact id: '2baf0b86bb5e6d763120ea51fc01eac2') in 0.0288064 seconds
Number of updated asset objects reloaded before import = 0Number of asset objects unloaded after import = 20

========================================================================
Received Import Request.
  Time since last request: 13.693413 seconds.
  path: Assets/Scenes 1/7GoingBackHome.unity
  artifactKey: Guid(c576a1fc18f20bd46a66b092c640c909) Importer(815301076,1909f56bfc062723c751e8b465ee728b)
Start importing Assets/Scenes 1/7GoingBackHome.unity using Guid(c576a1fc18f20bd46a66b092c640c909) Importer(815301076,1909f56bfc062723c751e8b465ee728b) (PreviewImporter) -> (artifact id: '085062e676b324d7452084965975e393') in 0.0012169 seconds
Number of updated asset objects reloaded before import = 0Number of asset objects unloaded after import = 0

========================================================================
Received Import Request.
  Time since last request: 0.597532 seconds.
  path: Assets/Scenes 1/6TakeTheTrashOut.unity
  artifactKey: Guid(7b5adc328eb0a9f46ac2ec97753e9f61) Importer(815301076,1909f56bfc062723c751e8b465ee728b)
Start importing Assets/Scenes 1/6TakeTheTrashOut.unity using Guid(7b5adc328eb0a9f46ac2ec97753e9f61) Importer(815301076,1909f56bfc062723c751e8b465ee728b) (PreviewImporter) -> (artifact id: '00ce9d6ce9f0d5481cf1dee856e06274') in 0.0010389 seconds
Number of updated asset objects reloaded before import = 0Number of asset objects unloaded after import = 0

========================================================================
Received Import Request.
  Time since last request: 247.240140 seconds.
  path: Assets/glock.fbx
  artifactKey: Guid(fcc1580bab4a14e42bfe6b230ce33b30) Importer(815301076,1909f56bfc062723c751e8b465ee728b)
Start importing Assets/glock.fbx using Guid(fcc1580bab4a14e42bfe6b230ce33b30) Importer(815301076,1909f56bfc062723c751e8b465ee728b) (PreviewImporter) -> (artifact id: '0481dd2127d24405ecde4aa20e57b5b0') in 0.2187742 seconds
Number of updated asset objects reloaded before import = 0Number of asset objects unloaded after import = 13

========================================================================
Received Prepare
Default GameObject BitMask: UI already registered
Begin MonoManager ReloadAssembly
[Licensing::Client] Successfully resolved entitlement details
- Loaded All Assemblies, in  1.124 seconds
Refreshing native plugins compatible for Editor in 2.43 ms, found 3 plugins.
Native extension for WindowsStandalone target not found
[Package Manager] Failed to launch server process. Reason: Unity was launched with the -noUpm command-line argument
[Package Manager] Unable to send message (not connected to server process).
[Package Manager] Cannot connect to Unity Package Manager local server
Mono: successfully reloaded assembly
- Finished resetting the current domain, in  1.400 seconds
Domain Reload Profiling: 2523ms
	BeginReloadAssembly (389ms)
		ExecutionOrderSort (0ms)
		DisableScriptedObjects (16ms)
		BackupInstance (0ms)
		ReleaseScriptingObjects (0ms)
		CreateAndSetChildDomain (82ms)
	RebuildCommonClasses (67ms)
	RebuildNativeTypeToScriptingClass (18ms)
	initialDomainReloadingComplete (42ms)
	LoadAllAssembliesAndSetupDomain (607ms)
		LoadAssemblies (546ms)
		RebuildTransferFunctionScriptingTraits (0ms)
		AnalyzeDomain (253ms)
			TypeCache.Refresh (9ms)
				TypeCache.ScanAssembly (0ms)
			BuildScriptInfoCaches (227ms)
			ResolveRequiredComponents (8ms)
	FinalizeReload (1401ms)
		ReleaseScriptCaches (0ms)
		RebuildScriptCaches (0ms)
		SetupLoadedEditorAssemblies (1190ms)
			LogAssemblyErrors (0ms)
			InitializePlatformSupportModulesInManaged (3ms)
			SetLoadedEditorAssemblies (5ms)
			BeforeProcessingInitializeOnLoad (280ms)
			ProcessInitializeOnLoadAttributes (845ms)
			ProcessInitializeOnLoadMethodAttributes (49ms)
			AfterProcessingInitializeOnLoad (8ms)
			EditorAssembliesLoaded (0ms)
		ExecutionOrderSort2 (0ms)
		AwakeInstancesAfterBackupRestoration (8ms)
Refreshing native plugins compatible for Editor in 3.69 ms, found 3 plugins.
Preloading 0 native plugins for Editor in 0.00 ms.
Unloading 12 Unused Serialized files (Serialized files now loaded: 0)
Unloading 4082 unused Assets / (2.7 MB). Loaded Objects now: 4686.
Memory consumption went from 100.1 MB to 97.4 MB.
Total: 10.976800 ms (FindLiveObjects: 0.715200 ms CreateObjectMapping: 0.235000 ms MarkObjects: 7.742700 ms  DeleteObjects: 2.281800 ms)

Prepare: number of updated asset objects reloaded= 0
========================================================================
Received Prepare
Default GameObject BitMask: UI already registered
Begin MonoManager ReloadAssembly
- Loaded All Assemblies, in  0.951 seconds
Refreshing native plugins compatible for Editor in 2.52 ms, found 3 plugins.
Native extension for WindowsStandalone target not found
[Package Manager] Failed to launch server process. Reason: Unity was launched with the -noUpm command-line argument
[Package Manager] Unable to send message (not connected to server process).
[Package Manager] Cannot connect to Unity Package Manager local server
Mono: successfully reloaded assembly
- Finished resetting the current domain, in  1.345 seconds
Domain Reload Profiling: 2294ms
	BeginReloadAssembly (291ms)
		ExecutionOrderSort (0ms)
		DisableScriptedObjects (11ms)
		BackupInstance (0ms)
		ReleaseScriptingObjects (0ms)
		CreateAndSetChildDomain (67ms)
	RebuildCommonClasses (52ms)
	RebuildNativeTypeToScriptingClass (19ms)
	initialDomainReloadingComplete (43ms)
	LoadAllAssembliesAndSetupDomain (542ms)
		LoadAssemblies (450ms)
		RebuildTransferFunctionScriptingTraits (0ms)
		AnalyzeDomain (240ms)
			TypeCache.Refresh (8ms)
				TypeCache.ScanAssembly (0ms)
			BuildScriptInfoCaches (218ms)
			ResolveRequiredComponents (10ms)
	FinalizeReload (1345ms)
		ReleaseScriptCaches (0ms)
		RebuildScriptCaches (0ms)
		SetupLoadedEditorAssemblies (1147ms)
			LogAssemblyErrors (0ms)
			InitializePlatformSupportModulesInManaged (5ms)
			SetLoadedEditorAssemblies (5ms)
			BeforeProcessingInitializeOnLoad (241ms)
			ProcessInitializeOnLoadAttributes (848ms)
			ProcessInitializeOnLoadMethodAttributes (38ms)
			AfterProcessingInitializeOnLoad (9ms)
			EditorAssembliesLoaded (0ms)
		ExecutionOrderSort2 (0ms)
		AwakeInstancesAfterBackupRestoration (7ms)
Refreshing native plugins compatible for Editor in 1.62 ms, found 3 plugins.
Preloading 0 native plugins for Editor in 0.00 ms.
Unloading 12 Unused Serialized files (Serialized files now loaded: 0)
Unloading 4082 unused Assets / (2.5 MB). Loaded Objects now: 4687.
Memory consumption went from 100.1 MB to 97.7 MB.
Total: 7.596000 ms (FindLiveObjects: 0.388900 ms CreateObjectMapping: 0.304800 ms MarkObjects: 5.518500 ms  DeleteObjects: 1.382000 ms)

Prepare: number of updated asset objects reloaded= 0
========================================================================
Received Prepare
Default GameObject BitMask: UI already registered
Begin MonoManager ReloadAssembly
[Licensing::Client] Successfully resolved entitlement details
- Loaded All Assemblies, in  1.025 seconds
Refreshing native plugins compatible for Editor in 2.33 ms, found 3 plugins.
Native extension for WindowsStandalone target not found
[Package Manager] Failed to launch server process. Reason: Unity was launched with the -noUpm command-line argument
[Package Manager] Unable to send message (not connected to server process).
[Package Manager] Cannot connect to Unity Package Manager local server
Mono: successfully reloaded assembly
- Finished resetting the current domain, in  1.389 seconds
Domain Reload Profiling: 2413ms
	BeginReloadAssembly (310ms)
		ExecutionOrderSort (0ms)
		DisableScriptedObjects (10ms)
		BackupInstance (0ms)
		ReleaseScriptingObjects (0ms)
		CreateAndSetChildDomain (57ms)
	RebuildCommonClasses (58ms)
	RebuildNativeTypeToScriptingClass (18ms)
	initialDomainReloadingComplete (43ms)
	LoadAllAssembliesAndSetupDomain (595ms)
		LoadAssemblies (483ms)
		RebuildTransferFunctionScriptingTraits (0ms)
		AnalyzeDomain (269ms)
			TypeCache.Refresh (8ms)
				TypeCache.ScanAssembly (0ms)
			BuildScriptInfoCaches (245ms)
			ResolveRequiredComponents (9ms)
	FinalizeReload (1390ms)
		ReleaseScriptCaches (0ms)
		RebuildScriptCaches (0ms)
		SetupLoadedEditorAssemblies (1155ms)
			LogAssemblyErrors (0ms)
			InitializePlatformSupportModulesInManaged (3ms)
			SetLoadedEditorAssemblies (5ms)
			BeforeProcessingInitializeOnLoad (219ms)
			ProcessInitializeOnLoadAttributes (889ms)
			ProcessInitializeOnLoadMethodAttributes (32ms)
			AfterProcessingInitializeOnLoad (6ms)
			EditorAssembliesLoaded (0ms)
		ExecutionOrderSort2 (0ms)
		AwakeInstancesAfterBackupRestoration (9ms)
Refreshing native plugins compatible for Editor in 1.53 ms, found 3 plugins.
Preloading 0 native plugins for Editor in 0.00 ms.
Unloading 12 Unused Serialized files (Serialized files now loaded: 0)
Unloading 4082 unused Assets / (3.0 MB). Loaded Objects now: 4688.
Memory consumption went from 100.2 MB to 97.2 MB.
Total: 12.623800 ms (FindLiveObjects: 0.714500 ms CreateObjectMapping: 0.521400 ms MarkObjects: 8.957100 ms  DeleteObjects: 2.428000 ms)

Prepare: number of updated asset objects reloaded= 0
========================================================================
Received Import Request.
  Time since last request: 648.180925 seconds.
  path: Assets/bright light 2.mat
  artifactKey: Guid(2afdf74deaf481241a5535b118553f46) Importer(815301076,1909f56bfc062723c751e8b465ee728b)
Start importing Assets/bright light 2.mat using Guid(2afdf74deaf481241a5535b118553f46) Importer(815301076,1909f56bfc062723c751e8b465ee728b) (PreviewImporter) -> (artifact id: 'a6d0142e5b770128c2cd1195de7d0202') in 0.1438162 seconds
Number of updated asset objects reloaded before import = 0Number of asset objects unloaded after import = 1

========================================================================
Received Import Request.
  Time since last request: 47.901167 seconds.
  path: Assets/script
  artifactKey: Guid(ce2d43ad6327aca4b8650f2d2e0b3b04) Importer(815301076,1909f56bfc062723c751e8b465ee728b)
Start importing Assets/script using Guid(ce2d43ad6327aca4b8650f2d2e0b3b04) Importer(815301076,1909f56bfc062723c751e8b465ee728b) (PreviewImporter) -> (artifact id: '554c2360d771b94bc5e3f3c102db01c1') in 0.0007069 seconds
Number of updated asset objects reloaded before import = 0Number of asset objects unloaded after import = 0

========================================================================
Received Import Request.
  Time since last request: 16.534478 seconds.
  path: Assets/script/ObjectiveUi.cs
  artifactKey: Guid(a308f96bcc310f14595bc248ad826f86) Importer(815301076,1909f56bfc062723c751e8b465ee728b)
Start importing Assets/script/ObjectiveUi.cs using Guid(a308f96bcc310f14595bc248ad826f86) Importer(815301076,1909f56bfc062723c751e8b465ee728b) (PreviewImporter) -> (artifact id: '9dd9f7133db6025cbff262c41dfa6e65') in 0.0013082 seconds
Number of updated asset objects reloaded before import = 0Number of asset objects unloaded after import = 0

========================================================================
Received Import Request.
  Time since last request: 8.431742 seconds.
  path: Assets/script/Trash.cs
  artifactKey: Guid(195b7699a624d234cb35e7df26aa2c11) Importer(815301076,1909f56bfc062723c751e8b465ee728b)
Start importing Assets/script/Trash.cs using Guid(195b7699a624d234cb35e7df26aa2c11) Importer(815301076,1909f56bfc062723c751e8b465ee728b) (PreviewImporter) -> (artifact id: 'd2e686b4dace3565de0fc575e9fe3eca') in 0.0074839 seconds
Number of updated asset objects reloaded before import = 0Number of asset objects unloaded after import = 0

========================================================================
Received Import Request.
  Time since last request: 1.095732 seconds.
  path: Assets/script/Throw away.cs
  artifactKey: Guid(19520af0f31d57a44b3e97f18dcfdf57) Importer(815301076,1909f56bfc062723c751e8b465ee728b)
Start importing Assets/script/Throw away.cs using Guid(19520af0f31d57a44b3e97f18dcfdf57) Importer(815301076,1909f56bfc062723c751e8b465ee728b) (PreviewImporter) -> (artifact id: 'b4d951eeb8e1d6c833e8f5969403f5bd') in 0.0013266 seconds
Number of updated asset objects reloaded before import = 0Number of asset objects unloaded after import = 0

========================================================================
Received Import Request.
  Time since last request: 105.769927 seconds.
  path: Assets/script/DialogueController.cs
  artifactKey: Guid(fba0d546404e73947bad2606a8e410cf) Importer(815301076,1909f56bfc062723c751e8b465ee728b)
Start importing Assets/script/DialogueController.cs using Guid(fba0d546404e73947bad2606a8e410cf) Importer(815301076,1909f56bfc062723c751e8b465ee728b) (PreviewImporter) -> (artifact id: 'd875703a68cf6a20cf3b5e716e315300') in 0.0026943 seconds
Number of updated asset objects reloaded before import = 0Number of asset objects unloaded after import = 0

========================================================================
Received Import Request.
  Time since last request: 104.337181 seconds.
  path: Assets/196642__soundmary__machinery.wav
  artifactKey: Guid(b0ac21a02a926a641b9354082bcbf273) Importer(2089858483,192608db42251d675da83286b1cce702)
Start importing Assets/196642__soundmary__machinery.wav using Guid(b0ac21a02a926a641b9354082bcbf273) Importer(2089858483,192608db42251d675da83286b1cce702) (ScriptedImporter) -> (artifact id: '9e61c3ddac3f5bd01b79bc7810aed2f1') in 0.1828807 seconds
Number of updated asset objects reloaded before import = 0Number of asset objects unloaded after import = 1

========================================================================
Received Import Request.
  Time since last request: 0.000033 seconds.
  path: Assets/Dance3.controller
  artifactKey: Guid(e77544aa9299d1243b36df32ffe9b697) Importer(2089858483,192608db42251d675da83286b1cce702)
Start importing Assets/Dance3.controller using Guid(e77544aa9299d1243b36df32ffe9b697) Importer(2089858483,192608db42251d675da83286b1cce702) (ScriptedImporter) -> (artifact id: 'e8f7f888ed3995dee32d8b82e2630792') in 0.0289605 seconds
Number of updated asset objects reloaded before import = 0Number of asset objects unloaded after import = 4

========================================================================
Received Import Request.
  Time since last request: 0.000053 seconds.
  path: Assets/PainKiller_Bottle.fbx
  artifactKey: Guid(23976797943db9c4db56324f8b524cf1) Importer(2089858483,192608db42251d675da83286b1cce702)
Start importing Assets/PainKiller_Bottle.fbx using Guid(23976797943db9c4db56324f8b524cf1) Importer(2089858483,192608db42251d675da83286b1cce702) (ScriptedImporter) -> (artifact id: '79a4aca7ec2c5b69a1fb8055bce3d3c4') in 0.1669854 seconds
Number of updated asset objects reloaded before import = 0Number of asset objects unloaded after import = 8

========================================================================
Received Import Request.
  Time since last request: 0.001580 seconds.
  path: Assets/StalkerAnimation.controller
  artifactKey: Guid(239cf188256756e4ba25d36f39df25bb) Importer(2089858483,192608db42251d675da83286b1cce702)
Start importing Assets/StalkerAnimation.controller using Guid(239cf188256756e4ba25d36f39df25bb) Importer(2089858483,192608db42251d675da83286b1cce702) (ScriptedImporter) -> (artifact id: 'f1c3d220272304ca20e3a092c29f52d2') in 0.035204 seconds
Number of updated asset objects reloaded before import = 0Number of asset objects unloaded after import = 5

========================================================================
Received Import Request.
  Time since last request: 0.000035 seconds.
  path: Assets/cursor.png
  artifactKey: Guid(ce5acdd28355b4d4d8d5e2e8f7bd9fa7) Importer(2089858483,192608db42251d675da83286b1cce702)
Start importing Assets/cursor.png using Guid(ce5acdd28355b4d4d8d5e2e8f7bd9fa7) Importer(2089858483,192608db42251d675da83286b1cce702) (ScriptedImporter) -> (artifact id: '46758efe5da54f48232e553c20784883') in 0.1346938 seconds
Number of updated asset objects reloaded before import = 0Number of asset objects unloaded after import = 1

========================================================================
Received Import Request.
  Time since last request: 0.000105 seconds.
  path: Assets/Car Horn Sound Effect  Car Horn Traffic Sound Effect.mp3
  artifactKey: Guid(222ddcb42ae5c6347afdc066ab6ed873) Importer(2089858483,192608db42251d675da83286b1cce702)
Start importing Assets/Car Horn Sound Effect  Car Horn Traffic Sound Effect.mp3 using Guid(222ddcb42ae5c6347afdc066ab6ed873) Importer(2089858483,192608db42251d675da83286b1cce702) (ScriptedImporter) -> (artifact id: '9e5e2a10d6c14439601ad281fc3151d3') in 0.0676358 seconds
Number of updated asset objects reloaded before import = 0Number of asset objects unloaded after import = 1

========================================================================
Received Import Request.
  Time since last request: 0.000125 seconds.
  path: Assets/HazCone02.1.png
  artifactKey: Guid(3aad56f8b825f8e4b8da809739ec5f19) Importer(2089858483,192608db42251d675da83286b1cce702)
Start importing Assets/HazCone02.1.png using Guid(3aad56f8b825f8e4b8da809739ec5f19) Importer(2089858483,192608db42251d675da83286b1cce702) (ScriptedImporter) -> (artifact id: 'fbd55b9309034b7fe6814662981705a6') in 0.043773 seconds
Number of updated asset objects reloaded before import = 0Number of asset objects unloaded after import = 1

========================================================================
Received Import Request.
  Time since last request: 0.000068 seconds.
  path: Assets/DrawGun.fbx
  artifactKey: Guid(d11776f9ae5b9f145b295e0f760631e8) Importer(2089858483,192608db42251d675da83286b1cce702)
Start importing Assets/DrawGun.fbx using Guid(d11776f9ae5b9f145b295e0f760631e8) Importer(2089858483,192608db42251d675da83286b1cce702) (ScriptedImporter) -> (artifact id: '44e9cd2bb74b46ecabf486e780877b82') in 0.0832997 seconds
Number of updated asset objects reloaded before import = 0Number of asset objects unloaded after import = 142

========================================================================
Received Import Request.
  Time since last request: 0.000067 seconds.
  path: Assets/Small_potted_plants.obj
  artifactKey: Guid(8a3e0ba113bded144802a917cc41e305) Importer(2089858483,192608db42251d675da83286b1cce702)
Start importing Assets/Small_potted_plants.obj using Guid(8a3e0ba113bded144802a917cc41e305) Importer(2089858483,192608db42251d675da83286b1cce702) (ScriptedImporter) -> (artifact id: '1265559cd555a26df9b89d77ffe6a0cf') in 0.0417031 seconds
Number of updated asset objects reloaded before import = 0Number of asset objects unloaded after import = 9

========================================================================
Received Import Request.
  Time since last request: 0.000038 seconds.
  path: Assets/Music-Note-PNG-Transparent-Image.png
  artifactKey: Guid(8d79767ce4e1e024bb60593982ca3e64) Importer(2089858483,192608db42251d675da83286b1cce702)
Start importing Assets/Music-Note-PNG-Transparent-Image.png using Guid(8d79767ce4e1e024bb60593982ca3e64) Importer(2089858483,192608db42251d675da83286b1cce702) (ScriptedImporter) -> (artifact id: '853de9e6589fc4248af12a09771531ea') in 0.0511101 seconds
Number of updated asset objects reloaded before import = 0Number of asset objects unloaded after import = 1

========================================================================
Received Import Request.
  Time since last request: 0.000193 seconds.
  path: Assets/trailer.unity
  artifactKey: Guid(10918f531b2cc05498ec442e6103764a) Importer(2089858483,192608db42251d675da83286b1cce702)
Start importing Assets/trailer.unity using Guid(10918f531b2cc05498ec442e6103764a) Importer(2089858483,192608db42251d675da83286b1cce702) (ScriptedImporter) -> (artifact id: 'e2cbad9262b869cec13f5be9d0cfa49e') in 0.0795819 seconds
Number of updated asset objects reloaded before import = 0Number of asset objects unloaded after import = 1

========================================================================
Received Import Request.
  Time since last request: 0.000033 seconds.
  path: Assets/mettalica.jpg
  artifactKey: Guid(012b8566e482bb64b93df60460e36e38) Importer(2089858483,192608db42251d675da83286b1cce702)
Start importing Assets/mettalica.jpg using Guid(012b8566e482bb64b93df60460e36e38) Importer(2089858483,192608db42251d675da83286b1cce702) (ScriptedImporter) -> (artifact id: '9464b0a1c97d513f6315f19e4c7e2798') in 0.046174 seconds
Number of updated asset objects reloaded before import = 0Number of asset objects unloaded after import = 1

========================================================================
Received Import Request.
  Time since last request: 0.000031 seconds.
  path: Assets/white noise.mp3
  artifactKey: Guid(cdf4784561b659f4fa514aadc208efac) Importer(2089858483,192608db42251d675da83286b1cce702)
Start importing Assets/white noise.mp3 using Guid(cdf4784561b659f4fa514aadc208efac) Importer(2089858483,192608db42251d675da83286b1cce702) (ScriptedImporter) -> (artifact id: '2e48cb9d0b78f2b1e8c17f5bada518f7') in 0.0746647 seconds
Number of updated asset objects reloaded before import = 0Number of asset objects unloaded after import = 1

========================================================================
Received Import Request.
  Time since last request: 0.000129 seconds.
  path: Assets/Flies Swarming _ Buzzing - Sound Effect.mp3
  artifactKey: Guid(00a7a93f997e5454e832beb05edb7efe) Importer(2089858483,192608db42251d675da83286b1cce702)
Start importing Assets/Flies Swarming _ Buzzing - Sound Effect.mp3 using Guid(00a7a93f997e5454e832beb05edb7efe) Importer(2089858483,192608db42251d675da83286b1cce702) (ScriptedImporter) -> (artifact id: '6e91ab1bfc74b79416b3a730d1f19de0') in 0.0571975 seconds
Number of updated asset objects reloaded before import = 0Number of asset objects unloaded after import = 1

========================================================================
Received Import Request.
  Time since last request: 0.000038 seconds.
  path: Assets/pointer.png
  artifactKey: Guid(a75c4592502edfc41b583bb083354146) Importer(2089858483,192608db42251d675da83286b1cce702)
Start importing Assets/pointer.png using Guid(a75c4592502edfc41b583bb083354146) Importer(2089858483,192608db42251d675da83286b1cce702) (ScriptedImporter) -> (artifact id: 'e52fd6e59ebbc826d16657dd1db7c1f6') in 0.0518829 seconds
Number of updated asset objects reloaded before import = 0Number of asset objects unloaded after import = 3

========================================================================
Received Import Request.
  Time since last request: 0.000030 seconds.
  path: Assets/standardSurface2SG-roughness.png
  artifactKey: Guid(a6644b1d97a4eca4993ebcb8dd13d19e) Importer(2089858483,192608db42251d675da83286b1cce702)
Start importing Assets/standardSurface2SG-roughness.png using Guid(a6644b1d97a4eca4993ebcb8dd13d19e) Importer(2089858483,192608db42251d675da83286b1cce702) (ScriptedImporter) -> (artifact id: 'dfd9be78cecaa32a4902a45c2d467adf') in 0.0469102 seconds
Number of updated asset objects reloaded before import = 0Number of asset objects unloaded after import = 1

========================================================================
Received Import Request.
  Time since last request: 0.000119 seconds.
  path: Assets/gun.png
  artifactKey: Guid(025df1e8303b6b540885cda487c84dc9) Importer(2089858483,192608db42251d675da83286b1cce702)
Start importing Assets/gun.png using Guid(025df1e8303b6b540885cda487c84dc9) Importer(2089858483,192608db42251d675da83286b1cce702) (ScriptedImporter) -> (artifact id: '062e8d17db731c8bef1f202b7b0ed62b') in 0.0519703 seconds
Number of updated asset objects reloaded before import = 0Number of asset objects unloaded after import = 3

========================================================================
Received Import Request.
  Time since last request: 0.000035 seconds.
  path: Assets/Breakdance.fbx
  artifactKey: Guid(dacf93808566baf42bacfb943db71d52) Importer(2089858483,192608db42251d675da83286b1cce702)
Start importing Assets/Breakdance.fbx using Guid(dacf93808566baf42bacfb943db71d52) Importer(2089858483,192608db42251d675da83286b1cce702) (ScriptedImporter) -> (artifact id: '7a24a757642c311fa20c042bd20f8c86') in 0.0717438 seconds
Number of updated asset objects reloaded before import = 0Number of asset objects unloaded after import = 150

========================================================================
Received Import Request.
  Time since last request: 0.000046 seconds.
  path: Assets/New Material.mat
  artifactKey: Guid(0520ba55b66539c4ebe5deef4a1db957) Importer(2089858483,192608db42251d675da83286b1cce702)
Start importing Assets/New Material.mat using Guid(0520ba55b66539c4ebe5deef4a1db957) Importer(2089858483,192608db42251d675da83286b1cce702) (ScriptedImporter) -> (artifact id: 'f2eec9596abf289ecf1fc0552af404c0') in 0.0288323 seconds
Number of updated asset objects reloaded before import = 0Number of asset objects unloaded after import = 1

========================================================================
Received Import Request.
  Time since last request: 0.000329 seconds.
  path: Assets/R.png
  artifactKey: Guid(f6fd55a072cdcea40bfbee692dd43f08) Importer(2089858483,192608db42251d675da83286b1cce702)
Start importing Assets/R.png using Guid(f6fd55a072cdcea40bfbee692dd43f08) Importer(2089858483,192608db42251d675da83286b1cce702) (ScriptedImporter) -> (artifact id: 'd5c8fb3e4fcc611b5b2a3f611c0700c7') in 0.0477464 seconds
Number of updated asset objects reloaded before import = 0Number of asset objects unloaded after import = 3

========================================================================
Received Import Request.
  Time since last request: 0.000042 seconds.
  path: Assets/apartment/apartment.mtl
  artifactKey: Guid(ce4256d1f2b74f34cbde351ed8a7cf80) Importer(2089858483,192608db42251d675da83286b1cce702)
Start importing Assets/apartment/apartment.mtl using Guid(ce4256d1f2b74f34cbde351ed8a7cf80) Importer(2089858483,192608db42251d675da83286b1cce702) (ScriptedImporter) -> (artifact id: '0048358f2df395b25d288583b81b4816') in 0.0308491 seconds
Number of updated asset objects reloaded before import = 0Number of asset objects unloaded after import = 1

========================================================================
Received Import Request.
  Time since last request: 0.000045 seconds.
  path: Assets/Dance party.unity
  artifactKey: Guid(d76593829588e794ab6f28bd173c9582) Importer(2089858483,192608db42251d675da83286b1cce702)
Start importing Assets/Dance party.unity using Guid(d76593829588e794ab6f28bd173c9582) Importer(2089858483,192608db42251d675da83286b1cce702) (ScriptedImporter) -> (artifact id: '4c8fe97dfbe9f279a55feef9bf52daeb') in 0.0619006 seconds
Number of updated asset objects reloaded before import = 0Number of asset objects unloaded after import = 1

========================================================================
Received Import Request.
  Time since last request: 0.000031 seconds.
  path: Assets/E 1.png
  artifactKey: Guid(5bea1cb6826a0b8418c0152330d63cb9) Importer(2089858483,192608db42251d675da83286b1cce702)
Start importing Assets/E 1.png using Guid(5bea1cb6826a0b8418c0152330d63cb9) Importer(2089858483,192608db42251d675da83286b1cce702) (ScriptedImporter) -> (artifact id: '7683c42ce63ccde2c676306dc85a2ba4') in 0.0469336 seconds
Number of updated asset objects reloaded before import = 0Number of asset objects unloaded after import = 3

========================================================================
Received Import Request.
  Time since last request: 0.000054 seconds.
  path: Assets/standardSurface2SG-color.png
  artifactKey: Guid(57db2f021cf4960438766384edac2b0d) Importer(2089858483,192608db42251d675da83286b1cce702)
Start importing Assets/standardSurface2SG-color.png using Guid(57db2f021cf4960438766384edac2b0d) Importer(2089858483,192608db42251d675da83286b1cce702) (ScriptedImporter) -> (artifact id: 'f1d771d7eed103ba1f06998ab891d1ea') in 0.0552037 seconds
Number of updated asset objects reloaded before import = 0Number of asset objects unloaded after import = 1

========================================================================
Received Import Request.
  Time since last request: 0.000124 seconds.
  path: Assets/apartment/apartment_cabinet_BaseColor.png
  artifactKey: Guid(ee2bb8d4c08a5c44299f54c44283fa7d) Importer(2089858483,192608db42251d675da83286b1cce702)
Start importing Assets/apartment/apartment_cabinet_BaseColor.png using Guid(ee2bb8d4c08a5c44299f54c44283fa7d) Importer(2089858483,192608db42251d675da83286b1cce702) (ScriptedImporter) -> (artifact id: 'c15fd4ab00a3ac470327e4432a201009') in 0.0579039 seconds
Number of updated asset objects reloaded before import = 0Number of asset objects unloaded after import = 1

========================================================================
Received Import Request.
  Time since last request: 0.000029 seconds.
  path: Assets/aiStandardSurface1SG-color.png
  artifactKey: Guid(3bbdabf189825184bac565262be95d38) Importer(2089858483,192608db42251d675da83286b1cce702)
Start importing Assets/aiStandardSurface1SG-color.png using Guid(3bbdabf189825184bac565262be95d38) Importer(2089858483,192608db42251d675da83286b1cce702) (ScriptedImporter) -> (artifact id: '1653f651f2f4c31698031c733e6b6901') in 0.0482498 seconds
Number of updated asset objects reloaded before import = 0Number of asset objects unloaded after import = 1

========================================================================
Received Import Request.
  Time since last request: 0.000035 seconds.
  path: Assets/standardSurface2SG-metallic.png
  artifactKey: Guid(7e7f13ab28fe5d84b95a258c6128efbd) Importer(2089858483,192608db42251d675da83286b1cce702)
Start importing Assets/standardSurface2SG-metallic.png using Guid(7e7f13ab28fe5d84b95a258c6128efbd) Importer(2089858483,192608db42251d675da83286b1cce702) (ScriptedImporter) -> (artifact id: 'f6fa6355fb802c52633282e9199fd142') in 0.0438736 seconds
Number of updated asset objects reloaded before import = 0Number of asset objects unloaded after import = 1

========================================================================
Received Import Request.
  Time since last request: 0.000042 seconds.
  path: Assets/Damce1.controller
  artifactKey: Guid(d9e9332f7ef88714799ddbba5edf739d) Importer(2089858483,192608db42251d675da83286b1cce702)
Start importing Assets/Damce1.controller using Guid(d9e9332f7ef88714799ddbba5edf739d) Importer(2089858483,192608db42251d675da83286b1cce702) (ScriptedImporter) -> (artifact id: 'f2f44a79ff1710ebdc8b2cfeb5b0f1c6') in 0.0319614 seconds
Number of updated asset objects reloaded before import = 0Number of asset objects unloaded after import = 4

========================================================================
Received Import Request.
  Time since last request: 0.000035 seconds.
  path: Assets/Ch03_nonPBR@Yawn.fbx
  artifactKey: Guid(351f912b011879c4d93a9df40799a216) Importer(2089858483,192608db42251d675da83286b1cce702)
Start importing Assets/Ch03_nonPBR@Yawn.fbx using Guid(351f912b011879c4d93a9df40799a216) Importer(2089858483,192608db42251d675da83286b1cce702) (ScriptedImporter) -> (artifact id: 'd481a07778906ae6b6fa9b9774d58b2b') in 0.0625395 seconds
Number of updated asset objects reloaded before import = 0Number of asset objects unloaded after import = 142

========================================================================
Received Import Request.
  Time since last request: 0.000033 seconds.
  path: Assets/Rainfall 5 Minute Meditation.wav
  artifactKey: Guid(94cfaad64aade5441a7dd737795025ed) Importer(2089858483,192608db42251d675da83286b1cce702)
Start importing Assets/Rainfall 5 Minute Meditation.wav using Guid(94cfaad64aade5441a7dd737795025ed) Importer(2089858483,192608db42251d675da83286b1cce702) (ScriptedImporter) -> (artifact id: '8079730edc5c486e9afc832c3b44c85a') in 0.0696274 seconds
Number of updated asset objects reloaded before import = 0Number of asset objects unloaded after import = 1

========================================================================
Received Import Request.
  Time since last request: 0.000058 seconds.
  path: Assets/apartment/apartment_floor_Roughness.png
  artifactKey: Guid(84065cb147a991b4bbef2089902b1c94) Importer(2089858483,192608db42251d675da83286b1cce702)
Start importing Assets/apartment/apartment_floor_Roughness.png using Guid(84065cb147a991b4bbef2089902b1c94) Importer(2089858483,192608db42251d675da83286b1cce702) (ScriptedImporter) -> (artifact id: '16afacb023d9fb75cfd0f99e35469a78') in 0.0608688 seconds
Number of updated asset objects reloaded before import = 0Number of asset objects unloaded after import = 1

========================================================================
Received Import Request.
  Time since last request: 0.000043 seconds.
  path: Assets/apartment/apartment_counter_BaseColor.png
  artifactKey: Guid(5e2184c4c02a5724c8ff3ff2bed45bb8) Importer(2089858483,192608db42251d675da83286b1cce702)
Start importing Assets/apartment/apartment_counter_BaseColor.png using Guid(5e2184c4c02a5724c8ff3ff2bed45bb8) Importer(2089858483,192608db42251d675da83286b1cce702) (ScriptedImporter) -> (artifact id: '2a0c35af548308563ae086dc904282d7') in 0.0615491 seconds
Number of updated asset objects reloaded before import = 0Number of asset objects unloaded after import = 1

========================================================================
Received Import Request.
  Time since last request: 0.000061 seconds.
  path: Assets/apartment/apartment_counter_Normal.png
  artifactKey: Guid(f45bcc41b4cd3674eb2808128324b487) Importer(2089858483,192608db42251d675da83286b1cce702)
Start importing Assets/apartment/apartment_counter_Normal.png using Guid(f45bcc41b4cd3674eb2808128324b487) Importer(2089858483,192608db42251d675da83286b1cce702) (ScriptedImporter) -> (artifact id: 'c072db851179cdbc3f8e1872a5e8afc0') in 0.0638233 seconds
Number of updated asset objects reloaded before import = 0Number of asset objects unloaded after import = 1

========================================================================
Received Import Request.
  Time since last request: 0.000086 seconds.
  path: Assets/apartment/apartment_lamp_Metallic.png
  artifactKey: Guid(ddd471fdb0f6d7d4392d0a442a024507) Importer(2089858483,192608db42251d675da83286b1cce702)
Start importing Assets/apartment/apartment_lamp_Metallic.png using Guid(ddd471fdb0f6d7d4392d0a442a024507) Importer(2089858483,192608db42251d675da83286b1cce702) (ScriptedImporter) -> (artifact id: 'cb9c6802fc31274c8a7026a735008c73') in 0.065387 seconds
Number of updated asset objects reloaded before import = 0Number of asset objects unloaded after import = 1

========================================================================
Received Import Request.
  Time since last request: 0.000051 seconds.
  path: Assets/apartment/apartment_couch_Normal.png
  artifactKey: Guid(199bce7cea9a39f4ebfea66290964f75) Importer(2089858483,192608db42251d675da83286b1cce702)
Start importing Assets/apartment/apartment_couch_Normal.png using Guid(199bce7cea9a39f4ebfea66290964f75) Importer(2089858483,192608db42251d675da83286b1cce702) (ScriptedImporter) -> (artifact id: '5c4df7fbc46691693af9b68c8f1ae3f4') in 0.0591416 seconds
Number of updated asset objects reloaded before import = 0Number of asset objects unloaded after import = 1

========================================================================
Received Import Request.
  Time since last request: 0.000069 seconds.
  path: Assets/apartment/apartment_counter sink_Metallic.png
  artifactKey: Guid(1a91d5ef21961ef46923d34702ce0cde) Importer(2089858483,192608db42251d675da83286b1cce702)
Start importing Assets/apartment/apartment_counter sink_Metallic.png using Guid(1a91d5ef21961ef46923d34702ce0cde) Importer(2089858483,192608db42251d675da83286b1cce702) (ScriptedImporter) -> (artifact id: '1905b0a0a4b7bdb6c5e138ba64543e6f') in 0.0685599 seconds
Number of updated asset objects reloaded before import = 0Number of asset objects unloaded after import = 1

========================================================================
Received Import Request.
  Time since last request: 0.000046 seconds.
  path: Assets/apartment/apartment_fridge_Normal.png
  artifactKey: Guid(46c8f3fb489b02f4b8a8df92ee224b29) Importer(2089858483,192608db42251d675da83286b1cce702)
Start importing Assets/apartment/apartment_fridge_Normal.png using Guid(46c8f3fb489b02f4b8a8df92ee224b29) Importer(2089858483,192608db42251d675da83286b1cce702) (ScriptedImporter) -> (artifact id: 'd160332da52627ab2713acf8c6e8b13e') in 0.0686938 seconds
Number of updated asset objects reloaded before import = 0Number of asset objects unloaded after import = 1

========================================================================
Received Import Request.
  Time since last request: 0.000107 seconds.
  path: Assets/apartment/apartment_counter_Metallic.png
  artifactKey: Guid(689cd64bbf5b56a4dbc37909f862287e) Importer(2089858483,192608db42251d675da83286b1cce702)
Start importing Assets/apartment/apartment_counter_Metallic.png using Guid(689cd64bbf5b56a4dbc37909f862287e) Importer(2089858483,192608db42251d675da83286b1cce702) (ScriptedImporter) -> (artifact id: '5fb6761fc0ccb95c8524e13e1428a974') in 0.0626 seconds
Number of updated asset objects reloaded before import = 0Number of asset objects unloaded after import = 1

========================================================================
Received Import Request.
  Time since last request: 0.000038 seconds.
  path: Assets/apartment/apartment_fridge_BaseColor.png
  artifactKey: Guid(db8de5ea921e31849ac0065efcf5d49c) Importer(2089858483,192608db42251d675da83286b1cce702)
Start importing Assets/apartment/apartment_fridge_BaseColor.png using Guid(db8de5ea921e31849ac0065efcf5d49c) Importer(2089858483,192608db42251d675da83286b1cce702) (ScriptedImporter) -> (artifact id: '073e225971988ebe5e3d8a3eb349a064') in 0.0651668 seconds
Number of updated asset objects reloaded before import = 0Number of asset objects unloaded after import = 1

========================================================================
Received Import Request.
  Time since last request: 0.000044 seconds.
  path: Assets/redone rig.fbx
  artifactKey: Guid(01f74a570e34eeb40941c4a759e2fc07) Importer(2089858483,192608db42251d675da83286b1cce702)
Start importing Assets/redone rig.fbx using Guid(01f74a570e34eeb40941c4a759e2fc07) Importer(2089858483,192608db42251d675da83286b1cce702) (ScriptedImporter) -> (artifact id: '97b4a15f71a5f000868d788493491c78') in 0.0645081 seconds
Number of updated asset objects reloaded before import = 0Number of asset objects unloaded after import = 67

========================================================================
Received Import Request.
  Time since last request: 0.000077 seconds.
  path: Assets/apartment/apartment_curtain_Normal.png
  artifactKey: Guid(ed21fc1956acd384ba9cc2626d953041) Importer(2089858483,192608db42251d675da83286b1cce702)
Start importing Assets/apartment/apartment_curtain_Normal.png using Guid(ed21fc1956acd384ba9cc2626d953041) Importer(2089858483,192608db42251d675da83286b1cce702) (ScriptedImporter) -> (artifact id: '4d2c22737e5ab45451474953f57d5859') in 0.0610687 seconds
Number of updated asset objects reloaded before import = 0Number of asset objects unloaded after import = 1

========================================================================
Received Import Request.
  Time since last request: 0.000034 seconds.
  path: Assets/Ceiling.mat
  artifactKey: Guid(1e155887cbb33e44f92bda519304a152) Importer(2089858483,192608db42251d675da83286b1cce702)
Start importing Assets/Ceiling.mat using Guid(1e155887cbb33e44f92bda519304a152) Importer(2089858483,192608db42251d675da83286b1cce702) (ScriptedImporter) -> (artifact id: 'c502c0c9bede19ae054bb138431b2121') in 0.0354991 seconds
Number of updated asset objects reloaded before import = 0Number of asset objects unloaded after import = 1

========================================================================
Received Import Request.
  Time since last request: 0.000351 seconds.
  path: Assets/Potted_plants.png
  artifactKey: Guid(75b17b275bc9bea4c97d2306cc68ae9b) Importer(2089858483,192608db42251d675da83286b1cce702)
Start importing Assets/Potted_plants.png using Guid(75b17b275bc9bea4c97d2306cc68ae9b) Importer(2089858483,192608db42251d675da83286b1cce702) (ScriptedImporter) -> (artifact id: '4eb1e17ca9fd2234fda8a0bfb6ac9aa6') in 0.0541084 seconds
Number of updated asset objects reloaded before import = 0Number of asset objects unloaded after import = 1

========================================================================
Received Import Request.
  Time since last request: 0.000129 seconds.
  path: Assets/apartment/apartment_chair_Roughness.png
  artifactKey: Guid(ddec04f3fa9a0b942b5f28aecbc8bda4) Importer(2089858483,192608db42251d675da83286b1cce702)
Start importing Assets/apartment/apartment_chair_Roughness.png using Guid(ddec04f3fa9a0b942b5f28aecbc8bda4) Importer(2089858483,192608db42251d675da83286b1cce702) (ScriptedImporter) -> (artifact id: 'ff1758dcc44a11bd19db93f87794fdc7') in 0.0627704 seconds
Number of updated asset objects reloaded before import = 0Number of asset objects unloaded after import = 1

========================================================================
Received Import Request.
  Time since last request: 0.000044 seconds.
  path: Assets/apartment/apartment_plant_Height.png
  artifactKey: Guid(ab0bafea433a698479e691ecc7395065) Importer(2089858483,192608db42251d675da83286b1cce702)
Start importing Assets/apartment/apartment_plant_Height.png using Guid(ab0bafea433a698479e691ecc7395065) Importer(2089858483,192608db42251d675da83286b1cce702) (ScriptedImporter) -> (artifact id: '3df1405527621f72c5fac3165781635b') in 0.0605089 seconds
Number of updated asset objects reloaded before import = 0Number of asset objects unloaded after import = 1

========================================================================
Received Import Request.
  Time since last request: 0.000060 seconds.
  path: Assets/apartment/apartment_rud_Roughness.png
  artifactKey: Guid(fb69bb9686ef20d46b807f744ca09e99) Importer(2089858483,192608db42251d675da83286b1cce702)
Start importing Assets/apartment/apartment_rud_Roughness.png using Guid(fb69bb9686ef20d46b807f744ca09e99) Importer(2089858483,192608db42251d675da83286b1cce702) (ScriptedImporter) -> (artifact id: '603eaf23fd5603f43f6a62c70849f95b') in 0.0658548 seconds
Number of updated asset objects reloaded before import = 0Number of asset objects unloaded after import = 1

========================================================================
Received Import Request.
  Time since last request: 0.000030 seconds.
  path: Assets/apartment/apartment_rug_BaseColor.png
  artifactKey: Guid(552d98165fda7264ea0b64acf85f54e3) Importer(2089858483,192608db42251d675da83286b1cce702)
Start importing Assets/apartment/apartment_rug_BaseColor.png using Guid(552d98165fda7264ea0b64acf85f54e3) Importer(2089858483,192608db42251d675da83286b1cce702) (ScriptedImporter) -> (artifact id: '5c8d1dad93023e4294102cfca1103d67') in 0.0631018 seconds
Number of updated asset objects reloaded before import = 0Number of asset objects unloaded after import = 1

========================================================================
Received Import Request.
  Time since last request: 0.000035 seconds.
  path: Assets/apartment/apartment_trash_Metallic.png
  artifactKey: Guid(110c90608c1b89f4c9219282a1e485b8) Importer(2089858483,192608db42251d675da83286b1cce702)
Start importing Assets/apartment/apartment_trash_Metallic.png using Guid(110c90608c1b89f4c9219282a1e485b8) Importer(2089858483,192608db42251d675da83286b1cce702) (ScriptedImporter) -> (artifact id: 'e00be0e6a3c5b64af7d0171bc2b921df') in 0.066193 seconds
Number of updated asset objects reloaded before import = 0Number of asset objects unloaded after import = 1

========================================================================
Received Import Request.
  Time since last request: 0.000044 seconds.
  path: Assets/apartment/apartment_plant_Roughness.png
  artifactKey: Guid(0f818cee351baf940adcaf2e67de3075) Importer(2089858483,192608db42251d675da83286b1cce702)
Start importing Assets/apartment/apartment_plant_Roughness.png using Guid(0f818cee351baf940adcaf2e67de3075) Importer(2089858483,192608db42251d675da83286b1cce702) (ScriptedImporter) -> (artifact id: '7de481f493c8b9aea5e4d5dc7e668e78') in 0.0663616 seconds
Number of updated asset objects reloaded before import = 0Number of asset objects unloaded after import = 1

========================================================================
Received Import Request.
  Time since last request: 0.000150 seconds.
  path: Assets/apartment/apartment_stove_Roughness.png
  artifactKey: Guid(23d82b6a03f86364d87b5cd7d2883b17) Importer(2089858483,192608db42251d675da83286b1cce702)
Start importing Assets/apartment/apartment_stove_Roughness.png using Guid(23d82b6a03f86364d87b5cd7d2883b17) Importer(2089858483,192608db42251d675da83286b1cce702) (ScriptedImporter) -> (artifact id: 'a478ade54840bf3382dfe0d8a6f46108') in 0.0654512 seconds
Number of updated asset objects reloaded before import = 0Number of asset objects unloaded after import = 1

========================================================================
Received Import Request.
  Time since last request: 0.000039 seconds.
  path: Assets/music.mat
  artifactKey: Guid(65667bcc0dc6c444e9f68d230a14ada2) Importer(2089858483,192608db42251d675da83286b1cce702)
Start importing Assets/music.mat using Guid(65667bcc0dc6c444e9f68d230a14ada2) Importer(2089858483,192608db42251d675da83286b1cce702) (ScriptedImporter) -> (artifact id: '34673175c2119e285bf5b0b72aa1adc5') in 0.0515122 seconds
Number of updated asset objects reloaded before import = 0Number of asset objects unloaded after import = 2

========================================================================
Received Import Request.
  Time since last request: 0.000075 seconds.
  path: Assets/Cheering (1).fbx
  artifactKey: Guid(6472a5aa114e02c48a8691e768cdb41e) Importer(2089858483,192608db42251d675da83286b1cce702)
Start importing Assets/Cheering (1).fbx using Guid(6472a5aa114e02c48a8691e768cdb41e) Importer(2089858483,192608db42251d675da83286b1cce702) (ScriptedImporter) -> (artifact id: '5ded5c0849dc4bf2c8b8072728c76f97') in 0.0763006 seconds
Number of updated asset objects reloaded before import = 0Number of asset objects unloaded after import = 150

========================================================================
Received Import Request.
  Time since last request: 0.000063 seconds.
  path: Assets/VideoRt.renderTexture
  artifactKey: Guid(22e65ec70b135634c847e327837e3ce6) Importer(2089858483,192608db42251d675da83286b1cce702)
Start importing Assets/VideoRt.renderTexture using Guid(22e65ec70b135634c847e327837e3ce6) Importer(2089858483,192608db42251d675da83286b1cce702) (ScriptedImporter) -> (artifact id: 'e4cc1add2e2d734436302b41d1daffe0') in 0.0633193 seconds
Number of updated asset objects reloaded before import = 0Number of asset objects unloaded after import = 1

========================================================================
Received Import Request.
  Time since last request: 0.000049 seconds.
  path: Assets/apartment/apartment_table_Height.png
  artifactKey: Guid(8feb0d0ace082534ea9cc4f7401ae3c1) Importer(2089858483,192608db42251d675da83286b1cce702)
Start importing Assets/apartment/apartment_table_Height.png using Guid(8feb0d0ace082534ea9cc4f7401ae3c1) Importer(2089858483,192608db42251d675da83286b1cce702) (ScriptedImporter) -> (artifact id: '382a9c16c619337e085dd1ecc1e818b5') in 0.0844684 seconds
Number of updated asset objects reloaded before import = 0Number of asset objects unloaded after import = 1

========================================================================
Received Import Request.
  Time since last request: 0.000041 seconds.
  path: Assets/Bored.fbx
  artifactKey: Guid(3657a9b2a3618894ab6d6ebcb74a5614) Importer(2089858483,192608db42251d675da83286b1cce702)
Start importing Assets/Bored.fbx using Guid(3657a9b2a3618894ab6d6ebcb74a5614) Importer(2089858483,192608db42251d675da83286b1cce702) (ScriptedImporter) -> (artifact id: '9b19c2e773fc953e3da8949571a7b766') in 0.0663264 seconds
Number of updated asset objects reloaded before import = 0Number of asset objects unloaded after import = 142

========================================================================
Received Import Request.
  Time since last request: 0.000031 seconds.
  path: Assets/Bright.mat
  artifactKey: Guid(ee0ef4fb1a06245479bbff02009300ec) Importer(2089858483,192608db42251d675da83286b1cce702)
Start importing Assets/Bright.mat using Guid(ee0ef4fb1a06245479bbff02009300ec) Importer(2089858483,192608db42251d675da83286b1cce702) (ScriptedImporter) -> (artifact id: 'eff4cd94dda51e0019b06c0b22391bfa') in 0.0335651 seconds
Number of updated asset objects reloaded before import = 0Number of asset objects unloaded after import = 1

========================================================================
Received Import Request.
  Time since last request: 0.000039 seconds.
  path: Assets/apartment/apartment_cabinet_Height.png
  artifactKey: Guid(b0220a10d9e18bf4a9605c96fcdcc3d2) Importer(2089858483,192608db42251d675da83286b1cce702)
Start importing Assets/apartment/apartment_cabinet_Height.png using Guid(b0220a10d9e18bf4a9605c96fcdcc3d2) Importer(2089858483,192608db42251d675da83286b1cce702) (ScriptedImporter) -> (artifact id: '2a85e1f56290152c36e9a06f4a6ab1bf') in 0.0660352 seconds
Number of updated asset objects reloaded before import = 0Number of asset objects unloaded after import = 1

========================================================================
Received Import Request.
  Time since last request: 0.000046 seconds.
  path: Assets/apartment/apartment_window bar_Roughness.png
  artifactKey: Guid(6acb97fbd23233141a08d824e4cb10ab) Importer(2089858483,192608db42251d675da83286b1cce702)
Start importing Assets/apartment/apartment_window bar_Roughness.png using Guid(6acb97fbd23233141a08d824e4cb10ab) Importer(2089858483,192608db42251d675da83286b1cce702) (ScriptedImporter) -> (artifact id: 'f96fa9341d9f346937af42f24b3abf7d') in 0.0677792 seconds
Number of updated asset objects reloaded before import = 0Number of asset objects unloaded after import = 1

========================================================================
Received Import Request.
  Time since last request: 0.000076 seconds.
  path: Assets/apartment/apartment_window bar_Height.png
  artifactKey: Guid(deb84cc83fcf6fe4ead7e5ae6bd391e7) Importer(2089858483,192608db42251d675da83286b1cce702)
Start importing Assets/apartment/apartment_window bar_Height.png using Guid(deb84cc83fcf6fe4ead7e5ae6bd391e7) Importer(2089858483,192608db42251d675da83286b1cce702) (ScriptedImporter) -> (artifact id: '7c5023da5efb7cb423fccee53673d83e') in 0.0690678 seconds
Number of updated asset objects reloaded before import = 0Number of asset objects unloaded after import = 1

========================================================================
Received Import Request.
  Time since last request: 0.000060 seconds.
  path: Assets/apartment/apartment_wall_Normal.png
  artifactKey: Guid(dc822bedf5cc3b141ba637c814bc462f) Importer(2089858483,192608db42251d675da83286b1cce702)
Start importing Assets/apartment/apartment_wall_Normal.png using Guid(dc822bedf5cc3b141ba637c814bc462f) Importer(2089858483,192608db42251d675da83286b1cce702) (ScriptedImporter) -> (artifact id: '57710c6dcae67c2e7c7bb8d26263f408') in 0.0718236 seconds
Number of updated asset objects reloaded before import = 0Number of asset objects unloaded after import = 1

========================================================================
Received Import Request.
  Time since last request: 0.000045 seconds.
  path: Assets/apartment/apartment_tv table_Height.png
  artifactKey: Guid(b6f8eadc5c1fb994a9489bb6e264f611) Importer(2089858483,192608db42251d675da83286b1cce702)
Start importing Assets/apartment/apartment_tv table_Height.png using Guid(b6f8eadc5c1fb994a9489bb6e264f611) Importer(2089858483,192608db42251d675da83286b1cce702) (ScriptedImporter) -> (artifact id: '7dcb7c99746d3651ea8afecc127f6616') in 0.0654717 seconds
Number of updated asset objects reloaded before import = 0Number of asset objects unloaded after import = 1

========================================================================
Received Import Request.
  Time since last request: 0.000040 seconds.
  path: Assets/apartment/apartment_tv table_Roughness.png
  artifactKey: Guid(b349b02313c67484d95a5fed9cabc9bb) Importer(2089858483,192608db42251d675da83286b1cce702)
Start importing Assets/apartment/apartment_tv table_Roughness.png using Guid(b349b02313c67484d95a5fed9cabc9bb) Importer(2089858483,192608db42251d675da83286b1cce702) (ScriptedImporter) -> (artifact id: 'a6bf3777be76c385bbf02460fd916a61') in 0.0737064 seconds
Number of updated asset objects reloaded before import = 0Number of asset objects unloaded after import = 1

========================================================================
Received Import Request.
  Time since last request: 0.000128 seconds.
  path: Assets/apartment/apartment_wall_Height.png
  artifactKey: Guid(8c027163f1c38d846aa4b63e6ba58676) Importer(2089858483,192608db42251d675da83286b1cce702)
Start importing Assets/apartment/apartment_wall_Height.png using Guid(8c027163f1c38d846aa4b63e6ba58676) Importer(2089858483,192608db42251d675da83286b1cce702) (ScriptedImporter) -> (artifact id: 'd7a36a4b9cfcf0dd0dfb96a31ed9e8e7') in 0.071018 seconds
Number of updated asset objects reloaded before import = 0Number of asset objects unloaded after import = 1

========================================================================
Received Import Request.
  Time since last request: 0.000043 seconds.
  path: Assets/apartment/apartment_tv table_Normal.png
  artifactKey: Guid(29a93076a15b17f4f8afa3ca10e8df8a) Importer(2089858483,192608db42251d675da83286b1cce702)
Start importing Assets/apartment/apartment_tv table_Normal.png using Guid(29a93076a15b17f4f8afa3ca10e8df8a) Importer(2089858483,192608db42251d675da83286b1cce702) (ScriptedImporter) -> (artifact id: '47aafce01560777c59dcd272756e084f') in 0.0658149 seconds
Number of updated asset objects reloaded before import = 0Number of asset objects unloaded after import = 1

========================================================================
Received Import Request.
  Time since last request: 0.000135 seconds.
  path: Assets/apartment/apartment_trash_Roughness.png
  artifactKey: Guid(019a562508bb94649b3ad29c592d0bb7) Importer(2089858483,192608db42251d675da83286b1cce702)
Start importing Assets/apartment/apartment_trash_Roughness.png using Guid(019a562508bb94649b3ad29c592d0bb7) Importer(2089858483,192608db42251d675da83286b1cce702) (ScriptedImporter) -> (artifact id: 'e1b804556cc2b910830d000f350fb3c9') in 0.0708725 seconds
Number of updated asset objects reloaded before import = 0Number of asset objects unloaded after import = 1

========================================================================
Received Import Request.
  Time since last request: 0.000035 seconds.
  path: Assets/apartment/apartment_window frame_Metallic.png
  artifactKey: Guid(03303afcdde02334b8c2485092e189ac) Importer(2089858483,192608db42251d675da83286b1cce702)
Start importing Assets/apartment/apartment_window frame_Metallic.png using Guid(03303afcdde02334b8c2485092e189ac) Importer(2089858483,192608db42251d675da83286b1cce702) (ScriptedImporter) -> (artifact id: 'de4c24ec5c292fda461ac002f88bd41b') in 0.070996 seconds
Number of updated asset objects reloaded before import = 0Number of asset objects unloaded after import = 1

========================================================================
Received Import Request.
  Time since last request: 0.000056 seconds.
  path: Assets/apartment/apartment_lamp_Normal.png
  artifactKey: Guid(3315fefe4b395c144aa05d1743648379) Importer(2089858483,192608db42251d675da83286b1cce702)
Start importing Assets/apartment/apartment_lamp_Normal.png using Guid(3315fefe4b395c144aa05d1743648379) Importer(2089858483,192608db42251d675da83286b1cce702) (ScriptedImporter) -> (artifact id: 'e35daac2af46f5d501553036b3fddbbd') in 0.0706484 seconds
Number of updated asset objects reloaded before import = 0Number of asset objects unloaded after import = 1

========================================================================
Received Import Request.
  Time since last request: 0.000041 seconds.
  path: Assets/apartment/apartment_trash_Normal.png
  artifactKey: Guid(0a494a6948a0ab147a2618d91693402b) Importer(2089858483,192608db42251d675da83286b1cce702)
Start importing Assets/apartment/apartment_trash_Normal.png using Guid(0a494a6948a0ab147a2618d91693402b) Importer(2089858483,192608db42251d675da83286b1cce702) (ScriptedImporter) -> (artifact id: 'bf6703ced1cbf605b63c29b27a2b43b9') in 0.0674212 seconds
Number of updated asset objects reloaded before import = 0Number of asset objects unloaded after import = 1

========================================================================
Received Import Request.
  Time since last request: 0.000079 seconds.
  path: Assets/yawm.anim
  artifactKey: Guid(eda9123fc5661054795797e4a7f8d07a) Importer(2089858483,192608db42251d675da83286b1cce702)
Start importing Assets/yawm.anim using Guid(eda9123fc5661054795797e4a7f8d07a) Importer(2089858483,192608db42251d675da83286b1cce702) (ScriptedImporter) -> (artifact id: '90919b0273b64b2fcd44b679d0bff168') in 0.0495284 seconds
Number of updated asset objects reloaded before import = 0Number of asset objects unloaded after import = 1

========================================================================
Received Import Request.
  Time since last request: 0.000119 seconds.
  path: Assets/Elevator hall/Elevator hall_door_knob_material_BaseColor.png
  artifactKey: Guid(1ceb64efcb688b645bb831d339142f07) Importer(2089858483,192608db42251d675da83286b1cce702)
Start importing Assets/Elevator hall/Elevator hall_door_knob_material_BaseColor.png using Guid(1ceb64efcb688b645bb831d339142f07) Importer(2089858483,192608db42251d675da83286b1cce702) (ScriptedImporter) -> (artifact id: '3384b7813b720a248c659f30801c22a0') in 0.0476715 seconds
Number of updated asset objects reloaded before import = 0Number of asset objects unloaded after import = 1

========================================================================
Received Import Request.
  Time since last request: 0.000046 seconds.
  path: Assets/Elevator hall/Elevator hall_door_1_material_Metallic.png
  artifactKey: Guid(24e9165ac5f8c9e48a4d393dd116c38d) Importer(2089858483,192608db42251d675da83286b1cce702)
Start importing Assets/Elevator hall/Elevator hall_door_1_material_Metallic.png using Guid(24e9165ac5f8c9e48a4d393dd116c38d) Importer(2089858483,192608db42251d675da83286b1cce702) (ScriptedImporter) -> (artifact id: 'c41565076e1da1f3dc5db672e2d50e7a') in 0.0583051 seconds
Number of updated asset objects reloaded before import = 0Number of asset objects unloaded after import = 1

========================================================================
Received Import Request.
  Time since last request: 0.000047 seconds.
  path: Assets/Elevator hall/Elevator hall_floor_material_BaseColor.png
  artifactKey: Guid(ac961d7dbd7b9694c8f5e690b3b8bb66) Importer(2089858483,192608db42251d675da83286b1cce702)
Start importing Assets/Elevator hall/Elevator hall_floor_material_BaseColor.png using Guid(ac961d7dbd7b9694c8f5e690b3b8bb66) Importer(2089858483,192608db42251d675da83286b1cce702) (ScriptedImporter) -> (artifact id: '7551878fd9a794823313707c4b22b42f') in 0.0515151 seconds
Number of updated asset objects reloaded before import = 0Number of asset objects unloaded after import = 1

========================================================================
Received Import Request.
  Time since last request: 0.000037 seconds.
  path: Assets/Elevator hall/Elevator hall_door_material_Height.png
  artifactKey: Guid(1ff2aa6a0595f26438b25105dd78d3ef) Importer(2089858483,192608db42251d675da83286b1cce702)
Start importing Assets/Elevator hall/Elevator hall_door_material_Height.png using Guid(1ff2aa6a0595f26438b25105dd78d3ef) Importer(2089858483,192608db42251d675da83286b1cce702) (ScriptedImporter) -> (artifact id: '2666c4a1f91163ff2f585e386d41d949') in 0.0620509 seconds
Number of updated asset objects reloaded before import = 0Number of asset objects unloaded after import = 1

========================================================================
Received Import Request.
  Time since last request: 0.000042 seconds.
  path: Assets/Elevator hall/Elevator hall_door_material_Metallic.png
  artifactKey: Guid(edabe30ba06bd264f8912d9602790baf) Importer(2089858483,192608db42251d675da83286b1cce702)
Start importing Assets/Elevator hall/Elevator hall_door_material_Metallic.png using Guid(edabe30ba06bd264f8912d9602790baf) Importer(2089858483,192608db42251d675da83286b1cce702) (ScriptedImporter) -> (artifact id: '682d703acd079b4369813ec3f1ca0f0c') in 0.0494578 seconds
Number of updated asset objects reloaded before import = 0Number of asset objects unloaded after import = 1

========================================================================
Received Import Request.
  Time since last request: 0.000032 seconds.
  path: Assets/Elevator hall/Elevator hall_door_1_material_Normal.png
  artifactKey: Guid(8b4e708e3c0f0ba45be0c0eb5b1fe809) Importer(2089858483,192608db42251d675da83286b1cce702)
Start importing Assets/Elevator hall/Elevator hall_door_1_material_Normal.png using Guid(8b4e708e3c0f0ba45be0c0eb5b1fe809) Importer(2089858483,192608db42251d675da83286b1cce702) (ScriptedImporter) -> (artifact id: '594aad8aa7f9744042bd61aa3c9b70c1') in 0.0597942 seconds
Number of updated asset objects reloaded before import = 0Number of asset objects unloaded after import = 1

========================================================================
Received Import Request.
  Time since last request: 0.001120 seconds.
  path: Assets/Elevator hall/Elevator hall_door_1_material_Height.png
  artifactKey: Guid(a704294c4d6ba7644a04a4e77a03b2b1) Importer(2089858483,192608db42251d675da83286b1cce702)
Start importing Assets/Elevator hall/Elevator hall_door_1_material_Height.png using Guid(a704294c4d6ba7644a04a4e77a03b2b1) Importer(2089858483,192608db42251d675da83286b1cce702) (ScriptedImporter) -> (artifact id: 'dde0deb77008846384a2c5ecaa3b16b2') in 0.0761448 seconds
Number of updated asset objects reloaded before import = 0Number of asset objects unloaded after import = 1

========================================================================
Received Import Request.
  Time since last request: 0.000043 seconds.
  path: Assets/apartment/apartment_window frame_BaseColor.png
  artifactKey: Guid(167a6821b2310504cba58ae12afc3a9a) Importer(2089858483,192608db42251d675da83286b1cce702)
Start importing Assets/apartment/apartment_window frame_BaseColor.png using Guid(167a6821b2310504cba58ae12afc3a9a) Importer(2089858483,192608db42251d675da83286b1cce702) (ScriptedImporter) -> (artifact id: '35391fa834d5fa8f3adf7b166b784e71') in 0.0634365 seconds
Number of updated asset objects reloaded before import = 0Number of asset objects unloaded after import = 1

========================================================================
Received Import Request.
  Time since last request: 0.000061 seconds.
  path: Assets/apartment/apartment_chair_Metallic.png
  artifactKey: Guid(c2db529368957404fbc8e3bcfdbe44a7) Importer(2089858483,192608db42251d675da83286b1cce702)
Start importing Assets/apartment/apartment_chair_Metallic.png using Guid(c2db529368957404fbc8e3bcfdbe44a7) Importer(2089858483,192608db42251d675da83286b1cce702) (ScriptedImporter) -> (artifact id: '2faeddf70819d54e150a1647d342f353') in 0.068132 seconds
Number of updated asset objects reloaded before import = 0Number of asset objects unloaded after import = 1

========================================================================
Received Import Request.
  Time since last request: 0.000082 seconds.
  path: Assets/plant.mat
  artifactKey: Guid(fce09ffb330f6cc40b04aac97fc11998) Importer(2089858483,192608db42251d675da83286b1cce702)
Start importing Assets/plant.mat using Guid(fce09ffb330f6cc40b04aac97fc11998) Importer(2089858483,192608db42251d675da83286b1cce702) (ScriptedImporter) -> (artifact id: 'c2bec6a64c2fab7c8353ec13896a9cca') in 0.0367546 seconds
Number of updated asset objects reloaded before import = 0Number of asset objects unloaded after import = 2

========================================================================
Received Import Request.
  Time since last request: 0.000197 seconds.
  path: Assets/Booty Hip Hop Dance.fbx
  artifactKey: Guid(18ab04ca32369984994e3d561fc70003) Importer(2089858483,192608db42251d675da83286b1cce702)
Start importing Assets/Booty Hip Hop Dance.fbx using Guid(18ab04ca32369984994e3d561fc70003) Importer(2089858483,192608db42251d675da83286b1cce702) (ScriptedImporter) -> (artifact id: '0438325db131caeb919fa541c744560a') in 0.0616843 seconds
Number of updated asset objects reloaded before import = 0Number of asset objects unloaded after import = 150

========================================================================
Received Import Request.
  Time since last request: 0.000028 seconds.
  path: Assets/HazardCone1.obj
  artifactKey: Guid(be70628baa3d4454191fd3f796372de7) Importer(2089858483,192608db42251d675da83286b1cce702)
Start importing Assets/HazardCone1.obj using Guid(be70628baa3d4454191fd3f796372de7) Importer(2089858483,192608db42251d675da83286b1cce702) (ScriptedImporter) -> (artifact id: 'cfee8bd7832fa94c6ba7a9a01c2d5e6b') in 0.0446532 seconds
Number of updated asset objects reloaded before import = 0Number of asset objects unloaded after import = 9

========================================================================
Received Import Request.
  Time since last request: 0.000049 seconds.
  path: Assets/elevator_ceetification_material_BaseColor.png
  artifactKey: Guid(10b97db7d3db2b24ead09e7306fc8a38) Importer(2089858483,192608db42251d675da83286b1cce702)
Start importing Assets/elevator_ceetification_material_BaseColor.png using Guid(10b97db7d3db2b24ead09e7306fc8a38) Importer(2089858483,192608db42251d675da83286b1cce702) (ScriptedImporter) -> (artifact id: 'f7db474703bdb0b177f579f39a5af2bb') in 0.0449589 seconds
Number of updated asset objects reloaded before import = 0Number of asset objects unloaded after import = 1

========================================================================
Received Import Request.
  Time since last request: 0.000037 seconds.
  path: Assets/apartment/apartment_tv_BaseColor.png
  artifactKey: Guid(02d17284799f21d4fb5dd9f44697e462) Importer(2089858483,192608db42251d675da83286b1cce702)
Start importing Assets/apartment/apartment_tv_BaseColor.png using Guid(02d17284799f21d4fb5dd9f44697e462) Importer(2089858483,192608db42251d675da83286b1cce702) (ScriptedImporter) -> (artifact id: '5e07ce3e104592e95207bf1245754fde') in 0.0638263 seconds
Number of updated asset objects reloaded before import = 0Number of asset objects unloaded after import = 1

========================================================================
Received Import Request.
  Time since last request: 0.000152 seconds.
  path: Assets/elevator texture/elevator_aiStandardSurface9_Metallic.png
  artifactKey: Guid(9ea4101ce3a60b44e9adb795d178eb09) Importer(2089858483,192608db42251d675da83286b1cce702)
Start importing Assets/elevator texture/elevator_aiStandardSurface9_Metallic.png using Guid(9ea4101ce3a60b44e9adb795d178eb09) Importer(2089858483,192608db42251d675da83286b1cce702) (ScriptedImporter) -> (artifact id: '09f7df9941f75e48ac27651af602faa3') in 0.0674311 seconds
Number of updated asset objects reloaded before import = 0Number of asset objects unloaded after import = 1

========================================================================
Received Import Request.
  Time since last request: 0.000033 seconds.
  path: Assets/elevator texture/elevator_door_plaque_material_BaseColor.png
  artifactKey: Guid(b1c79bea122b9e345b6869bce50bec28) Importer(2089858483,192608db42251d675da83286b1cce702)
Start importing Assets/elevator texture/elevator_door_plaque_material_BaseColor.png using Guid(b1c79bea122b9e345b6869bce50bec28) Importer(2089858483,192608db42251d675da83286b1cce702) (ScriptedImporter) -> (artifact id: '08e394320dec892195bd3f2e61790c01') in 0.0630224 seconds
Number of updated asset objects reloaded before import = 0Number of asset objects unloaded after import = 1

========================================================================
Received Import Request.
  Time since last request: 0.000029 seconds.
  path: Assets/elevator texture/elevator_ceetification_material_Roughness.png
  artifactKey: Guid(9a5b9e027c947924fab6adaa9a3172b4) Importer(2089858483,192608db42251d675da83286b1cce702)
Start importing Assets/elevator texture/elevator_ceetification_material_Roughness.png using Guid(9a5b9e027c947924fab6adaa9a3172b4) Importer(2089858483,192608db42251d675da83286b1cce702) (ScriptedImporter) -> (artifact id: '248529e0637fee4fd6f6883eeb5d33b3') in 0.0607457 seconds
Number of updated asset objects reloaded before import = 0Number of asset objects unloaded after import = 1

========================================================================
Received Import Request.
  Time since last request: 0.000034 seconds.
  path: Assets/Elevator hall/Elevator hall_wall_material_Roughness.png
  artifactKey: Guid(8692f941b133acd40a964ed044d2d77a) Importer(2089858483,192608db42251d675da83286b1cce702)
Start importing Assets/Elevator hall/Elevator hall_wall_material_Roughness.png using Guid(8692f941b133acd40a964ed044d2d77a) Importer(2089858483,192608db42251d675da83286b1cce702) (ScriptedImporter) -> (artifact id: '761f9139d253d2da69220f34779f556e') in 0.0483702 seconds
Number of updated asset objects reloaded before import = 0Number of asset objects unloaded after import = 1

========================================================================
Received Import Request.
  Time since last request: 0.000070 seconds.
  path: Assets/Elevator hall/Elevator hall_wall_material_BaseColor.png
  artifactKey: Guid(7ccbcbe6ed7732c4db3ac8abbf4aefe6) Importer(2089858483,192608db42251d675da83286b1cce702)
Start importing Assets/Elevator hall/Elevator hall_wall_material_BaseColor.png using Guid(7ccbcbe6ed7732c4db3ac8abbf4aefe6) Importer(2089858483,192608db42251d675da83286b1cce702) (ScriptedImporter) -> (artifact id: '8c33b82e8b88ef5f489cb2eb1fbafea4') in 0.0424151 seconds
Number of updated asset objects reloaded before import = 0Number of asset objects unloaded after import = 1

========================================================================
Received Import Request.
  Time since last request: 0.000057 seconds.
  path: Assets/Elevator hall/Elevator hall_plaque_material_Roughness.png
  artifactKey: Guid(d70a2792e483e1142bdf5f99a005aa32) Importer(2089858483,192608db42251d675da83286b1cce702)
Start importing Assets/Elevator hall/Elevator hall_plaque_material_Roughness.png using Guid(d70a2792e483e1142bdf5f99a005aa32) Importer(2089858483,192608db42251d675da83286b1cce702) (ScriptedImporter) -> (artifact id: 'd2cec6fe2dabc4c43c2655195daeed68') in 0.0411578 seconds
Number of updated asset objects reloaded before import = 0Number of asset objects unloaded after import = 1

========================================================================
Received Import Request.
  Time since last request: 0.000119 seconds.
  path: Assets/Elevator hall/Elevator hall_floor_material_Roughness.png
  artifactKey: Guid(65d1281670d31ec4fa066a2d15701b5c) Importer(2089858483,192608db42251d675da83286b1cce702)
Start importing Assets/Elevator hall/Elevator hall_floor_material_Roughness.png using Guid(65d1281670d31ec4fa066a2d15701b5c) Importer(2089858483,192608db42251d675da83286b1cce702) (ScriptedImporter) -> (artifact id: '19041a5ff2677cc34dd73e3d1cc4f5ea') in 0.049207 seconds
Number of updated asset objects reloaded before import = 0Number of asset objects unloaded after import = 1

========================================================================
Received Import Request.
  Time since last request: 0.000075 seconds.
  path: Assets/elevator texture/elevator_aiStandardSurface9_Height.png
  artifactKey: Guid(17d02527d4fd5d440bbe07bef5b12c9f) Importer(2089858483,192608db42251d675da83286b1cce702)
Start importing Assets/elevator texture/elevator_aiStandardSurface9_Height.png using Guid(17d02527d4fd5d440bbe07bef5b12c9f) Importer(2089858483,192608db42251d675da83286b1cce702) (ScriptedImporter) -> (artifact id: '48f3ea27b9e39700c2998c54bea0d9f3') in 0.0622916 seconds
Number of updated asset objects reloaded before import = 0Number of asset objects unloaded after import = 1

========================================================================
Received Import Request.
  Time since last request: 0.000030 seconds.
  path: Assets/Elevator hall/Elevator hall_floor_material_Normal.png
  artifactKey: Guid(037522c961227274885b8915e5dafa7a) Importer(2089858483,192608db42251d675da83286b1cce702)
Start importing Assets/Elevator hall/Elevator hall_floor_material_Normal.png using Guid(037522c961227274885b8915e5dafa7a) Importer(2089858483,192608db42251d675da83286b1cce702) (ScriptedImporter) -> (artifact id: 'f61b63d25c301bfcdb6347d5154040ef') in 0.0493614 seconds
Number of updated asset objects reloaded before import = 0Number of asset objects unloaded after import = 1

========================================================================
Received Import Request.
  Time since last request: 0.000041 seconds.
  path: Assets/elevator texture/elevator_door_plaque_material_Height.png
  artifactKey: Guid(c040be1424c0ed54c9d73452b1eec67b) Importer(2089858483,192608db42251d675da83286b1cce702)
Start importing Assets/elevator texture/elevator_door_plaque_material_Height.png using Guid(c040be1424c0ed54c9d73452b1eec67b) Importer(2089858483,192608db42251d675da83286b1cce702) (ScriptedImporter) -> (artifact id: '6c3dab88ce8542b2beff672b9f915cf3') in 0.0715811 seconds
Number of updated asset objects reloaded before import = 0Number of asset objects unloaded after import = 1

========================================================================
Received Import Request.
  Time since last request: 0.000035 seconds.
  path: Assets/Elevator hall/Elevator hall_floor_material_Metallic.png
  artifactKey: Guid(63afeb6a21e0e4947a8958096092142a) Importer(2089858483,192608db42251d675da83286b1cce702)
Start importing Assets/Elevator hall/Elevator hall_floor_material_Metallic.png using Guid(63afeb6a21e0e4947a8958096092142a) Importer(2089858483,192608db42251d675da83286b1cce702) (ScriptedImporter) -> (artifact id: 'c71e4ec58d9b24fd9c8c719d94ac8a91') in 0.0481061 seconds
Number of updated asset objects reloaded before import = 0Number of asset objects unloaded after import = 1

========================================================================
Received Import Request.
  Time since last request: 0.000058 seconds.
  path: Assets/apartment/apartment_stove_Normal.png
  artifactKey: Guid(0027d6ae684a9d84a8ea53495b921ca5) Importer(2089858483,192608db42251d675da83286b1cce702)
Start importing Assets/apartment/apartment_stove_Normal.png using Guid(0027d6ae684a9d84a8ea53495b921ca5) Importer(2089858483,192608db42251d675da83286b1cce702) (ScriptedImporter) -> (artifact id: 'a075285082bc1a5d29ba7fb188f1f06b') in 0.0740438 seconds
Number of updated asset objects reloaded before import = 0Number of asset objects unloaded after import = 1

========================================================================
Received Import Request.
  Time since last request: 0.000036 seconds.
  path: Assets/apartment/apartment_window_Normal.png
  artifactKey: Guid(9133587c09c324448893fc31c4e0df83) Importer(2089858483,192608db42251d675da83286b1cce702)
Start importing Assets/apartment/apartment_window_Normal.png using Guid(9133587c09c324448893fc31c4e0df83) Importer(2089858483,192608db42251d675da83286b1cce702) (ScriptedImporter) -> (artifact id: 'fdc1583eab2be6939f728bc6d6cb022b') in 0.0579432 seconds
Number of updated asset objects reloaded before import = 0Number of asset objects unloaded after import = 1

========================================================================
Received Prepare
Default GameObject BitMask: UI already registered
Refreshing native plugins compatible for Editor in 27.35 ms, found 3 plugins.
Preloading 0 native plugins for Editor in 0.00 ms.
Unloading 12 Unused Serialized files (Serialized files now loaded: 0)
Unloading 4076 unused Assets / (3.1 MB). Loaded Objects now: 4690.
Memory consumption went from 101.0 MB to 97.9 MB.
Total: 57.264000 ms (FindLiveObjects: 2.544000 ms CreateObjectMapping: 0.896900 ms MarkObjects: 49.990100 ms  DeleteObjects: 3.830000 ms)

Prepare: number of updated asset objects reloaded= 0
========================================================================
Received Import Request.
  Time since last request: 0.730339 seconds.
  path: Assets/elevator texture/elevator_door_plaque_material_Normal.png
  artifactKey: Guid(876983e41722a20488b7c5c23c742230) Importer(2089858483,192608db42251d675da83286b1cce702)
Start importing Assets/elevator texture/elevator_door_plaque_material_Normal.png using Guid(876983e41722a20488b7c5c23c742230) Importer(2089858483,192608db42251d675da83286b1cce702) (ScriptedImporter) -> (artifact id: '0b5989c0036b98d6ca9af2587877e033') in 0.1183135 seconds
Number of updated asset objects reloaded before import = 0Number of asset objects unloaded after import = 1

========================================================================
Received Import Request.
  Time since last request: 0.000051 seconds.
  path: Assets/elevator texture/elevator_floor_button_material_BaseColor.png
  artifactKey: Guid(8c1653eed319998428982016deb45af3) Importer(2089858483,192608db42251d675da83286b1cce702)
Start importing Assets/elevator texture/elevator_floor_button_material_BaseColor.png using Guid(8c1653eed319998428982016deb45af3) Importer(2089858483,192608db42251d675da83286b1cce702) (ScriptedImporter) -> (artifact id: '9d0ba96a88a4b8dc4c7ea95552848688') in 0.0966516 seconds
Number of updated asset objects reloaded before import = 0Number of asset objects unloaded after import = 1

========================================================================
Received Import Request.
  Time since last request: 0.002814 seconds.
  path: Assets/elevator texture/elevator_elevator_door_1_metal1_BaseColor.png
  artifactKey: Guid(c41b9fb1f62aee24d839f88643390cad) Importer(2089858483,192608db42251d675da83286b1cce702)
Start importing Assets/elevator texture/elevator_elevator_door_1_metal1_BaseColor.png using Guid(c41b9fb1f62aee24d839f88643390cad) Importer(2089858483,192608db42251d675da83286b1cce702) (ScriptedImporter) -> (artifact id: '9b0956fc1eafabbf91dbbf5027b69489') in 0.1798609 seconds
Number of updated asset objects reloaded before import = 0Number of asset objects unloaded after import = 1

========================================================================
Received Import Request.
  Time since last request: 0.001023 seconds.
  path: Assets/elevator texture/elevator_emergency_button_material_BaseColor.png
  artifactKey: Guid(da3b600b0bea6d5428cfbd44078da214) Importer(2089858483,192608db42251d675da83286b1cce702)
Start importing Assets/elevator texture/elevator_emergency_button_material_BaseColor.png using Guid(da3b600b0bea6d5428cfbd44078da214) Importer(2089858483,192608db42251d675da83286b1cce702) (ScriptedImporter) -> (artifact id: 'e04b62043ee801e471dc4c05c334205e') in 0.1052305 seconds
Number of updated asset objects reloaded before import = 0Number of asset objects unloaded after import = 1

========================================================================
Received Import Request.
  Time since last request: 0.000057 seconds.
  path: Assets/script/GunPiclkUp.cs
  artifactKey: Guid(78c2d5b31980c454585b70d5e4f846bc) Importer(815301076,1909f56bfc062723c751e8b465ee728b)
Start importing Assets/script/GunPiclkUp.cs using Guid(78c2d5b31980c454585b70d5e4f846bc) Importer(815301076,1909f56bfc062723c751e8b465ee728b) (PreviewImporter) -> (artifact id: '9d028611a16db91cf6202f573f1f13f7') in 0.0043492 seconds
Number of updated asset objects reloaded before import = 0Number of asset objects unloaded after import = 0

========================================================================
Received Import Request.
  Time since last request: 0.001270 seconds.
  path: Assets/elevator texture/elevator_elevator_door_2_material_Normal.png
  artifactKey: Guid(4a7e397c23d048f4fb4635c079af2973) Importer(2089858483,192608db42251d675da83286b1cce702)
Start importing Assets/elevator texture/elevator_elevator_door_2_material_Normal.png using Guid(4a7e397c23d048f4fb4635c079af2973) Importer(2089858483,192608db42251d675da83286b1cce702) (ScriptedImporter) -> (artifact id: 'b84ef5fb0d57cd7cf7bb97e8d029d0df') in 0.0842577 seconds
Number of updated asset objects reloaded before import = 0Number of asset objects unloaded after import = 1

========================================================================
Received Import Request.
  Time since last request: 0.000041 seconds.
  path: Assets/elevator texture/elevator_elevator_door_1_metal1_Roughness.png
  artifactKey: Guid(645c4c832621c6b4ca6cc1d791c46008) Importer(2089858483,192608db42251d675da83286b1cce702)
Start importing Assets/elevator texture/elevator_elevator_door_1_metal1_Roughness.png using Guid(645c4c832621c6b4ca6cc1d791c46008) Importer(2089858483,192608db42251d675da83286b1cce702) (ScriptedImporter) -> (artifact id: 'd035cebb6ab2340c1df463bfc6cff009') in 0.0722748 seconds
Number of updated asset objects reloaded before import = 0Number of asset objects unloaded after import = 1

========================================================================
Received Import Request.
  Time since last request: 0.000037 seconds.
  path: Assets/elevator texture/elevator_elevator_metal_door_2_material_BaseColor.png
  artifactKey: Guid(1495b6ca2dff19541a0be214cccc0f54) Importer(2089858483,192608db42251d675da83286b1cce702)
Start importing Assets/elevator texture/elevator_elevator_metal_door_2_material_BaseColor.png using Guid(1495b6ca2dff19541a0be214cccc0f54) Importer(2089858483,192608db42251d675da83286b1cce702) (ScriptedImporter) -> (artifact id: 'cafee21bb1b357361e5c0230f96a8b20') in 0.0584806 seconds
Number of updated asset objects reloaded before import = 0Number of asset objects unloaded after import = 1

========================================================================
Received Import Request.
  Time since last request: 0.000413 seconds.
  path: Assets/elevator texture/elevator_elevator_door_2_material_Metallic.png
  artifactKey: Guid(cde9bc6af04cdf64fadef004e3b07a28) Importer(2089858483,192608db42251d675da83286b1cce702)
Start importing Assets/elevator texture/elevator_elevator_door_2_material_Metallic.png using Guid(cde9bc6af04cdf64fadef004e3b07a28) Importer(2089858483,192608db42251d675da83286b1cce702) (ScriptedImporter) -> (artifact id: '8be8d2df362543c75687391f7e1f05e7') in 0.0762154 seconds
Number of updated asset objects reloaded before import = 0Number of asset objects unloaded after import = 1

========================================================================
Received Import Request.
  Time since last request: 0.000045 seconds.
  path: Assets/elevator texture/elevator_floor_material_Metallic.png
  artifactKey: Guid(59d80ca8946d11f4cbeffeddd47dc826) Importer(2089858483,192608db42251d675da83286b1cce702)
Start importing Assets/elevator texture/elevator_floor_material_Metallic.png using Guid(59d80ca8946d11f4cbeffeddd47dc826) Importer(2089858483,192608db42251d675da83286b1cce702) (ScriptedImporter) -> (artifact id: '2d6070e1a5d3c17b981c6607ba774d50') in 0.0763109 seconds
Number of updated asset objects reloaded before import = 0Number of asset objects unloaded after import = 1

========================================================================
Received Import Request.
  Time since last request: 0.000041 seconds.
  path: Assets/elevator texture/elevator_floor_material_Height.png
  artifactKey: Guid(a4603ee7a0314f440b09baa8aa9b5872) Importer(2089858483,192608db42251d675da83286b1cce702)
Start importing Assets/elevator texture/elevator_floor_material_Height.png using Guid(a4603ee7a0314f440b09baa8aa9b5872) Importer(2089858483,192608db42251d675da83286b1cce702) (ScriptedImporter) -> (artifact id: '664fc17aab25069b984ac53cffa71b57') in 0.0666016 seconds
Number of updated asset objects reloaded before import = 0Number of asset objects unloaded after import = 1

========================================================================
Received Import Request.
  Time since last request: 0.000040 seconds.
  path: Assets/elevator texture/elevator_floor_button_material_Height.png
  artifactKey: Guid(2b6cd7d205978684c875cd373c4e082a) Importer(2089858483,192608db42251d675da83286b1cce702)
Start importing Assets/elevator texture/elevator_floor_button_material_Height.png using Guid(2b6cd7d205978684c875cd373c4e082a) Importer(2089858483,192608db42251d675da83286b1cce702) (ScriptedImporter) -> (artifact id: 'cd3109cc5a9e636d92dac00de48404ef') in 0.0555762 seconds
Number of updated asset objects reloaded before import = 0Number of asset objects unloaded after import = 1

========================================================================
Received Import Request.
  Time since last request: 0.000114 seconds.
  path: Assets/elevator texture/elevator_elevator_door_2_material_BaseColor.png
  artifactKey: Guid(569260b6b552de14bbfea8c477f9dd5a) Importer(2089858483,192608db42251d675da83286b1cce702)
Start importing Assets/elevator texture/elevator_elevator_door_2_material_BaseColor.png using Guid(569260b6b552de14bbfea8c477f9dd5a) Importer(2089858483,192608db42251d675da83286b1cce702) (ScriptedImporter) -> (artifact id: '70640589bea24207c8e9dae6e0daa421') in 0.0613553 seconds
Number of updated asset objects reloaded before import = 0Number of asset objects unloaded after import = 1

========================================================================
Received Import Request.
  Time since last request: 0.000025 seconds.
  path: Assets/elevator texture/elevator_elevator_door_1_material_BaseColor.png
  artifactKey: Guid(0c0606294206f5344bfe07d84544a9dd) Importer(2089858483,192608db42251d675da83286b1cce702)
Start importing Assets/elevator texture/elevator_elevator_door_1_material_BaseColor.png using Guid(0c0606294206f5344bfe07d84544a9dd) Importer(2089858483,192608db42251d675da83286b1cce702) (ScriptedImporter) -> (artifact id: '894e1f252157be08aafe701825873b8c') in 0.0659096 seconds
Number of updated asset objects reloaded before import = 0Number of asset objects unloaded after import = 1

========================================================================
Received Import Request.
  Time since last request: 0.000038 seconds.
  path: Assets/elevator texture/elevator_elevator_door_1_metal1_Metallic.png
  artifactKey: Guid(1c39f55784c47b04db61b2fabee93772) Importer(2089858483,192608db42251d675da83286b1cce702)
Start importing Assets/elevator texture/elevator_elevator_door_1_metal1_Metallic.png using Guid(1c39f55784c47b04db61b2fabee93772) Importer(2089858483,192608db42251d675da83286b1cce702) (ScriptedImporter) -> (artifact id: 'f91a3998566e3ffe2c9e983e0bb5156f') in 0.0606785 seconds
Number of updated asset objects reloaded before import = 0Number of asset objects unloaded after import = 1

========================================================================
Received Import Request.
  Time since last request: 0.000097 seconds.
  path: Assets/elevator texture/elevator_elevator_metal_door_2_material_Height.png
  artifactKey: Guid(ff4210ce5a972ff46bf5395625a66fe2) Importer(2089858483,192608db42251d675da83286b1cce702)
Start importing Assets/elevator texture/elevator_elevator_metal_door_2_material_Height.png using Guid(ff4210ce5a972ff46bf5395625a66fe2) Importer(2089858483,192608db42251d675da83286b1cce702) (ScriptedImporter) -> (artifact id: 'f95cf298e80029148ecefa3fd2ecbf8a') in 0.0642473 seconds
Number of updated asset objects reloaded before import = 0Number of asset objects unloaded after import = 1

========================================================================
Received Import Request.
  Time since last request: 0.000044 seconds.
  path: Assets/elevator texture/elevator_elevator_door_1_metal1_Height.png
  artifactKey: Guid(e691515e1467c3242b66293839331e4e) Importer(2089858483,192608db42251d675da83286b1cce702)
Start importing Assets/elevator texture/elevator_elevator_door_1_metal1_Height.png using Guid(e691515e1467c3242b66293839331e4e) Importer(2089858483,192608db42251d675da83286b1cce702) (ScriptedImporter) -> (artifact id: 'bf3a32c64c97364bd358a0439c9c8d83') in 0.0646543 seconds
Number of updated asset objects reloaded before import = 0Number of asset objects unloaded after import = 1

========================================================================
Received Import Request.
  Time since last request: 0.000048 seconds.
  path: Assets/elevator texture/elevator_floor_button_material_Roughness.png
  artifactKey: Guid(0dfd16918f69ff6458acbef8301b7882) Importer(2089858483,192608db42251d675da83286b1cce702)
Start importing Assets/elevator texture/elevator_floor_button_material_Roughness.png using Guid(0dfd16918f69ff6458acbef8301b7882) Importer(2089858483,192608db42251d675da83286b1cce702) (ScriptedImporter) -> (artifact id: '70fbecedcbcb46d6ca366aaeedf4d181') in 0.0622991 seconds
Number of updated asset objects reloaded before import = 0Number of asset objects unloaded after import = 1

========================================================================
Received Import Request.
  Time since last request: 0.000054 seconds.
  path: Assets/elevator texture/elevator_floor_material_Normal.png
  artifactKey: Guid(9eacf8b912d170c429ca5a97b85f2b95) Importer(2089858483,192608db42251d675da83286b1cce702)
Start importing Assets/elevator texture/elevator_floor_material_Normal.png using Guid(9eacf8b912d170c429ca5a97b85f2b95) Importer(2089858483,192608db42251d675da83286b1cce702) (ScriptedImporter) -> (artifact id: '9fdc00a94a334a3a03b1cf52e49b1bcb') in 0.0623402 seconds
Number of updated asset objects reloaded before import = 0Number of asset objects unloaded after import = 1

========================================================================
Received Import Request.
  Time since last request: 0.000031 seconds.
  path: Assets/elevator texture/elevator_elevator_door_2_material_Roughness.png
  artifactKey: Guid(2c6d1f735192e2545890c126d9131a81) Importer(2089858483,192608db42251d675da83286b1cce702)
Start importing Assets/elevator texture/elevator_elevator_door_2_material_Roughness.png using Guid(2c6d1f735192e2545890c126d9131a81) Importer(2089858483,192608db42251d675da83286b1cce702) (ScriptedImporter) -> (artifact id: '86d76fc920c13d15c21283274299ecbe') in 0.0624194 seconds
Number of updated asset objects reloaded before import = 0Number of asset objects unloaded after import = 1

========================================================================
Received Import Request.
  Time since last request: 0.000073 seconds.
  path: Assets/elevator texture/elevator_grip_bolt_material_Roughness.png
  artifactKey: Guid(234d6fc68877f8b48bc0a332283acabb) Importer(2089858483,192608db42251d675da83286b1cce702)
Start importing Assets/elevator texture/elevator_grip_bolt_material_Roughness.png using Guid(234d6fc68877f8b48bc0a332283acabb) Importer(2089858483,192608db42251d675da83286b1cce702) (ScriptedImporter) -> (artifact id: 'a59376b73cd1ce8afa413db2c8509b94') in 0.0690642 seconds
Number of updated asset objects reloaded before import = 0Number of asset objects unloaded after import = 1

========================================================================
Received Import Request.
  Time since last request: 0.000046 seconds.
  path: Assets/elevator texture/elevator_floor_material_Roughness.png
  artifactKey: Guid(44d0f6f02fdc7ef41b509bf64d2923a6) Importer(2089858483,192608db42251d675da83286b1cce702)
Start importing Assets/elevator texture/elevator_floor_material_Roughness.png using Guid(44d0f6f02fdc7ef41b509bf64d2923a6) Importer(2089858483,192608db42251d675da83286b1cce702) (ScriptedImporter) -> (artifact id: '8ffcbdad7857856b1c43b390c4a6b558') in 0.0598536 seconds
Number of updated asset objects reloaded before import = 0Number of asset objects unloaded after import = 1

========================================================================
Received Import Request.
  Time since last request: 0.253661 seconds.
  path: Assets/elevator texture/elevator_grip_material_BaseColor.png
  artifactKey: Guid(68a789a9a7be84848af8151d5b7f2244) Importer(2089858483,192608db42251d675da83286b1cce702)
Start importing Assets/elevator texture/elevator_grip_material_BaseColor.png using Guid(68a789a9a7be84848af8151d5b7f2244) Importer(2089858483,192608db42251d675da83286b1cce702) (ScriptedImporter) -> (artifact id: '979641dcfc43163ffdc306254abd4f78') in 0.0627442 seconds
Number of updated asset objects reloaded before import = 0Number of asset objects unloaded after import = 1

========================================================================
Received Import Request.
  Time since last request: 0.001902 seconds.
  path: Assets/elevator texture/elevator_phone_doot_material_Normal.png
  artifactKey: Guid(9510d55b63dc7964a82c1edc541c6069) Importer(2089858483,192608db42251d675da83286b1cce702)
Start importing Assets/elevator texture/elevator_phone_doot_material_Normal.png using Guid(9510d55b63dc7964a82c1edc541c6069) Importer(2089858483,192608db42251d675da83286b1cce702) (ScriptedImporter) -> (artifact id: '1c8a1b0b38389ce6e183116d668a624f') in 0.0682523 seconds
Number of updated asset objects reloaded before import = 0Number of asset objects unloaded after import = 1

========================================================================
Received Import Request.
  Time since last request: 0.000030 seconds.
  path: Assets/elevator texture/elevator_panel_material_Normal.png
  artifactKey: Guid(7f726697851e9b64083a41c71a11e7df) Importer(2089858483,192608db42251d675da83286b1cce702)
Start importing Assets/elevator texture/elevator_panel_material_Normal.png using Guid(7f726697851e9b64083a41c71a11e7df) Importer(2089858483,192608db42251d675da83286b1cce702) (ScriptedImporter) -> (artifact id: '90417d2dccd0026f1a5335b4325d055a') in 0.0608787 seconds
Number of updated asset objects reloaded before import = 0Number of asset objects unloaded after import = 1

========================================================================
Received Import Request.
  Time since last request: 0.000049 seconds.
  path: Assets/elevator texture/elevator_screen_material_BaseColor.png
  artifactKey: Guid(58d3636970e8628428b845c9d9c583fc) Importer(2089858483,192608db42251d675da83286b1cce702)
Start importing Assets/elevator texture/elevator_screen_material_BaseColor.png using Guid(58d3636970e8628428b845c9d9c583fc) Importer(2089858483,192608db42251d675da83286b1cce702) (ScriptedImporter) -> (artifact id: '49325a2bb8e3746d0d679c28714c2b2b') in 0.0613759 seconds
Number of updated asset objects reloaded before import = 0Number of asset objects unloaded after import = 1

========================================================================
Received Import Request.
  Time since last request: 0.000052 seconds.
  path: Assets/elevator texture/elevator_grip_material_Roughness.png
  artifactKey: Guid(b7f9e496fd4259542809612419e2b068) Importer(2089858483,192608db42251d675da83286b1cce702)
Start importing Assets/elevator texture/elevator_grip_material_Roughness.png using Guid(b7f9e496fd4259542809612419e2b068) Importer(2089858483,192608db42251d675da83286b1cce702) (ScriptedImporter) -> (artifact id: '209d8e0f9eae0b102beba65b7f12fdc0') in 0.0551817 seconds
Number of updated asset objects reloaded before import = 0Number of asset objects unloaded after import = 1

========================================================================
Received Import Request.
  Time since last request: 0.000055 seconds.
  path: Assets/elevator texture/elevator_screw_material_Roughness.png
  artifactKey: Guid(eb5abd3fdabe34948b87a681ad5c6c72) Importer(2089858483,192608db42251d675da83286b1cce702)
Start importing Assets/elevator texture/elevator_screw_material_Roughness.png using Guid(eb5abd3fdabe34948b87a681ad5c6c72) Importer(2089858483,192608db42251d675da83286b1cce702) (ScriptedImporter) -> (artifact id: '13e3fa2bed2203f570135280108c7aae') in 0.0403509 seconds
Number of updated asset objects reloaded before import = 0Number of asset objects unloaded after import = 1

========================================================================
Received Import Request.
  Time since last request: 0.000367 seconds.
  path: Assets/elevator texture/elevator_screen_material_Metallic.png
  artifactKey: Guid(324aa6ac356788b44a323671cbbd0c87) Importer(2089858483,192608db42251d675da83286b1cce702)
Start importing Assets/elevator texture/elevator_screen_material_Metallic.png using Guid(324aa6ac356788b44a323671cbbd0c87) Importer(2089858483,192608db42251d675da83286b1cce702) (ScriptedImporter) -> (artifact id: '0d5dcb83c328fa34ed7e732f1e62b12b') in 0.0637178 seconds
Number of updated asset objects reloaded before import = 0Number of asset objects unloaded after import = 1

========================================================================
Received Import Request.
  Time since last request: 0.000069 seconds.
  path: Assets/elevator texture/elevator_phone_doot_material_Height.png
  artifactKey: Guid(896253b62b88a874caa7e3c2c02811d3) Importer(2089858483,192608db42251d675da83286b1cce702)
Start importing Assets/elevator texture/elevator_phone_doot_material_Height.png using Guid(896253b62b88a874caa7e3c2c02811d3) Importer(2089858483,192608db42251d675da83286b1cce702) (ScriptedImporter) -> (artifact id: '8d34dedf3eb8d2bf6d71c84da570d992') in 0.0576817 seconds
Number of updated asset objects reloaded before import = 0Number of asset objects unloaded after import = 1

========================================================================
Received Import Request.
  Time since last request: 0.000198 seconds.
  path: Assets/elevator texture/elevator_screen_material_Roughness.png
  artifactKey: Guid(04b7c5367d89b0d49bb9229d18ea1508) Importer(2089858483,192608db42251d675da83286b1cce702)
Start importing Assets/elevator texture/elevator_screen_material_Roughness.png using Guid(04b7c5367d89b0d49bb9229d18ea1508) Importer(2089858483,192608db42251d675da83286b1cce702) (ScriptedImporter) -> (artifact id: '3d54e6599005a05b8e8a56970f729a8a') in 0.0416697 seconds
Number of updated asset objects reloaded before import = 0Number of asset objects unloaded after import = 1

========================================================================
Received Import Request.
  Time since last request: 0.000029 seconds.
  path: Assets/elevator texture/elevator_screw_material_Metallic.png
  artifactKey: Guid(5d62c8e76a1e35743a817217db806907) Importer(2089858483,192608db42251d675da83286b1cce702)
Start importing Assets/elevator texture/elevator_screw_material_Metallic.png using Guid(5d62c8e76a1e35743a817217db806907) Importer(2089858483,192608db42251d675da83286b1cce702) (ScriptedImporter) -> (artifact id: 'e01317d42be4232d96b2e14214373867') in 0.0403828 seconds
Number of updated asset objects reloaded before import = 0Number of asset objects unloaded after import = 1

========================================================================
Received Import Request.
  Time since last request: 0.000382 seconds.
  path: Assets/elevator texture/elevator_phone_doot_material_BaseColor.png
  artifactKey: Guid(1f0137c0f81505949ba3b2735cf5fbd5) Importer(2089858483,192608db42251d675da83286b1cce702)
Start importing Assets/elevator texture/elevator_phone_doot_material_BaseColor.png using Guid(1f0137c0f81505949ba3b2735cf5fbd5) Importer(2089858483,192608db42251d675da83286b1cce702) (ScriptedImporter) -> (artifact id: '662a57c50872c468a3cb7e7b57980ce7') in 0.0801474 seconds
Number of updated asset objects reloaded before import = 0Number of asset objects unloaded after import = 1

========================================================================
Received Import Request.
  Time since last request: 0.000588 seconds.
  path: Assets/elevator texture/elevator_screen_material_Normal.png
  artifactKey: Guid(63be4b5f21920f349945a0d7d4311510) Importer(2089858483,192608db42251d675da83286b1cce702)
Start importing Assets/elevator texture/elevator_screen_material_Normal.png using Guid(63be4b5f21920f349945a0d7d4311510) Importer(2089858483,192608db42251d675da83286b1cce702) (ScriptedImporter) -> (artifact id: 'a2ec806135bb7881fd26382390456040') in 0.0510031 seconds
Number of updated asset objects reloaded before import = 0Number of asset objects unloaded after import = 1

========================================================================
Received Import Request.
  Time since last request: 0.000636 seconds.
  path: Assets/Materials/Elevator hall-door_material.mat
  artifactKey: Guid(88644d5dabad34f4a891fff8d7370fb3) Importer(2089858483,192608db42251d675da83286b1cce702)
Start importing Assets/Materials/Elevator hall-door_material.mat using Guid(88644d5dabad34f4a891fff8d7370fb3) Importer(2089858483,192608db42251d675da83286b1cce702) (ScriptedImporter) -> (artifact id: '75bef75e97ddbf86b4dd475df02f425a') in 0.0549589 seconds
Number of updated asset objects reloaded before import = 0Number of asset objects unloaded after import = 1

========================================================================
Received Import Request.
  Time since last request: 0.000037 seconds.
  path: Assets/font/OCR-A Regular SDF.asset
  artifactKey: Guid(415426caa55e0d243930a445c91668d0) Importer(2089858483,192608db42251d675da83286b1cce702)
Start importing Assets/font/OCR-A Regular SDF.asset using Guid(415426caa55e0d243930a445c91668d0) Importer(2089858483,192608db42251d675da83286b1cce702) (ScriptedImporter) -> (artifact id: 'f5b24a62f6ea70b12d5628d2ca82298b') in 0.1591538 seconds
Number of updated asset objects reloaded before import = 0Number of asset objects unloaded after import = 3

========================================================================
Received Import Request.
  Time since last request: 0.000059 seconds.
  path: Assets/Materials/box_material.mat
  artifactKey: Guid(a9ea28403cca6644ebef35699349c644) Importer(2089858483,192608db42251d675da83286b1cce702)
Start importing Assets/Materials/box_material.mat using Guid(a9ea28403cca6644ebef35699349c644) Importer(2089858483,192608db42251d675da83286b1cce702) (ScriptedImporter) -> (artifact id: 'cced997a76e7900ad770f9456b7b37de') in 0.1402923 seconds
Number of updated asset objects reloaded before import = 0Number of asset objects unloaded after import = 4

========================================================================
Received Import Request.
  Time since last request: 0.000070 seconds.
  path: Assets/Footsteps - Essentials/hallway .wav
  artifactKey: Guid(d2cb06eb080d41b47981392fb74adc67) Importer(2089858483,192608db42251d675da83286b1cce702)
Start importing Assets/Footsteps - Essentials/hallway .wav using Guid(d2cb06eb080d41b47981392fb74adc67) Importer(2089858483,192608db42251d675da83286b1cce702) (ScriptedImporter) -> (artifact id: '8d521dc639857fad785d25b94db040e3') in 0.0580566 seconds
Number of updated asset objects reloaded before import = 0Number of asset objects unloaded after import = 1

========================================================================
Received Import Request.
  Time since last request: 0.000036 seconds.
  path: Assets/Materials/chair_material.mat
  artifactKey: Guid(e8ac87ef8f29d594f8562495b3b6fbb1) Importer(2089858483,192608db42251d675da83286b1cce702)
Start importing Assets/Materials/chair_material.mat using Guid(e8ac87ef8f29d594f8562495b3b6fbb1) Importer(2089858483,192608db42251d675da83286b1cce702) (ScriptedImporter) -> (artifact id: '1fe8ebd5ebfcad93f96e0e433eb1c096') in 0.1112452 seconds
Number of updated asset objects reloaded before import = 0Number of asset objects unloaded after import = 4

========================================================================
Received Import Request.
  Time since last request: 0.000034 seconds.
  path: Assets/elevator texture/elevator_wall_material_Normal.png
  artifactKey: Guid(06425745ffcd8e34088c28270d9067be) Importer(2089858483,192608db42251d675da83286b1cce702)
Start importing Assets/elevator texture/elevator_wall_material_Normal.png using Guid(06425745ffcd8e34088c28270d9067be) Importer(2089858483,192608db42251d675da83286b1cce702) (ScriptedImporter) -> (artifact id: 'c8e261f1a898bcf33bd7b4b47e91d3fe') in 0.0799883 seconds
Number of updated asset objects reloaded before import = 0Number of asset objects unloaded after import = 1

========================================================================
Received Import Request.
  Time since last request: 0.001209 seconds.
  path: Assets/Materials/Elevator hall-door_knob_material1.mat
  artifactKey: Guid(36d0f3c9ab9d9664ea96839be5c51f13) Importer(2089858483,192608db42251d675da83286b1cce702)
Start importing Assets/Materials/Elevator hall-door_knob_material1.mat using Guid(36d0f3c9ab9d9664ea96839be5c51f13) Importer(2089858483,192608db42251d675da83286b1cce702) (ScriptedImporter) -> (artifact id: 'a36f523943750f0fb329f664c5a60ae9') in 0.0547229 seconds
Number of updated asset objects reloaded before import = 0Number of asset objects unloaded after import = 5

========================================================================
Received Import Request.
  Time since last request: 0.000032 seconds.
  path: Assets/hitbar/Untitled-2_0000_hitcircle.png
  artifactKey: Guid(038148a57b493854dbfe8bcc3514a949) Importer(2089858483,192608db42251d675da83286b1cce702)
Start importing Assets/hitbar/Untitled-2_0000_hitcircle.png using Guid(038148a57b493854dbfe8bcc3514a949) Importer(2089858483,192608db42251d675da83286b1cce702) (ScriptedImporter) -> (artifact id: 'bf939a2fb431cb61e70290f2eb005418') in 0.0610049 seconds
Number of updated asset objects reloaded before import = 0Number of asset objects unloaded after import = 3

========================================================================
Received Import Request.
  Time since last request: 0.001012 seconds.
  path: Assets/Materials/elevator-grip_bolt_material1.mat
  artifactKey: Guid(27a0512f26d646d4f9f3d0f13947b8ed) Importer(2089858483,192608db42251d675da83286b1cce702)
Start importing Assets/Materials/elevator-grip_bolt_material1.mat using Guid(27a0512f26d646d4f9f3d0f13947b8ed) Importer(2089858483,192608db42251d675da83286b1cce702) (ScriptedImporter) -> (artifact id: '8c4e1d99de9399c7c1639b6c091ef5ce') in 0.0784765 seconds
Number of updated asset objects reloaded before import = 0Number of asset objects unloaded after import = 5

========================================================================
Received Import Request.
  Time since last request: 0.000056 seconds.
  path: Assets/Materials/Elevator hall-plaque_material.mat
  artifactKey: Guid(c1ac23699a1c554459de512aaf7851c7) Importer(2089858483,192608db42251d675da83286b1cce702)
Start importing Assets/Materials/Elevator hall-plaque_material.mat using Guid(c1ac23699a1c554459de512aaf7851c7) Importer(2089858483,192608db42251d675da83286b1cce702) (ScriptedImporter) -> (artifact id: '9ca666328997a5084187e623c3c6ef39') in 0.0626076 seconds
Number of updated asset objects reloaded before import = 0Number of asset objects unloaded after import = 1

========================================================================
Received Import Request.
  Time since last request: 0.000063 seconds.
  path: Assets/Materials/elevator-grip_material1.mat
  artifactKey: Guid(7c4be18e4abcb3a4eaf79e7a2a627bf5) Importer(2089858483,192608db42251d675da83286b1cce702)
Start importing Assets/Materials/elevator-grip_material1.mat using Guid(7c4be18e4abcb3a4eaf79e7a2a627bf5) Importer(2089858483,192608db42251d675da83286b1cce702) (ScriptedImporter) -> (artifact id: 'bae818fc1c1ea13a3789f3fa1c8bd259') in 0.0806676 seconds
Number of updated asset objects reloaded before import = 0Number of asset objects unloaded after import = 5

========================================================================
Received Import Request.
  Time since last request: 0.000054 seconds.
  path: Assets/Materials/Elevator hall-wall_material.mat
  artifactKey: Guid(dddf94cba28a38a4e841be021cb78377) Importer(2089858483,192608db42251d675da83286b1cce702)
Start importing Assets/Materials/Elevator hall-wall_material.mat using Guid(dddf94cba28a38a4e841be021cb78377) Importer(2089858483,192608db42251d675da83286b1cce702) (ScriptedImporter) -> (artifact id: 'ace67512485e7d1c587a3e42b1bb327b') in 0.0599505 seconds
Number of updated asset objects reloaded before import = 0Number of asset objects unloaded after import = 1

========================================================================
Received Import Request.
  Time since last request: 0.000039 seconds.
  path: Assets/Materials/elevator-emergency_button_material1.mat
  artifactKey: Guid(7d539925b443a8e468ac6746c910db5a) Importer(2089858483,192608db42251d675da83286b1cce702)
Start importing Assets/Materials/elevator-emergency_button_material1.mat using Guid(7d539925b443a8e468ac6746c910db5a) Importer(2089858483,192608db42251d675da83286b1cce702) (ScriptedImporter) -> (artifact id: 'f1c059083cbc1fcea975cd281c90d6cd') in 0.0583984 seconds
Number of updated asset objects reloaded before import = 0Number of asset objects unloaded after import = 5

========================================================================
Received Import Request.
  Time since last request: 0.000059 seconds.
  path: Assets/babe.png
  artifactKey: Guid(884717f6eab2f7e43a87759a5bb6cc71) Importer(2089858483,192608db42251d675da83286b1cce702)
Start importing Assets/babe.png using Guid(884717f6eab2f7e43a87759a5bb6cc71) Importer(2089858483,192608db42251d675da83286b1cce702) (ScriptedImporter) -> (artifact id: 'e0fb2ada931010aa8898bfe4a0a78db9') in 0.0643492 seconds
Number of updated asset objects reloaded before import = 0Number of asset objects unloaded after import = 1

========================================================================
Received Import Request.
  Time since last request: 0.000117 seconds.
  path: Assets/588718__collierhs_colinlib__elevator-ding.wav
  artifactKey: Guid(fb5f4b4db2c8c03418ce1329a6c83919) Importer(2089858483,192608db42251d675da83286b1cce702)
Start importing Assets/588718__collierhs_colinlib__elevator-ding.wav using Guid(fb5f4b4db2c8c03418ce1329a6c83919) Importer(2089858483,192608db42251d675da83286b1cce702) (ScriptedImporter) -> (artifact id: '104437dc47dec61d8600dd9a86f2f8e6') in 0.0648244 seconds
Number of updated asset objects reloaded before import = 0Number of asset objects unloaded after import = 1

========================================================================
Received Import Request.
  Time since last request: 0.001042 seconds.
  path: Assets/granny.fbx
  artifactKey: Guid(e3eeddef8a47e17479eaf49da1594bca) Importer(2089858483,192608db42251d675da83286b1cce702)
Start importing Assets/granny.fbx using Guid(e3eeddef8a47e17479eaf49da1594bca) Importer(2089858483,192608db42251d675da83286b1cce702) (ScriptedImporter) -> (artifact id: 'e31a30989d9f94470714a50820eabd3f') in 0.0895547 seconds
Number of updated asset objects reloaded before import = 0Number of asset objects unloaded after import = 188

========================================================================
Received Import Request.
  Time since last request: 0.000039 seconds.
  path: Assets/letters.png
  artifactKey: Guid(98885ce08a34db1479296a39aa00111d) Importer(2089858483,192608db42251d675da83286b1cce702)
Start importing Assets/letters.png using Guid(98885ce08a34db1479296a39aa00111d) Importer(2089858483,192608db42251d675da83286b1cce702) (ScriptedImporter) -> (artifact id: 'ac45ab9837114f28d35403aa8d92ee6b') in 0.0666812 seconds
Number of updated asset objects reloaded before import = 0Number of asset objects unloaded after import = 3

========================================================================
Received Import Request.
  Time since last request: 0.000081 seconds.
  path: Assets/Materials/keyhole_material.mat
  artifactKey: Guid(84de162d1636f0e4a9706857d85583b5) Importer(2089858483,192608db42251d675da83286b1cce702)
Start importing Assets/Materials/keyhole_material.mat using Guid(84de162d1636f0e4a9706857d85583b5) Importer(2089858483,192608db42251d675da83286b1cce702) (ScriptedImporter) -> (artifact id: '9d9ce2fb556eba5906fc4b42fe8ac8fd') in 0.1283749 seconds
Number of updated asset objects reloaded before import = 0Number of asset objects unloaded after import = 4

========================================================================
Received Import Request.
  Time since last request: 0.000077 seconds.
  path: Assets/Materials/office-door_material1.mat
  artifactKey: Guid(d1e9af42ea36fc442864c93a349afb45) Importer(2089858483,192608db42251d675da83286b1cce702)
Start importing Assets/Materials/office-door_material1.mat using Guid(d1e9af42ea36fc442864c93a349afb45) Importer(2089858483,192608db42251d675da83286b1cce702) (ScriptedImporter) -> (artifact id: 'f8ab915e7fec706e69b90d8fc6352c6f') in 0.2348767 seconds
Number of updated asset objects reloaded before import = 0Number of asset objects unloaded after import = 5

========================================================================
Received Import Request.
  Time since last request: 0.000041 seconds.
  path: Assets/Materials/elevator_frame1.mat
  artifactKey: Guid(957c13a03ee68e448a9d77b6d5781386) Importer(2089858483,192608db42251d675da83286b1cce702)
Start importing Assets/Materials/elevator_frame1.mat using Guid(957c13a03ee68e448a9d77b6d5781386) Importer(2089858483,192608db42251d675da83286b1cce702) (ScriptedImporter) -> (artifact id: '656408d89482e6aadb8bafe6e95c1bc4') in 0.1703477 seconds
Number of updated asset objects reloaded before import = 0Number of asset objects unloaded after import = 4

========================================================================
Received Import Request.
  Time since last request: 0.000769 seconds.
  path: Assets/Materials/office-chair_material.mat
  artifactKey: Guid(9bacee13b94e03144b56a5bd2378e59f) Importer(2089858483,192608db42251d675da83286b1cce702)
Start importing Assets/Materials/office-chair_material.mat using Guid(9bacee13b94e03144b56a5bd2378e59f) Importer(2089858483,192608db42251d675da83286b1cce702) (ScriptedImporter) -> (artifact id: '8db6dca5613b42358de7668d91e94d77') in 0.2523984 seconds
Number of updated asset objects reloaded before import = 0Number of asset objects unloaded after import = 5

========================================================================
Received Import Request.
  Time since last request: 0.000066 seconds.
  path: Assets/Materials/office-front_desk_material1.mat
  artifactKey: Guid(4dce579daf351d14aacb671d721fedf8) Importer(2089858483,192608db42251d675da83286b1cce702)
Start importing Assets/Materials/office-front_desk_material1.mat using Guid(4dce579daf351d14aacb671d721fedf8) Importer(2089858483,192608db42251d675da83286b1cce702) (ScriptedImporter) -> (artifact id: '8512e225fe0510c50ed604d998b052d9') in 0.1878784 seconds
Number of updated asset objects reloaded before import = 0Number of asset objects unloaded after import = 5

========================================================================
Received Import Request.
  Time since last request: 0.000060 seconds.
  path: Assets/Materials/office-standardSurface1.mat
  artifactKey: Guid(0c5eb796d9e33684482000409d993f2f) Importer(2089858483,192608db42251d675da83286b1cce702)
Start importing Assets/Materials/office-standardSurface1.mat using Guid(0c5eb796d9e33684482000409d993f2f) Importer(2089858483,192608db42251d675da83286b1cce702) (ScriptedImporter) -> (artifact id: 'c0097e18d457e3ac332695a5126b0223') in 0.107727 seconds
Number of updated asset objects reloaded before import = 0Number of asset objects unloaded after import = 1

========================================================================
Received Import Request.
  Time since last request: 0.000069 seconds.
  path: Assets/Materials/office-tv_screen_material.mat
  artifactKey: Guid(f5456d106c9d7e2439ce6b9ee3d2b742) Importer(2089858483,192608db42251d675da83286b1cce702)
Start importing Assets/Materials/office-tv_screen_material.mat using Guid(f5456d106c9d7e2439ce6b9ee3d2b742) Importer(2089858483,192608db42251d675da83286b1cce702) (ScriptedImporter) -> (artifact id: '4344b91adc08e1755394e7f317354791') in 0.0893146 seconds
Number of updated asset objects reloaded before import = 0Number of asset objects unloaded after import = 1

========================================================================
Received Import Request.
  Time since last request: 0.000156 seconds.
  path: Assets/Materials/office-aiStandardSurface5.mat
  artifactKey: Guid(19ea176a43ae0e44c958e73bcfd0ca3f) Importer(2089858483,192608db42251d675da83286b1cce702)
Start importing Assets/Materials/office-aiStandardSurface5.mat using Guid(19ea176a43ae0e44c958e73bcfd0ca3f) Importer(2089858483,192608db42251d675da83286b1cce702) (ScriptedImporter) -> (artifact id: '0be0ff35a7bdeb849d529acb978a0129') in 0.0909576 seconds
Number of updated asset objects reloaded before import = 0Number of asset objects unloaded after import = 2

========================================================================
Received Import Request.
  Time since last request: 0.000038 seconds.
  path: Assets/Materials/office-keyhole_material.mat
  artifactKey: Guid(5c58ff7dda49ebb4fb44e7d65d7e213d) Importer(2089858483,192608db42251d675da83286b1cce702)
Start importing Assets/Materials/office-keyhole_material.mat using Guid(5c58ff7dda49ebb4fb44e7d65d7e213d) Importer(2089858483,192608db42251d675da83286b1cce702) (ScriptedImporter) -> (artifact id: '9c4d64f94aefd13bbbec5f4b78b9c534') in 0.1101417 seconds
Number of updated asset objects reloaded before import = 0Number of asset objects unloaded after import = 5

========================================================================
Received Import Request.
  Time since last request: 0.000047 seconds.
  path: Assets/Materials/Small_potted_plants-defaultMat.mat
  artifactKey: Guid(f5c9712e28595074fa4b776179384c11) Importer(2089858483,192608db42251d675da83286b1cce702)
Start importing Assets/Materials/Small_potted_plants-defaultMat.mat using Guid(f5c9712e28595074fa4b776179384c11) Importer(2089858483,192608db42251d675da83286b1cce702) (ScriptedImporter) -> (artifact id: '37d26d1724ec1deb50e9ce234541a951') in 0.0825668 seconds
Number of updated asset objects reloaded before import = 0Number of asset objects unloaded after import = 1

========================================================================
Received Import Request.
  Time since last request: 0.000058 seconds.
  path: Assets/Materials/office-vending_machine_glass1.mat
  artifactKey: Guid(b6b1ae5df4f0ddf419ab9a03c204893d) Importer(2089858483,192608db42251d675da83286b1cce702)
Start importing Assets/Materials/office-vending_machine_glass1.mat using Guid(b6b1ae5df4f0ddf419ab9a03c204893d) Importer(2089858483,192608db42251d675da83286b1cce702) (ScriptedImporter) -> (artifact id: 'c20de17b887f07ff0d1de3a2cfd51791') in 0.128673 seconds
Number of updated asset objects reloaded before import = 0Number of asset objects unloaded after import = 2

========================================================================
Received Import Request.
  Time since last request: 0.000043 seconds.
  path: Assets/Materials/standardSurface2SG-color.mat
  artifactKey: Guid(016a08dd46fc6214f87b66d718271a9e) Importer(2089858483,192608db42251d675da83286b1cce702)
Start importing Assets/Materials/standardSurface2SG-color.mat using Guid(016a08dd46fc6214f87b66d718271a9e) Importer(2089858483,192608db42251d675da83286b1cce702) (ScriptedImporter) -> (artifact id: 'e180d04fdb7105045b5c7833d29c1351') in 0.0754162 seconds
Number of updated asset objects reloaded before import = 0Number of asset objects unloaded after import = 2

========================================================================
Received Import Request.
  Time since last request: 0.000036 seconds.
  path: Assets/Materials/elevator-screw_material1.mat
  artifactKey: Guid(9e482003fcfc6be40a49e539cd5c79ae) Importer(2089858483,192608db42251d675da83286b1cce702)
Start importing Assets/Materials/elevator-screw_material1.mat using Guid(9e482003fcfc6be40a49e539cd5c79ae) Importer(2089858483,192608db42251d675da83286b1cce702) (ScriptedImporter) -> (artifact id: '95ca6b11b6d13d153f4ba74c61216313') in 0.0670271 seconds
Number of updated asset objects reloaded before import = 0Number of asset objects unloaded after import = 4

========================================================================
Received Import Request.
  Time since last request: 0.000094 seconds.
  path: Assets/Materials/street .png
  artifactKey: Guid(9db2f3c5e9580ff4bb4bc7ae2cfb97e5) Importer(2089858483,192608db42251d675da83286b1cce702)
Start importing Assets/Materials/street .png using Guid(9db2f3c5e9580ff4bb4bc7ae2cfb97e5) Importer(2089858483,192608db42251d675da83286b1cce702) (ScriptedImporter) -> (artifact id: '5d9385c7a173a45a3d8fb83feb9cc96e') in 0.0788421 seconds
Number of updated asset objects reloaded before import = 0Number of asset objects unloaded after import = 1

========================================================================
Received Import Request.
  Time since last request: 0.000105 seconds.
  path: Assets/Materials/korn.mat
  artifactKey: Guid(2ed673f277630f146a3cf9e1712d64ff) Importer(2089858483,192608db42251d675da83286b1cce702)
Start importing Assets/Materials/korn.mat using Guid(2ed673f277630f146a3cf9e1712d64ff) Importer(2089858483,192608db42251d675da83286b1cce702) (ScriptedImporter) -> (artifact id: '461755b355fb9a375c6e2b15a8542858') in 0.0600615 seconds
Number of updated asset objects reloaded before import = 0Number of asset objects unloaded after import = 2

========================================================================
Received Import Request.
  Time since last request: 0.000246 seconds.
  path: Assets/Materials/office-aiStandardSurface2.mat
  artifactKey: Guid(2e0664cd3b253a0439d128710750a5fb) Importer(2089858483,192608db42251d675da83286b1cce702)
Start importing Assets/Materials/office-aiStandardSurface2.mat using Guid(2e0664cd3b253a0439d128710750a5fb) Importer(2089858483,192608db42251d675da83286b1cce702) (ScriptedImporter) -> (artifact id: 'cf8bc76f81179e50ada848d2a5465875') in 0.0696469 seconds
Number of updated asset objects reloaded before import = 0Number of asset objects unloaded after import = 2

========================================================================
Received Import Request.
  Time since last request: 0.000045 seconds.
  path: Assets/Materials/office-mailbox_material.mat
  artifactKey: Guid(37288f0a91edafc4096414d9d7c1c41f) Importer(2089858483,192608db42251d675da83286b1cce702)
Start importing Assets/Materials/office-mailbox_material.mat using Guid(37288f0a91edafc4096414d9d7c1c41f) Importer(2089858483,192608db42251d675da83286b1cce702) (ScriptedImporter) -> (artifact id: 'c1fca068017ccdf9c4daa93aed3af25a') in 0.1087614 seconds
Number of updated asset objects reloaded before import = 0Number of asset objects unloaded after import = 5

========================================================================
Received Import Request.
  Time since last request: 0.000056 seconds.
  path: Assets/office texture/office_chair_material1_Metallic_Raw_ACEScg.png.tx
  artifactKey: Guid(2bf42e1c8aa068843b6e2d8de03ba222) Importer(2089858483,192608db42251d675da83286b1cce702)
Start importing Assets/office texture/office_chair_material1_Metallic_Raw_ACEScg.png.tx using Guid(2bf42e1c8aa068843b6e2d8de03ba222) Importer(2089858483,192608db42251d675da83286b1cce702) (ScriptedImporter) -> (artifact id: '28dac645c73f5ca756d2d9500c96560f') in 0.0295945 seconds
Number of updated asset objects reloaded before import = 0Number of asset objects unloaded after import = 1

========================================================================
Received Import Request.
  Time since last request: 0.001231 seconds.
  path: Assets/office texture/office_chair_material1_BaseColor_sRGB_ACEScg.png.tx
  artifactKey: Guid(5f5a184dcc60d344d94b6fb343ddbfa5) Importer(2089858483,192608db42251d675da83286b1cce702)
Start importing Assets/office texture/office_chair_material1_BaseColor_sRGB_ACEScg.png.tx using Guid(5f5a184dcc60d344d94b6fb343ddbfa5) Importer(2089858483,192608db42251d675da83286b1cce702) (ScriptedImporter) -> (artifact id: 'f53e1146bbaefe52cc914f7fefb96742') in 0.0316127 seconds
Number of updated asset objects reloaded before import = 0Number of asset objects unloaded after import = 1

========================================================================
Received Import Request.
  Time since last request: 0.000036 seconds.
  path: Assets/office texture/cardboard_boxes_Metallic.png
  artifactKey: Guid(f9cc2a603f98f984b97e354e28224d8a) Importer(2089858483,192608db42251d675da83286b1cce702)
Start importing Assets/office texture/cardboard_boxes_Metallic.png using Guid(f9cc2a603f98f984b97e354e28224d8a) Importer(2089858483,192608db42251d675da83286b1cce702) (ScriptedImporter) -> (artifact id: '61fbd26abd6ed79a5e5fa51fa628ebd1') in 0.0554583 seconds
Number of updated asset objects reloaded before import = 0Number of asset objects unloaded after import = 1

========================================================================
Received Import Request.
  Time since last request: 0.000192 seconds.
  path: Assets/Materials/street.mat
  artifactKey: Guid(9ab0e5eafbb0a0c499de6b024a5fd812) Importer(2089858483,192608db42251d675da83286b1cce702)
Start importing Assets/Materials/street.mat using Guid(9ab0e5eafbb0a0c499de6b024a5fd812) Importer(2089858483,192608db42251d675da83286b1cce702) (ScriptedImporter) -> (artifact id: '35bb642021de873a4dc8af700903e01b') in 0.0618191 seconds
Number of updated asset objects reloaded before import = 0Number of asset objects unloaded after import = 2

========================================================================
Received Import Request.
  Time since last request: 0.001062 seconds.
  path: Assets/Materials/vending_machine_material1.mat
  artifactKey: Guid(5ab1aacb7a7aeee4980357441611befb) Importer(2089858483,192608db42251d675da83286b1cce702)
Start importing Assets/Materials/vending_machine_material1.mat using Guid(5ab1aacb7a7aeee4980357441611befb) Importer(2089858483,192608db42251d675da83286b1cce702) (ScriptedImporter) -> (artifact id: '7652098c127b09391ca7b43f3dee02c9') in 0.0806314 seconds
Number of updated asset objects reloaded before import = 0Number of asset objects unloaded after import = 4

========================================================================
Received Import Request.
  Time since last request: 0.000441 seconds.
  path: Assets/office texture/office_chair_material1_Normal.png
  artifactKey: Guid(7290ded46ad30c749bd1b6662976c98e) Importer(2089858483,192608db42251d675da83286b1cce702)
Start importing Assets/office texture/office_chair_material1_Normal.png using Guid(7290ded46ad30c749bd1b6662976c98e) Importer(2089858483,192608db42251d675da83286b1cce702) (ScriptedImporter) -> (artifact id: '9b3da55d5b9a0b7bb485ace7ee7f0772') in 0.0650417 seconds
Number of updated asset objects reloaded before import = 0Number of asset objects unloaded after import = 1

========================================================================
Received Import Request.
  Time since last request: 0.000035 seconds.
  path: Assets/Materials/tv_screen_material.mat
  artifactKey: Guid(1db37011337b807488a18cfcb97e47af) Importer(2089858483,192608db42251d675da83286b1cce702)
Start importing Assets/Materials/tv_screen_material.mat using Guid(1db37011337b807488a18cfcb97e47af) Importer(2089858483,192608db42251d675da83286b1cce702) (ScriptedImporter) -> (artifact id: 'b70633b76af892fc2ad8abe1b7aa8fbf') in 0.0674055 seconds
Number of updated asset objects reloaded before import = 0Number of asset objects unloaded after import = 1

========================================================================
Received Import Request.
  Time since last request: 0.000042 seconds.
  path: Assets/apartment/apartment_rug_Normal.png
  artifactKey: Guid(c8b103ec907c2814dbe9935bd3c0f13e) Importer(2089858483,192608db42251d675da83286b1cce702)
Start importing Assets/apartment/apartment_rug_Normal.png using Guid(c8b103ec907c2814dbe9935bd3c0f13e) Importer(2089858483,192608db42251d675da83286b1cce702) (ScriptedImporter) -> (artifact id: '5bd480d5eb0b980c59e76f70c1b3185f') in 0.0812135 seconds
Number of updated asset objects reloaded before import = 0Number of asset objects unloaded after import = 1

========================================================================
Received Import Request.
  Time since last request: 0.000072 seconds.
  path: Assets/apartment/apartment_floor_Height.png
  artifactKey: Guid(307278d88730ced4fa84f30f49515a04) Importer(2089858483,192608db42251d675da83286b1cce702)
Start importing Assets/apartment/apartment_floor_Height.png using Guid(307278d88730ced4fa84f30f49515a04) Importer(2089858483,192608db42251d675da83286b1cce702) (ScriptedImporter) -> (artifact id: 'fb2675c5eb9873ce48fc6dc4916f57ad') in 0.099593 seconds
Number of updated asset objects reloaded before import = 0Number of asset objects unloaded after import = 1

========================================================================
Received Import Request.
  Time since last request: 0.000990 seconds.
  path: Assets/office texture/office_elevator_door1_Height.png
  artifactKey: Guid(3492d8598780985449cfd843abe691fd) Importer(2089858483,192608db42251d675da83286b1cce702)
Start importing Assets/office texture/office_elevator_door1_Height.png using Guid(3492d8598780985449cfd843abe691fd) Importer(2089858483,192608db42251d675da83286b1cce702) (ScriptedImporter) -> (artifact id: 'a05e71ee66173b53ab7567e52d1c7fa0') in 0.1202885 seconds
Number of updated asset objects reloaded before import = 0Number of asset objects unloaded after import = 1

========================================================================
Received Import Request.
  Time since last request: 0.000199 seconds.
  path: Assets/office texture/office_chair_material1_Normal_Raw_ACEScg.png.tx
  artifactKey: Guid(7e4f4fe368c111748b94fc142480fdd0) Importer(2089858483,192608db42251d675da83286b1cce702)
Start importing Assets/office texture/office_chair_material1_Normal_Raw_ACEScg.png.tx using Guid(7e4f4fe368c111748b94fc142480fdd0) Importer(2089858483,192608db42251d675da83286b1cce702) (ScriptedImporter) -> (artifact id: 'd4d238d11885b3ef16b0fbfd92cea766') in 0.0382289 seconds
Number of updated asset objects reloaded before import = 0Number of asset objects unloaded after import = 1

========================================================================
Received Import Request.
  Time since last request: 0.000045 seconds.
  path: Assets/office texture/office_elevator_frame_BaseColor.png
  artifactKey: Guid(8a9b93db0f1379347afdf6dca7a56cf3) Importer(2089858483,192608db42251d675da83286b1cce702)
Start importing Assets/office texture/office_elevator_frame_BaseColor.png using Guid(8a9b93db0f1379347afdf6dca7a56cf3) Importer(2089858483,192608db42251d675da83286b1cce702) (ScriptedImporter) -> (artifact id: '5afa1571f80653a7a2e768af3669df90') in 0.0565393 seconds
Number of updated asset objects reloaded before import = 0Number of asset objects unloaded after import = 1

========================================================================
Received Import Request.
  Time since last request: 0.000031 seconds.
  path: Assets/office texture/office_elevator_door1_Normal_Raw_ACEScg.png.tx
  artifactKey: Guid(af97d6cb3e46e2e48919fbdaea1273b5) Importer(2089858483,192608db42251d675da83286b1cce702)
Start importing Assets/office texture/office_elevator_door1_Normal_Raw_ACEScg.png.tx using Guid(af97d6cb3e46e2e48919fbdaea1273b5) Importer(2089858483,192608db42251d675da83286b1cce702) (ScriptedImporter) -> (artifact id: 'bdaf94ce86810d75d2ba4d1665bd5d3c') in 0.0922923 seconds
Number of updated asset objects reloaded before import = 0Number of asset objects unloaded after import = 1

========================================================================
Received Import Request.
  Time since last request: 0.000112 seconds.
  path: Assets/office texture/office_elevator_door1_Metallic_Raw_ACEScg.png.tx
  artifactKey: Guid(241b19e142e62004fb57b9831961dd71) Importer(2089858483,192608db42251d675da83286b1cce702)
Start importing Assets/office texture/office_elevator_door1_Metallic_Raw_ACEScg.png.tx using Guid(241b19e142e62004fb57b9831961dd71) Importer(2089858483,192608db42251d675da83286b1cce702) (ScriptedImporter) -> (artifact id: '2b338f05da257db97be6105f1cfa40a2') in 0.0486837 seconds
Number of updated asset objects reloaded before import = 0Number of asset objects unloaded after import = 1

========================================================================
Received Import Request.
  Time since last request: 0.000046 seconds.
  path: Assets/office texture/office_elevator_door1_BaseColor_sRGB_ACEScg.png.tx
  artifactKey: Guid(69a953dd1a48c4a429dd5a4a2dc12255) Importer(2089858483,192608db42251d675da83286b1cce702)
Start importing Assets/office texture/office_elevator_door1_BaseColor_sRGB_ACEScg.png.tx using Guid(69a953dd1a48c4a429dd5a4a2dc12255) Importer(2089858483,192608db42251d675da83286b1cce702) (ScriptedImporter) -> (artifact id: '4e1fd3903e9a1b7c37969d12bd4fa570') in 0.0331021 seconds
Number of updated asset objects reloaded before import = 0Number of asset objects unloaded after import = 1

========================================================================
Received Import Request.
  Time since last request: 0.000070 seconds.
  path: Assets/office texture/office_elevator_door1_Normal.png
  artifactKey: Guid(235e5b86ba6fe4545ad8d377412fc4aa) Importer(2089858483,192608db42251d675da83286b1cce702)
Start importing Assets/office texture/office_elevator_door1_Normal.png using Guid(235e5b86ba6fe4545ad8d377412fc4aa) Importer(2089858483,192608db42251d675da83286b1cce702) (ScriptedImporter) -> (artifact id: '98b81d30adc5521a59b55c490aa4a9d1') in 0.0724775 seconds
Number of updated asset objects reloaded before import = 0Number of asset objects unloaded after import = 1

========================================================================
Received Import Request.
  Time since last request: 0.000034 seconds.
  path: Assets/apartment/apartment_stove_Metallic.png
  artifactKey: Guid(ffe93cba8a41311499355a9371808e57) Importer(2089858483,192608db42251d675da83286b1cce702)
Start importing Assets/apartment/apartment_stove_Metallic.png using Guid(ffe93cba8a41311499355a9371808e57) Importer(2089858483,192608db42251d675da83286b1cce702) (ScriptedImporter) -> (artifact id: '776b58e32a769744627f1844a9eb8a27') in 0.0954907 seconds
Number of updated asset objects reloaded before import = 0Number of asset objects unloaded after import = 1

========================================================================
Received Import Request.
  Time since last request: 0.000040 seconds.
  path: Assets/office texture/office_elevator_frame_Normal.png
  artifactKey: Guid(c9df14e55667ca74ba26300f3940250d) Importer(2089858483,192608db42251d675da83286b1cce702)
Start importing Assets/office texture/office_elevator_frame_Normal.png using Guid(c9df14e55667ca74ba26300f3940250d) Importer(2089858483,192608db42251d675da83286b1cce702) (ScriptedImporter) -> (artifact id: '7f4fb37bcc51f2050e7ea23144dfbac2') in 0.0749186 seconds
Number of updated asset objects reloaded before import = 0Number of asset objects unloaded after import = 1

========================================================================
Received Import Request.
  Time since last request: 0.000056 seconds.
  path: Assets/office texture/office_frame_material_Metallic.png
  artifactKey: Guid(42bff5aa48c25aa47aaa7e547ed7374e) Importer(2089858483,192608db42251d675da83286b1cce702)
Start importing Assets/office texture/office_frame_material_Metallic.png using Guid(42bff5aa48c25aa47aaa7e547ed7374e) Importer(2089858483,192608db42251d675da83286b1cce702) (ScriptedImporter) -> (artifact id: '6f49db62041d84e83336a8a5322a4c93') in 0.0636273 seconds
Number of updated asset objects reloaded before import = 0Number of asset objects unloaded after import = 1

========================================================================
Received Import Request.
  Time since last request: 0.000053 seconds.
  path: Assets/office texture/office_elevator_frame_Normal_Raw_ACEScg.png.tx
  artifactKey: Guid(6a8e181d3d62a0546b15d1acd4ddc19d) Importer(2089858483,192608db42251d675da83286b1cce702)
Start importing Assets/office texture/office_elevator_frame_Normal_Raw_ACEScg.png.tx using Guid(6a8e181d3d62a0546b15d1acd4ddc19d) Importer(2089858483,192608db42251d675da83286b1cce702) (ScriptedImporter) -> (artifact id: 'c8ee0878547855dfe529e7c2a7c99eac') in 0.031449 seconds
Number of updated asset objects reloaded before import = 0Number of asset objects unloaded after import = 1

========================================================================
Received Import Request.
  Time since last request: 0.000044 seconds.
  path: Assets/office texture/office_floor_material_Metallic.png
  artifactKey: Guid(3182be8172ea37c4ea85d7a7be3d8007) Importer(2089858483,192608db42251d675da83286b1cce702)
Start importing Assets/office texture/office_floor_material_Metallic.png using Guid(3182be8172ea37c4ea85d7a7be3d8007) Importer(2089858483,192608db42251d675da83286b1cce702) (ScriptedImporter) -> (artifact id: '331089f1f44c6beb7d15ab21083599a9') in 0.060546 seconds
Number of updated asset objects reloaded before import = 0Number of asset objects unloaded after import = 1

========================================================================
Received Import Request.
  Time since last request: 0.000038 seconds.
  path: Assets/office texture/office_floor_material_BaseColor_sRGB_ACEScg.png.tx
  artifactKey: Guid(d2dc36d1a1cfe6f4a8123cce39110e8e) Importer(2089858483,192608db42251d675da83286b1cce702)
Start importing Assets/office texture/office_floor_material_BaseColor_sRGB_ACEScg.png.tx using Guid(d2dc36d1a1cfe6f4a8123cce39110e8e) Importer(2089858483,192608db42251d675da83286b1cce702) (ScriptedImporter) -> (artifact id: '35d9a228325b537ab11a5409ab4ddcbb') in 0.0411546 seconds
Number of updated asset objects reloaded before import = 0Number of asset objects unloaded after import = 1

========================================================================
Received Import Request.
  Time since last request: 0.000040 seconds.
  path: Assets/office texture/office_floor_material_Height.png
  artifactKey: Guid(d020db73f727c1c4fbeec73ad6a24acc) Importer(2089858483,192608db42251d675da83286b1cce702)
Start importing Assets/office texture/office_floor_material_Height.png using Guid(d020db73f727c1c4fbeec73ad6a24acc) Importer(2089858483,192608db42251d675da83286b1cce702) (ScriptedImporter) -> (artifact id: '083f2f28e75545b1db1c2ac696624647') in 0.0771395 seconds
Number of updated asset objects reloaded before import = 0Number of asset objects unloaded after import = 1

========================================================================
Received Import Request.
  Time since last request: 0.000055 seconds.
  path: Assets/office texture/office_door_material_Metallic.png
  artifactKey: Guid(1cb3afcb14566544ab82d85d1f86f5b4) Importer(2089858483,192608db42251d675da83286b1cce702)
Start importing Assets/office texture/office_door_material_Metallic.png using Guid(1cb3afcb14566544ab82d85d1f86f5b4) Importer(2089858483,192608db42251d675da83286b1cce702) (ScriptedImporter) -> (artifact id: '630e4fb5a893448582b5fc7756d9ad21') in 0.0603667 seconds
Number of updated asset objects reloaded before import = 0Number of asset objects unloaded after import = 1

========================================================================
Received Import Request.
  Time since last request: 0.000141 seconds.
  path: Assets/New Material 2.mat
  artifactKey: Guid(39bd195521dbb584db48f99abaadf344) Importer(2089858483,192608db42251d675da83286b1cce702)
Start importing Assets/New Material 2.mat using Guid(39bd195521dbb584db48f99abaadf344) Importer(2089858483,192608db42251d675da83286b1cce702) (ScriptedImporter) -> (artifact id: '1df86149abd1e99ea4ec2045cdc4fd5a') in 0.0400598 seconds
Number of updated asset objects reloaded before import = 0Number of asset objects unloaded after import = 1

========================================================================
Received Import Request.
  Time since last request: 0.000223 seconds.
  path: Assets/New Flare.flare
  artifactKey: Guid(24015c7c75d814c4c860b8bf319617fa) Importer(2089858483,192608db42251d675da83286b1cce702)
Start importing Assets/New Flare.flare using Guid(24015c7c75d814c4c860b8bf319617fa) Importer(2089858483,192608db42251d675da83286b1cce702) (ScriptedImporter) -> (artifact id: '247ec4c44c03453567d558ebd62836e4') in 0.0542913 seconds
Number of updated asset objects reloaded before import = 0Number of asset objects unloaded after import = 2

========================================================================
Received Import Request.
  Time since last request: 0.000039 seconds.
  path: Assets/Elevator hall/Elevator hall_door_material_Roughness.png
  artifactKey: Guid(466025707bdadcb44b14ea3e177a40c3) Importer(2089858483,192608db42251d675da83286b1cce702)
Start importing Assets/Elevator hall/Elevator hall_door_material_Roughness.png using Guid(466025707bdadcb44b14ea3e177a40c3) Importer(2089858483,192608db42251d675da83286b1cce702) (ScriptedImporter) -> (artifact id: 'cc6356b9dc5d1430b936ee0e36ae1501') in 0.0656217 seconds
Number of updated asset objects reloaded before import = 0Number of asset objects unloaded after import = 1

========================================================================
Received Import Request.
  Time since last request: 0.000045 seconds.
  path: Assets/office texture/office_key_hole_material_Metallic.png
  artifactKey: Guid(6f67df53ebff62c4d936629d0cfb9bf5) Importer(2089858483,192608db42251d675da83286b1cce702)
Start importing Assets/office texture/office_key_hole_material_Metallic.png using Guid(6f67df53ebff62c4d936629d0cfb9bf5) Importer(2089858483,192608db42251d675da83286b1cce702) (ScriptedImporter) -> (artifact id: '2400879606af730eaf215c6af862a3a0') in 0.0504244 seconds
Number of updated asset objects reloaded before import = 0Number of asset objects unloaded after import = 1

========================================================================
Received Import Request.
  Time since last request: 0.000210 seconds.
  path: Assets/office texture/office_front_desk_material_Roughness.png
  artifactKey: Guid(9a6d5dfe72c287944b87b99bc0ce53af) Importer(2089858483,192608db42251d675da83286b1cce702)
Start importing Assets/office texture/office_front_desk_material_Roughness.png using Guid(9a6d5dfe72c287944b87b99bc0ce53af) Importer(2089858483,192608db42251d675da83286b1cce702) (ScriptedImporter) -> (artifact id: 'acc4602badbcf5c2245c56fe613b4af2') in 0.0594717 seconds
Number of updated asset objects reloaded before import = 0Number of asset objects unloaded after import = 1

========================================================================
Received Import Request.
  Time since last request: 0.000757 seconds.
  path: Assets/office texture/office_frame_material_Roughness.png
  artifactKey: Guid(d7f6fc5e00c4379439b736a49641c9ff) Importer(2089858483,192608db42251d675da83286b1cce702)
Start importing Assets/office texture/office_frame_material_Roughness.png using Guid(d7f6fc5e00c4379439b736a49641c9ff) Importer(2089858483,192608db42251d675da83286b1cce702) (ScriptedImporter) -> (artifact id: '6e1d0e1a6e433d03dbf64d96d7f70960') in 0.0605676 seconds
Number of updated asset objects reloaded before import = 0Number of asset objects unloaded after import = 1

========================================================================
Received Import Request.
  Time since last request: 0.000080 seconds.
  path: Assets/office texture/office_front_desk_material_Normal_Raw_ACEScg.png.tx
  artifactKey: Guid(f4249112acfaf3b44a3eafa12ae70bd1) Importer(2089858483,192608db42251d675da83286b1cce702)
Start importing Assets/office texture/office_front_desk_material_Normal_Raw_ACEScg.png.tx using Guid(f4249112acfaf3b44a3eafa12ae70bd1) Importer(2089858483,192608db42251d675da83286b1cce702) (ScriptedImporter) -> (artifact id: '3f9694df4b705357983e085cf07fe2b5') in 0.030906 seconds
Number of updated asset objects reloaded before import = 0Number of asset objects unloaded after import = 1

========================================================================
Received Import Request.
  Time since last request: 0.000037 seconds.
  path: Assets/office texture/office_mail_box_material_Metallic.png
  artifactKey: Guid(1cd204ce8119ee941b61ea69ad392ac4) Importer(2089858483,192608db42251d675da83286b1cce702)
Start importing Assets/office texture/office_mail_box_material_Metallic.png using Guid(1cd204ce8119ee941b61ea69ad392ac4) Importer(2089858483,192608db42251d675da83286b1cce702) (ScriptedImporter) -> (artifact id: 'a088f62c915bee1b57c62dbafeddaf39') in 0.0503937 seconds
Number of updated asset objects reloaded before import = 0Number of asset objects unloaded after import = 1

========================================================================
Received Import Request.
  Time since last request: 0.000048 seconds.
  path: Assets/office texture/office_key_hole_material_Roughness_Raw_ACEScg.png.tx
  artifactKey: Guid(fc4c0defff28b944ba1a0be55c8a8061) Importer(2089858483,192608db42251d675da83286b1cce702)
Start importing Assets/office texture/office_key_hole_material_Roughness_Raw_ACEScg.png.tx using Guid(fc4c0defff28b944ba1a0be55c8a8061) Importer(2089858483,192608db42251d675da83286b1cce702) (ScriptedImporter) -> (artifact id: 'bd3682e1bdd7fd873424169fd8d4cec8') in 0.0317675 seconds
Number of updated asset objects reloaded before import = 0Number of asset objects unloaded after import = 1

========================================================================
Received Import Request.
  Time since last request: 0.000044 seconds.
  path: Assets/office texture/office_frame_material_Roughness_Raw_ACEScg.png.tx
  artifactKey: Guid(ac84add2ed7527944a23fd7c0bc225c1) Importer(2089858483,192608db42251d675da83286b1cce702)
Start importing Assets/office texture/office_frame_material_Roughness_Raw_ACEScg.png.tx using Guid(ac84add2ed7527944a23fd7c0bc225c1) Importer(2089858483,192608db42251d675da83286b1cce702) (ScriptedImporter) -> (artifact id: '92ffbaf06f23bfc4da6f26570c9b7e43') in 0.0260709 seconds
Number of updated asset objects reloaded before import = 0Number of asset objects unloaded after import = 1

========================================================================
Received Import Request.
  Time since last request: 0.000036 seconds.
  path: Assets/office texture/office_front_desk_material_Metallic_Raw_ACEScg.png.tx
  artifactKey: Guid(2bdd68f4b5acb5140a9ccb3622eff794) Importer(2089858483,192608db42251d675da83286b1cce702)
Start importing Assets/office texture/office_front_desk_material_Metallic_Raw_ACEScg.png.tx using Guid(2bdd68f4b5acb5140a9ccb3622eff794) Importer(2089858483,192608db42251d675da83286b1cce702) (ScriptedImporter) -> (artifact id: '71360c81dd616b685f9059fc7c94e666') in 0.0300573 seconds
Number of updated asset objects reloaded before import = 0Number of asset objects unloaded after import = 1

========================================================================
Received Import Request.
  Time since last request: 0.000169 seconds.
  path: Assets/office texture/office_front_desk_material_Normal.png
  artifactKey: Guid(382b45bbc40c16d4db7f7d9e3d9f87b4) Importer(2089858483,192608db42251d675da83286b1cce702)
Start importing Assets/office texture/office_front_desk_material_Normal.png using Guid(382b45bbc40c16d4db7f7d9e3d9f87b4) Importer(2089858483,192608db42251d675da83286b1cce702) (ScriptedImporter) -> (artifact id: '5f792e04d4697c44b3dfda8a1a79789d') in 0.059362 seconds
Number of updated asset objects reloaded before import = 0Number of asset objects unloaded after import = 1

========================================================================
Received Import Request.
  Time since last request: 0.000184 seconds.
  path: Assets/Elevator hall/Elevator hall_door_1_material_BaseColor.png
  artifactKey: Guid(31611ad8985975b44be334fce679e365) Importer(2089858483,192608db42251d675da83286b1cce702)
Start importing Assets/Elevator hall/Elevator hall_door_1_material_BaseColor.png using Guid(31611ad8985975b44be334fce679e365) Importer(2089858483,192608db42251d675da83286b1cce702) (ScriptedImporter) -> (artifact id: '587335e3bf4c79eaf71db9156a3920b8') in 0.0672109 seconds
Number of updated asset objects reloaded before import = 0Number of asset objects unloaded after import = 1

========================================================================
Received Import Request.
  Time since last request: 0.000039 seconds.
  path: Assets/elevator texture/elevator_aiStandardSurface9_Normal.png
  artifactKey: Guid(55b626e75be1e204db94d0dd095f549e) Importer(2089858483,192608db42251d675da83286b1cce702)
Start importing Assets/elevator texture/elevator_aiStandardSurface9_Normal.png using Guid(55b626e75be1e204db94d0dd095f549e) Importer(2089858483,192608db42251d675da83286b1cce702) (ScriptedImporter) -> (artifact id: '3a3a8f6942ad030afe2d42500d963c39') in 0.0518463 seconds
Number of updated asset objects reloaded before import = 0Number of asset objects unloaded after import = 1

========================================================================
Received Import Request.
  Time since last request: 0.000055 seconds.
  path: Assets/elevator texture/elevator_ceetification_material_BaseColor.png
  artifactKey: Guid(6d359dd9cb383fe478ed59ffada6f81d) Importer(2089858483,192608db42251d675da83286b1cce702)
Start importing Assets/elevator texture/elevator_ceetification_material_BaseColor.png using Guid(6d359dd9cb383fe478ed59ffada6f81d) Importer(2089858483,192608db42251d675da83286b1cce702) (ScriptedImporter) -> (artifact id: '70c2163fd6c49a7b02f525c61dccacf1') in 0.0542973 seconds
Number of updated asset objects reloaded before import = 0Number of asset objects unloaded after import = 1

========================================================================
Received Import Request.
  Time since last request: 0.000208 seconds.
  path: Assets/office texture/office_rug_2_material_Metallic.png
  artifactKey: Guid(22a2017128092ec46baee2ad7c6e50e4) Importer(2089858483,192608db42251d675da83286b1cce702)
Start importing Assets/office texture/office_rug_2_material_Metallic.png using Guid(22a2017128092ec46baee2ad7c6e50e4) Importer(2089858483,192608db42251d675da83286b1cce702) (ScriptedImporter) -> (artifact id: 'bb1c9c7f1fbbe3da52f7caba74f01748') in 0.0629545 seconds
Number of updated asset objects reloaded before import = 0Number of asset objects unloaded after import = 1

========================================================================
Received Import Request.
  Time since last request: 0.000125 seconds.
  path: Assets/office texture/office_rug_2_material_BaseColor_sRGB_ACEScg.png.tx
  artifactKey: Guid(055d4091c2249a64f83fad0ff83a5586) Importer(2089858483,192608db42251d675da83286b1cce702)
Start importing Assets/office texture/office_rug_2_material_BaseColor_sRGB_ACEScg.png.tx using Guid(055d4091c2249a64f83fad0ff83a5586) Importer(2089858483,192608db42251d675da83286b1cce702) (ScriptedImporter) -> (artifact id: '1f48ff36e754933ddcdf73eaf745b797') in 0.0440504 seconds
Number of updated asset objects reloaded before import = 0Number of asset objects unloaded after import = 1

========================================================================
Received Import Request.
  Time since last request: 0.000037 seconds.
  path: Assets/office texture/office_photo_material_Metallic.png
  artifactKey: Guid(dc9975d14d753c3429b33f727bc199f9) Importer(2089858483,192608db42251d675da83286b1cce702)
Start importing Assets/office texture/office_photo_material_Metallic.png using Guid(dc9975d14d753c3429b33f727bc199f9) Importer(2089858483,192608db42251d675da83286b1cce702) (ScriptedImporter) -> (artifact id: '14032ff48d4316cd7ccf1bef105a8822') in 0.0748489 seconds
Number of updated asset objects reloaded before import = 0Number of asset objects unloaded after import = 1

========================================================================
Received Import Request.
  Time since last request: 0.000056 seconds.
  path: Assets/office texture/office_photo_material_BaseColor.png
  artifactKey: Guid(f9bc15162f6ca9a4d957d080aae46450) Importer(2089858483,192608db42251d675da83286b1cce702)
Start importing Assets/office texture/office_photo_material_BaseColor.png using Guid(f9bc15162f6ca9a4d957d080aae46450) Importer(2089858483,192608db42251d675da83286b1cce702) (ScriptedImporter) -> (artifact id: 'afb6d5d988879c07cf3e9753d44f22c4') in 0.0863387 seconds
Number of updated asset objects reloaded before import = 0Number of asset objects unloaded after import = 1

========================================================================
Received Import Request.
  Time since last request: 0.000067 seconds.
  path: Assets/office texture/office_rug_material_BaseColor.png
  artifactKey: Guid(ad20f6e3d6c9542409ceff6abfc6fd43) Importer(2089858483,192608db42251d675da83286b1cce702)
Start importing Assets/office texture/office_rug_material_BaseColor.png using Guid(ad20f6e3d6c9542409ceff6abfc6fd43) Importer(2089858483,192608db42251d675da83286b1cce702) (ScriptedImporter) -> (artifact id: '7c06caccc89f30b806e3203c994500ea') in 0.0698152 seconds
Number of updated asset objects reloaded before import = 0Number of asset objects unloaded after import = 1

========================================================================
Received Import Request.
  Time since last request: 0.000056 seconds.
  path: Assets/office texture/office_sign_material1_Normal.png
  artifactKey: Guid(3bb40a8e3ae09d64dadb32f3027b0918) Importer(2089858483,192608db42251d675da83286b1cce702)
Start importing Assets/office texture/office_sign_material1_Normal.png using Guid(3bb40a8e3ae09d64dadb32f3027b0918) Importer(2089858483,192608db42251d675da83286b1cce702) (ScriptedImporter) -> (artifact id: '11ddf71cfc5bef954d53383bea322712') in 0.0701894 seconds
Number of updated asset objects reloaded before import = 0Number of asset objects unloaded after import = 1

========================================================================
Received Import Request.
  Time since last request: 0.000044 seconds.
  path: Assets/office texture/office_sign_material1_Metallic_Raw_ACEScg.png.tx
  artifactKey: Guid(a023f62cca8ea2348bbd19763b63486e) Importer(2089858483,192608db42251d675da83286b1cce702)
Start importing Assets/office texture/office_sign_material1_Metallic_Raw_ACEScg.png.tx using Guid(a023f62cca8ea2348bbd19763b63486e) Importer(2089858483,192608db42251d675da83286b1cce702) (ScriptedImporter) -> (artifact id: 'b4eb2322f17e47c5a4656f76a28f9ab3') in 0.0446518 seconds
Number of updated asset objects reloaded before import = 0Number of asset objects unloaded after import = 1

========================================================================
Received Import Request.
  Time since last request: 0.000043 seconds.
  path: Assets/office texture/office_tv_material_BaseColor.png
  artifactKey: Guid(380404f2f152b6e45b05c88ab504e8b7) Importer(2089858483,192608db42251d675da83286b1cce702)
Start importing Assets/office texture/office_tv_material_BaseColor.png using Guid(380404f2f152b6e45b05c88ab504e8b7) Importer(2089858483,192608db42251d675da83286b1cce702) (ScriptedImporter) -> (artifact id: '074721eaaa452f1188a2b63a696729fe') in 0.087148 seconds
Number of updated asset objects reloaded before import = 0Number of asset objects unloaded after import = 1

========================================================================
Received Import Request.
  Time since last request: 0.000044 seconds.
  path: Assets/office texture/office_table_material_Metallic_Raw_ACEScg.png.tx
  artifactKey: Guid(87ad37edba3c2624293128b9bead8c98) Importer(2089858483,192608db42251d675da83286b1cce702)
Start importing Assets/office texture/office_table_material_Metallic_Raw_ACEScg.png.tx using Guid(87ad37edba3c2624293128b9bead8c98) Importer(2089858483,192608db42251d675da83286b1cce702) (ScriptedImporter) -> (artifact id: 'dd41393e9b2f14fa9c38ffc9602a5153') in 0.0344591 seconds
Number of updated asset objects reloaded before import = 0Number of asset objects unloaded after import = 1

========================================================================
Received Import Request.
  Time since last request: 0.000051 seconds.
  path: Assets/office texture/office_rug_material_Roughness_Raw_ACEScg.png.tx
  artifactKey: Guid(88c89689b3c2db6428cf4274d1088738) Importer(2089858483,192608db42251d675da83286b1cce702)
Start importing Assets/office texture/office_rug_material_Roughness_Raw_ACEScg.png.tx using Guid(88c89689b3c2db6428cf4274d1088738) Importer(2089858483,192608db42251d675da83286b1cce702) (ScriptedImporter) -> (artifact id: '88fb63e6cc0d3e01e1a1f9173037419d') in 0.02779 seconds
Number of updated asset objects reloaded before import = 0Number of asset objects unloaded after import = 1

========================================================================
Received Import Request.
  Time since last request: 0.000030 seconds.
  path: Assets/office texture/office_tv_material_Height.png
  artifactKey: Guid(50db85c6566de36419292089d671c8ee) Importer(2089858483,192608db42251d675da83286b1cce702)
Start importing Assets/office texture/office_tv_material_Height.png using Guid(50db85c6566de36419292089d671c8ee) Importer(2089858483,192608db42251d675da83286b1cce702) (ScriptedImporter) -> (artifact id: '794198529e278b6585175bb5828fbed1') in 0.0706232 seconds
Number of updated asset objects reloaded before import = 0Number of asset objects unloaded after import = 1

========================================================================
Received Import Request.
  Time since last request: 0.000042 seconds.
  path: Assets/office texture/office_table_material_BaseColor.png
  artifactKey: Guid(1582091feea63394c96a475a394f66ed) Importer(2089858483,192608db42251d675da83286b1cce702)
Start importing Assets/office texture/office_table_material_BaseColor.png using Guid(1582091feea63394c96a475a394f66ed) Importer(2089858483,192608db42251d675da83286b1cce702) (ScriptedImporter) -> (artifact id: '47adf5b8a21961f92a8798c81f16231b') in 0.0764284 seconds
Number of updated asset objects reloaded before import = 0Number of asset objects unloaded after import = 1

========================================================================
Received Import Request.
  Time since last request: 0.000041 seconds.
  path: Assets/office texture/office_photo_material_Height.png
  artifactKey: Guid(cd06df06645635a4abd2390e5f204a7a) Importer(2089858483,192608db42251d675da83286b1cce702)
Start importing Assets/office texture/office_photo_material_Height.png using Guid(cd06df06645635a4abd2390e5f204a7a) Importer(2089858483,192608db42251d675da83286b1cce702) (ScriptedImporter) -> (artifact id: '9a0b1ed2734afaee56d23170082c3c85') in 0.0680111 seconds
Number of updated asset objects reloaded before import = 0Number of asset objects unloaded after import = 1

========================================================================
Received Import Request.
  Time since last request: 0.000047 seconds.
  path: Assets/office texture/office_rug_2_material_BaseColor.png
  artifactKey: Guid(1b9c5364806737e42b2658bf42c42bab) Importer(2089858483,192608db42251d675da83286b1cce702)
Start importing Assets/office texture/office_rug_2_material_BaseColor.png using Guid(1b9c5364806737e42b2658bf42c42bab) Importer(2089858483,192608db42251d675da83286b1cce702) (ScriptedImporter) -> (artifact id: 'e1be62e10aa92367c3d2b786f5672fb1') in 0.0571822 seconds
Number of updated asset objects reloaded before import = 0Number of asset objects unloaded after import = 1

========================================================================
Received Import Request.
  Time since last request: 0.000063 seconds.
  path: Assets/office texture/office_tv_material_Roughness.png
  artifactKey: Guid(a338cd32285e7d542b254e98504ca5d4) Importer(2089858483,192608db42251d675da83286b1cce702)
Start importing Assets/office texture/office_tv_material_Roughness.png using Guid(a338cd32285e7d542b254e98504ca5d4) Importer(2089858483,192608db42251d675da83286b1cce702) (ScriptedImporter) -> (artifact id: '1f1c5559ba5db0385f76e86f81a7b77d') in 0.0625 seconds
Number of updated asset objects reloaded before import = 0Number of asset objects unloaded after import = 1

========================================================================
Received Import Request.
  Time since last request: 0.000036 seconds.
  path: Assets/office texture/office_vending_machine_material_Roughness.png
  artifactKey: Guid(69409cc58a281eb48bfc3867ce77a249) Importer(2089858483,192608db42251d675da83286b1cce702)
Start importing Assets/office texture/office_vending_machine_material_Roughness.png using Guid(69409cc58a281eb48bfc3867ce77a249) Importer(2089858483,192608db42251d675da83286b1cce702) (ScriptedImporter) -> (artifact id: 'a67ca0d2804174b748af25c5ff78d530') in 0.0607011 seconds
Number of updated asset objects reloaded before import = 0Number of asset objects unloaded after import = 1

========================================================================
Received Import Request.
  Time since last request: 0.000042 seconds.
  path: Assets/office texture/office_wall_material_BaseColor_sRGB_ACEScg.png.tx
  artifactKey: Guid(c37bfe09046feaa46bbc3ea2bf33a79c) Importer(2089858483,192608db42251d675da83286b1cce702)
Start importing Assets/office texture/office_wall_material_BaseColor_sRGB_ACEScg.png.tx using Guid(c37bfe09046feaa46bbc3ea2bf33a79c) Importer(2089858483,192608db42251d675da83286b1cce702) (ScriptedImporter) -> (artifact id: '82b8840e53850bdbeeb36fb0259e717a') in 0.0536603 seconds
Number of updated asset objects reloaded before import = 0Number of asset objects unloaded after import = 1

========================================================================
Received Import Request.
  Time since last request: 0.000040 seconds.
  path: Assets/office texture/office_vending_machine_material_Roughness_Raw_ACEScg.png.tx
  artifactKey: Guid(293c5222949bd3b46b600c96bcc0b63a) Importer(2089858483,192608db42251d675da83286b1cce702)
Start importing Assets/office texture/office_vending_machine_material_Roughness_Raw_ACEScg.png.tx using Guid(293c5222949bd3b46b600c96bcc0b63a) Importer(2089858483,192608db42251d675da83286b1cce702) (ScriptedImporter) -> (artifact id: '0fb9384f5fb3284751211b0a43241670') in 0.0330394 seconds
Number of updated asset objects reloaded before import = 0Number of asset objects unloaded after import = 1

========================================================================
Received Import Request.
  Time since last request: 0.000238 seconds.
  path: Assets/office texture/office_vending_machine_glass1_Height.png
  artifactKey: Guid(b0d972f812729344fafb9e4d5d198d60) Importer(2089858483,192608db42251d675da83286b1cce702)
Start importing Assets/office texture/office_vending_machine_glass1_Height.png using Guid(b0d972f812729344fafb9e4d5d198d60) Importer(2089858483,192608db42251d675da83286b1cce702) (ScriptedImporter) -> (artifact id: '760c6c7c676840429985d9a7b5501ac4') in 0.0699916 seconds
Number of updated asset objects reloaded before import = 0Number of asset objects unloaded after import = 1

========================================================================
Received Import Request.
  Time since last request: 0.000058 seconds.
  path: Assets/office texture/office_vending_machine_material_Normal.png
  artifactKey: Guid(47c523950eeb4de499dc7b4c3120e1ab) Importer(2089858483,192608db42251d675da83286b1cce702)
Start importing Assets/office texture/office_vending_machine_material_Normal.png using Guid(47c523950eeb4de499dc7b4c3120e1ab) Importer(2089858483,192608db42251d675da83286b1cce702) (ScriptedImporter) -> (artifact id: '7adcc4c87953212cc53cf6167401b800') in 0.0563522 seconds
Number of updated asset objects reloaded before import = 0Number of asset objects unloaded after import = 1

========================================================================
Received Import Request.
  Time since last request: 0.000108 seconds.
  path: Assets/office texture/office_tv_material_Normal.png
  artifactKey: Guid(67ddf1d20e49e584e871f6a5b8ff3fe1) Importer(2089858483,192608db42251d675da83286b1cce702)
Start importing Assets/office texture/office_tv_material_Normal.png using Guid(67ddf1d20e49e584e871f6a5b8ff3fe1) Importer(2089858483,192608db42251d675da83286b1cce702) (ScriptedImporter) -> (artifact id: 'ab49826b58fc126c0afff2b0f5c0ff31') in 0.0588518 seconds
Number of updated asset objects reloaded before import = 0Number of asset objects unloaded after import = 1

========================================================================
Received Import Request.
  Time since last request: 0.000072 seconds.
  path: Assets/office texture/office_vending_machine_material_Metallic.png
  artifactKey: Guid(a56db1bae7460fc4486f55e128b4c30c) Importer(2089858483,192608db42251d675da83286b1cce702)
Start importing Assets/office texture/office_vending_machine_material_Metallic.png using Guid(a56db1bae7460fc4486f55e128b4c30c) Importer(2089858483,192608db42251d675da83286b1cce702) (ScriptedImporter) -> (artifact id: '89435ed1226ce8cde94e65b0532a24a2') in 0.0528468 seconds
Number of updated asset objects reloaded before import = 0Number of asset objects unloaded after import = 1

========================================================================
Received Import Request.
  Time since last request: 0.000043 seconds.
  path: Assets/office texture/office_wall_material_Normal_Raw_ACEScg.png.tx
  artifactKey: Guid(2b9ba8ff79ebee6488cdb14d194906b3) Importer(2089858483,192608db42251d675da83286b1cce702)
Start importing Assets/office texture/office_wall_material_Normal_Raw_ACEScg.png.tx using Guid(2b9ba8ff79ebee6488cdb14d194906b3) Importer(2089858483,192608db42251d675da83286b1cce702) (ScriptedImporter) -> (artifact id: 'bb793a5aa3fce00b983d5616b18ed8db') in 0.0401996 seconds
Number of updated asset objects reloaded before import = 0Number of asset objects unloaded after import = 1

========================================================================
Received Import Request.
  Time since last request: 0.000040 seconds.
  path: Assets/office texture/office_window_material_Roughness.png
  artifactKey: Guid(87e83716a62fdbc47812fb9f87ee8787) Importer(2089858483,192608db42251d675da83286b1cce702)
Start importing Assets/office texture/office_window_material_Roughness.png using Guid(87e83716a62fdbc47812fb9f87ee8787) Importer(2089858483,192608db42251d675da83286b1cce702) (ScriptedImporter) -> (artifact id: '22e73a1ceb91d3ff6a697a485d663bf8') in 0.0585385 seconds
Number of updated asset objects reloaded before import = 0Number of asset objects unloaded after import = 1

========================================================================
Received Import Request.
  Time since last request: 0.000061 seconds.
  path: Assets/office texture/office_window_material_Roughness_Raw_ACEScg.png.tx
  artifactKey: Guid(b81cf44a3f4d1ff46b243066825e3524) Importer(2089858483,192608db42251d675da83286b1cce702)
Start importing Assets/office texture/office_window_material_Roughness_Raw_ACEScg.png.tx using Guid(b81cf44a3f4d1ff46b243066825e3524) Importer(2089858483,192608db42251d675da83286b1cce702) (ScriptedImporter) -> (artifact id: '6501fc3a91ea34dc2d346ff9a763cfe9') in 0.0283933 seconds
Number of updated asset objects reloaded before import = 0Number of asset objects unloaded after import = 1

========================================================================
Received Import Request.
  Time since last request: 0.000033 seconds.
  path: Assets/office texture/trash_bin_D.tga
  artifactKey: Guid(9ff7579dfa792ea4f8b93783ccf5ea02) Importer(2089858483,192608db42251d675da83286b1cce702)
Start importing Assets/office texture/trash_bin_D.tga using Guid(9ff7579dfa792ea4f8b93783ccf5ea02) Importer(2089858483,192608db42251d675da83286b1cce702) (ScriptedImporter) -> (artifact id: 'c81dd4913aa6fb288ab8112d71952911') in 0.0528214 seconds
Number of updated asset objects reloaded before import = 0Number of asset objects unloaded after import = 1

========================================================================
Received Import Request.
  Time since last request: 0.000041 seconds.
  path: Assets/PSXShaderKit/README.rtf
  artifactKey: Guid(d604a0337fded8047919cb0657b163c4) Importer(2089858483,192608db42251d675da83286b1cce702)
Start importing Assets/PSXShaderKit/README.rtf using Guid(d604a0337fded8047919cb0657b163c4) Importer(2089858483,192608db42251d675da83286b1cce702) (ScriptedImporter) -> (artifact id: '14563fd9d634a92311af7f521b3de939') in 0.0257551 seconds
Number of updated asset objects reloaded before import = 0Number of asset objects unloaded after import = 1

========================================================================
Received Import Request.
  Time since last request: 0.000040 seconds.
  path: Assets/office texture/office_wall_material_Roughness.png
  artifactKey: Guid(b8c7f4b8a91beb448b794530f988b874) Importer(2089858483,192608db42251d675da83286b1cce702)
Start importing Assets/office texture/office_wall_material_Roughness.png using Guid(b8c7f4b8a91beb448b794530f988b874) Importer(2089858483,192608db42251d675da83286b1cce702) (ScriptedImporter) -> (artifact id: '45db910d2b49d964fdb6547b0828c1a8') in 0.0541478 seconds
Number of updated asset objects reloaded before import = 0Number of asset objects unloaded after import = 1

========================================================================
Received Import Request.
  Time since last request: 0.000032 seconds.
  path: Assets/office texture/office_wall_material_Normal.png
  artifactKey: Guid(980212d40f2762b419ff1138e5a9059d) Importer(2089858483,192608db42251d675da83286b1cce702)
Start importing Assets/office texture/office_wall_material_Normal.png using Guid(980212d40f2762b419ff1138e5a9059d) Importer(2089858483,192608db42251d675da83286b1cce702) (ScriptedImporter) -> (artifact id: '5de50888cc9b5538569359c2345998ed') in 0.0660441 seconds
Number of updated asset objects reloaded before import = 0Number of asset objects unloaded after import = 1

========================================================================
Received Import Request.
  Time since last request: 0.000849 seconds.
  path: Assets/office texture/office_wall_material_Metallic_Raw_ACEScg.png.tx
  artifactKey: Guid(8170f87e723a8c64f855757dd34c4e47) Importer(2089858483,192608db42251d675da83286b1cce702)
Start importing Assets/office texture/office_wall_material_Metallic_Raw_ACEScg.png.tx using Guid(8170f87e723a8c64f855757dd34c4e47) Importer(2089858483,192608db42251d675da83286b1cce702) (ScriptedImporter) -> (artifact id: '737d8b5bf7c586603fe8fbfa9ed95074') in 0.0406044 seconds
Number of updated asset objects reloaded before import = 0Number of asset objects unloaded after import = 1

========================================================================
Received Import Request.
  Time since last request: 0.000639 seconds.
  path: Assets/office texture/office_tv_material_Roughness_Raw_ACEScg.png.tx
  artifactKey: Guid(e243405c8a89b8649b91770150a6fd7a) Importer(2089858483,192608db42251d675da83286b1cce702)
Start importing Assets/office texture/office_tv_material_Roughness_Raw_ACEScg.png.tx using Guid(e243405c8a89b8649b91770150a6fd7a) Importer(2089858483,192608db42251d675da83286b1cce702) (ScriptedImporter) -> (artifact id: '11badba39e340771f475bd4c5413160c') in 0.0315168 seconds
Number of updated asset objects reloaded before import = 0Number of asset objects unloaded after import = 1

========================================================================
Received Import Request.
  Time since last request: 0.004003 seconds.
  path: Assets/office texture/trash_bin_N.tga
  artifactKey: Guid(18de1bfb7b138744395108a62ae710e4) Importer(2089858483,192608db42251d675da83286b1cce702)
Start importing Assets/office texture/trash_bin_N.tga using Guid(18de1bfb7b138744395108a62ae710e4) Importer(2089858483,192608db42251d675da83286b1cce702) (ScriptedImporter) -> (artifact id: '19af6a7194042653c8d1214582dc7613') in 0.0933307 seconds
Number of updated asset objects reloaded before import = 0Number of asset objects unloaded after import = 1

========================================================================
Received Import Request.
  Time since last request: 0.006366 seconds.
  path: Assets/script/GameFlowManager.cs
  artifactKey: Guid(2d36e53b7a36a774a985d8f828de61da) Importer(2089858483,192608db42251d675da83286b1cce702)
Start importing Assets/script/GameFlowManager.cs using Guid(2d36e53b7a36a774a985d8f828de61da) Importer(2089858483,192608db42251d675da83286b1cce702) (ScriptedImporter) -> (artifact id: 'ba3edd3f34550da3c243554b0b427349') in 0.0572963 seconds
Number of updated asset objects reloaded before import = 0Number of asset objects unloaded after import = 0

========================================================================
Received Import Request.
  Time since last request: 0.000044 seconds.
  path: Assets/Scenes 1/5TheApartment.unity
  artifactKey: Guid(1844602d87072cd45b94c1dd2ce9d594) Importer(2089858483,192608db42251d675da83286b1cce702)
Start importing Assets/Scenes 1/5TheApartment.unity using Guid(1844602d87072cd45b94c1dd2ce9d594) Importer(2089858483,192608db42251d675da83286b1cce702) (ScriptedImporter) -> (artifact id: '61ddfc767376e8935fa25e08fa8e2020') in 0.1662542 seconds
Number of updated asset objects reloaded before import = 0Number of asset objects unloaded after import = 1

========================================================================
Received Import Request.
  Time since last request: 0.000113 seconds.
  path: Assets/Scenes 1/Scenes.unity
  artifactKey: Guid(ab0f20b0a6ce5274bb78a2de7b68a69f) Importer(2089858483,192608db42251d675da83286b1cce702)
Start importing Assets/Scenes 1/Scenes.unity using Guid(ab0f20b0a6ce5274bb78a2de7b68a69f) Importer(2089858483,192608db42251d675da83286b1cce702) (ScriptedImporter) -> (artifact id: '0ab2efb06ba03e1efc84d0994288ebe4') in 0.3431965 seconds
Number of updated asset objects reloaded before import = 0Number of asset objects unloaded after import = 1

========================================================================
Received Import Request.
  Time since last request: 0.000039 seconds.
  path: Assets/script/SceneLoadTrigger.cs
  artifactKey: Guid(38135f355bddd5947bf793be1f630e8f) Importer(2089858483,192608db42251d675da83286b1cce702)
Start importing Assets/script/SceneLoadTrigger.cs using Guid(38135f355bddd5947bf793be1f630e8f) Importer(2089858483,192608db42251d675da83286b1cce702) (ScriptedImporter) -> (artifact id: '34eb223a560a21de069b4e4fc3f1d3b9') in 0.0419687 seconds
Number of updated asset objects reloaded before import = 0Number of asset objects unloaded after import = 0

========================================================================
Received Import Request.
  Time since last request: 0.000132 seconds.
  path: Assets/script/SpeechBublbleTrigger.cs
  artifactKey: Guid(83777a14f51883f41bb11e0707f032bc) Importer(2089858483,192608db42251d675da83286b1cce702)
Start importing Assets/script/SpeechBublbleTrigger.cs using Guid(83777a14f51883f41bb11e0707f032bc) Importer(2089858483,192608db42251d675da83286b1cce702) (ScriptedImporter) -> (artifact id: '6969ccd9252def0288439614b3fe1091') in 0.0376126 seconds
Number of updated asset objects reloaded before import = 0Number of asset objects unloaded after import = 0

========================================================================
Received Import Request.
  Time since last request: 0.000047 seconds.
  path: Assets/script/JumpscareTrigger.cs
  artifactKey: Guid(bde0d36883626fa468e751791fc63637) Importer(2089858483,192608db42251d675da83286b1cce702)
Start importing Assets/script/JumpscareTrigger.cs using Guid(bde0d36883626fa468e751791fc63637) Importer(2089858483,192608db42251d675da83286b1cce702) (ScriptedImporter) -> (artifact id: '150cd2f463680ce4f4c8be9098a1d74d') in 0.0301466 seconds
Number of updated asset objects reloaded before import = 0Number of asset objects unloaded after import = 0

========================================================================
Received Import Request.
  Time since last request: 0.000042 seconds.
  path: Assets/script/PauseManager.cs
  artifactKey: Guid(e67c61ccb8e8b8a47bb3e593ef075fc0) Importer(2089858483,192608db42251d675da83286b1cce702)
Start importing Assets/script/PauseManager.cs using Guid(e67c61ccb8e8b8a47bb3e593ef075fc0) Importer(2089858483,192608db42251d675da83286b1cce702) (ScriptedImporter) -> (artifact id: 'a50c0750889d75bc243495e8cc217d34') in 0.041548 seconds
Number of updated asset objects reloaded before import = 0Number of asset objects unloaded after import = 0

========================================================================
Received Import Request.
  Time since last request: 0.000566 seconds.
  path: Assets/script/FootstepSurface.cs
  artifactKey: Guid(205ded0c97d4d0848a895589fe620322) Importer(2089858483,192608db42251d675da83286b1cce702)
Start importing Assets/script/FootstepSurface.cs using Guid(205ded0c97d4d0848a895589fe620322) Importer(2089858483,192608db42251d675da83286b1cce702) (ScriptedImporter) -> (artifact id: '2e7cdc0a67fff56566e8b2b0ad90ba19') in 0.0412067 seconds
Number of updated asset objects reloaded before import = 0Number of asset objects unloaded after import = 0

========================================================================
Received Import Request.
  Time since last request: 0.000048 seconds.
  path: Assets/script/test.cs
  artifactKey: Guid(2333c8a4ae9952c429044a7aeca624f6) Importer(2089858483,192608db42251d675da83286b1cce702)
Start importing Assets/script/test.cs using Guid(2333c8a4ae9952c429044a7aeca624f6) Importer(2089858483,192608db42251d675da83286b1cce702) (ScriptedImporter) -> (artifact id: '45af6be498db029a8af0f5b445727e76') in 0.0458877 seconds
Number of updated asset objects reloaded before import = 0Number of asset objects unloaded after import = 0

========================================================================
Received Import Request.
  Time since last request: 0.000224 seconds.
  path: Assets/Scenes 1/7GoingBackHome.unity
  artifactKey: Guid(c576a1fc18f20bd46a66b092c640c909) Importer(2089858483,192608db42251d675da83286b1cce702)
Start importing Assets/Scenes 1/7GoingBackHome.unity using Guid(c576a1fc18f20bd46a66b092c640c909) Importer(2089858483,192608db42251d675da83286b1cce702) (ScriptedImporter) -> (artifact id: 'faedd95229b654f15f465e7fdc2b2966') in 0.0874187 seconds
Number of updated asset objects reloaded before import = 0Number of asset objects unloaded after import = 1

========================================================================
Received Import Request.
  Time since last request: 0.000040 seconds.
  path: Assets/script/GirlController.controller
  artifactKey: Guid(3305d582e37fea74cbf982463107d8bd) Importer(2089858483,192608db42251d675da83286b1cce702)
Start importing Assets/script/GirlController.controller using Guid(3305d582e37fea74cbf982463107d8bd) Importer(2089858483,192608db42251d675da83286b1cce702) (ScriptedImporter) -> (artifact id: '0b26c749fc933191ed3375c38c6ef7eb') in 0.040747 seconds
Number of updated asset objects reloaded before import = 0Number of asset objects unloaded after import = 14

========================================================================
Received Import Request.
  Time since last request: 0.000042 seconds.
  path: Assets/apartment/Materials/apartment-couch.mat
  artifactKey: Guid(6b9e8d0edecbf8e49a97f00f3d89bfc6) Importer(2089858483,192608db42251d675da83286b1cce702)
Start importing Assets/apartment/Materials/apartment-couch.mat using Guid(6b9e8d0edecbf8e49a97f00f3d89bfc6) Importer(2089858483,192608db42251d675da83286b1cce702) (ScriptedImporter) -> (artifact id: 'e2a453da94d67f360eb98ae75e290876') in 0.2439706 seconds
Number of updated asset objects reloaded before import = 0Number of asset objects unloaded after import = 5

========================================================================
Received Import Request.
  Time since last request: 0.000114 seconds.
  path: Assets/apartment/Materials/apartment-stove.mat
  artifactKey: Guid(e1f197a7bfaff1942b0f3d7df3f907ca) Importer(2089858483,192608db42251d675da83286b1cce702)
Start importing Assets/apartment/Materials/apartment-stove.mat using Guid(e1f197a7bfaff1942b0f3d7df3f907ca) Importer(2089858483,192608db42251d675da83286b1cce702) (ScriptedImporter) -> (artifact id: '29fdd0b550a3bd2adad41e5584c1140c') in 0.0741131 seconds
Number of updated asset objects reloaded before import = 0Number of asset objects unloaded after import = 5

========================================================================
Received Import Request.
  Time since last request: 0.000043 seconds.
  path: Assets/apartment/Materials/apartment-chair.mat
  artifactKey: Guid(d927445c9769906428629b47771d044e) Importer(2089858483,192608db42251d675da83286b1cce702)
Start importing Assets/apartment/Materials/apartment-chair.mat using Guid(d927445c9769906428629b47771d044e) Importer(2089858483,192608db42251d675da83286b1cce702) (ScriptedImporter) -> (artifact id: '6abb0b0780995b548b5ae0fdfbc69186') in 0.080771 seconds
Number of updated asset objects reloaded before import = 0Number of asset objects unloaded after import = 4

========================================================================
Received Import Request.
  Time since last request: 0.000038 seconds.
  path: Assets/apartment/Materials/apartment-sink.mat
  artifactKey: Guid(a462167a39bc77b46a3d54f3e8886774) Importer(2089858483,192608db42251d675da83286b1cce702)
Start importing Assets/apartment/Materials/apartment-sink.mat using Guid(a462167a39bc77b46a3d54f3e8886774) Importer(2089858483,192608db42251d675da83286b1cce702) (ScriptedImporter) -> (artifact id: 'be890b3be10283563a17a428d4e0b0f6') in 0.1520782 seconds
Number of updated asset objects reloaded before import = 0Number of asset objects unloaded after import = 5

========================================================================
Received Import Request.
  Time since last request: 0.000056 seconds.
  path: Assets/Super Retro Compact Pack/Readme.txt
  artifactKey: Guid(d2e6c1549423c5146b2c156009f0fd36) Importer(2089858483,192608db42251d675da83286b1cce702)
Start importing Assets/Super Retro Compact Pack/Readme.txt using Guid(d2e6c1549423c5146b2c156009f0fd36) Importer(2089858483,192608db42251d675da83286b1cce702) (ScriptedImporter) -> (artifact id: 'fea3b061c1cb9997545b9005bbfcc817') in 0.0566596 seconds
Number of updated asset objects reloaded before import = 0Number of asset objects unloaded after import = 1

========================================================================
Received Prepare
Default GameObject BitMask: UI already registered
Begin MonoManager ReloadAssembly
[Licensing::Client] Successfully resolved entitlement details
- Loaded All Assemblies, in  1.713 seconds
Refreshing native plugins compatible for Editor in 4.13 ms, found 3 plugins.
Native extension for WindowsStandalone target not found
[Package Manager] Failed to launch server process. Reason: Unity was launched with the -noUpm command-line argument
[Package Manager] Unable to send message (not connected to server process).
[Package Manager] Cannot connect to Unity Package Manager local server
Mono: successfully reloaded assembly
- Finished resetting the current domain, in  2.018 seconds
Domain Reload Profiling: 3724ms
	BeginReloadAssembly (555ms)
		ExecutionOrderSort (0ms)
		DisableScriptedObjects (21ms)
		BackupInstance (0ms)
		ReleaseScriptingObjects (0ms)
		CreateAndSetChildDomain (107ms)
	RebuildCommonClasses (102ms)
	RebuildNativeTypeToScriptingClass (36ms)
	initialDomainReloadingComplete (81ms)
	LoadAllAssembliesAndSetupDomain (930ms)
		LoadAssemblies (837ms)
		RebuildTransferFunctionScriptingTraits (0ms)
		AnalyzeDomain (388ms)
			TypeCache.Refresh (17ms)
				TypeCache.ScanAssembly (2ms)
			BuildScriptInfoCaches (347ms)
			ResolveRequiredComponents (15ms)
	FinalizeReload (2019ms)
		ReleaseScriptCaches (0ms)
		RebuildScriptCaches (0ms)
		SetupLoadedEditorAssemblies (1672ms)
			LogAssemblyErrors (0ms)
			InitializePlatformSupportModulesInManaged (4ms)
			SetLoadedEditorAssemblies (7ms)
			BeforeProcessingInitializeOnLoad (378ms)
			ProcessInitializeOnLoadAttributes (1220ms)
			ProcessInitializeOnLoadMethodAttributes (54ms)
			AfterProcessingInitializeOnLoad (9ms)
			EditorAssembliesLoaded (0ms)
		ExecutionOrderSort2 (0ms)
		AwakeInstancesAfterBackupRestoration (10ms)
Refreshing native plugins compatible for Editor in 1.84 ms, found 3 plugins.
Preloading 0 native plugins for Editor in 0.00 ms.
Unloading 12 Unused Serialized files (Serialized files now loaded: 0)
Unloading 4083 unused Assets / (3.0 MB). Loaded Objects now: 4690.
Memory consumption went from 100.6 MB to 97.6 MB.
Total: 11.265000 ms (FindLiveObjects: 0.753900 ms CreateObjectMapping: 0.444000 ms MarkObjects: 7.473000 ms  DeleteObjects: 2.591600 ms)

Prepare: number of updated asset objects reloaded= 0
========================================================================
Received Prepare
Default GameObject BitMask: UI already registered
Begin MonoManager ReloadAssembly
- Loaded All Assemblies, in  1.312 seconds
Refreshing native plugins compatible for Editor in 1.43 ms, found 3 plugins.
Native extension for WindowsStandalone target not found
[Package Manager] Failed to launch server process. Reason: Unity was launched with the -noUpm command-line argument
[Package Manager] Unable to send message (not connected to server process).
[Package Manager] Cannot connect to Unity Package Manager local server
Mono: successfully reloaded assembly
- Finished resetting the current domain, in  1.545 seconds
Domain Reload Profiling: 2856ms
	BeginReloadAssembly (394ms)
		ExecutionOrderSort (0ms)
		DisableScriptedObjects (16ms)
		BackupInstance (0ms)
		ReleaseScriptingObjects (0ms)
		CreateAndSetChildDomain (69ms)
	RebuildCommonClasses (81ms)
	RebuildNativeTypeToScriptingClass (33ms)
	initialDomainReloadingComplete (65ms)
	LoadAllAssembliesAndSetupDomain (737ms)
		LoadAssemblies (633ms)
		RebuildTransferFunctionScriptingTraits (0ms)
		AnalyzeDomain (330ms)
			TypeCache.Refresh (11ms)
				TypeCache.ScanAssembly (0ms)
			BuildScriptInfoCaches (297ms)
			ResolveRequiredComponents (13ms)
	FinalizeReload (1546ms)
		ReleaseScriptCaches (0ms)
		RebuildScriptCaches (0ms)
		SetupLoadedEditorAssemblies (1332ms)
			LogAssemblyErrors (0ms)
			InitializePlatformSupportModulesInManaged (2ms)
			SetLoadedEditorAssemblies (5ms)
			BeforeProcessingInitializeOnLoad (230ms)
			ProcessInitializeOnLoadAttributes (1030ms)
			ProcessInitializeOnLoadMethodAttributes (51ms)
			AfterProcessingInitializeOnLoad (14ms)
			EditorAssembliesLoaded (0ms)
		ExecutionOrderSort2 (0ms)
		AwakeInstancesAfterBackupRestoration (10ms)
Refreshing native plugins compatible for Editor in 3.11 ms, found 3 plugins.
Preloading 0 native plugins for Editor in 0.00 ms.
Unloading 12 Unused Serialized files (Serialized files now loaded: 0)
Unloading 4083 unused Assets / (3.7 MB). Loaded Objects now: 4691.
Memory consumption went from 100.6 MB to 96.9 MB.
Total: 14.096500 ms (FindLiveObjects: 0.794200 ms CreateObjectMapping: 0.603300 ms MarkObjects: 8.453400 ms  DeleteObjects: 4.242700 ms)

Prepare: number of updated asset objects reloaded= 0
========================================================================
Received Import Request.
  Time since last request: 18.821984 seconds.
  path: Assets/script/GunPiclkUp.cs
  artifactKey: Guid(78c2d5b31980c454585b70d5e4f846bc) Importer(815301076,1909f56bfc062723c751e8b465ee728b)
Start importing Assets/script/GunPiclkUp.cs using Guid(78c2d5b31980c454585b70d5e4f846bc) Importer(815301076,1909f56bfc062723c751e8b465ee728b) (PreviewImporter) -> (artifact id: '9685fbec6be61341233cc8fa2c12e933') in 0.0063569 seconds
Number of updated asset objects reloaded before import = 0Number of asset objects unloaded after import = 0

========================================================================
Received Import Request.
  Time since last request: 4.118905 seconds.
  path: Assets/Bicycle.obj
  artifactKey: Guid(208d69edc2df4164e9cc5ae150af0b56) Importer(2089858483,192608db42251d675da83286b1cce702)
Start importing Assets/Bicycle.obj using Guid(208d69edc2df4164e9cc5ae150af0b56) Importer(2089858483,192608db42251d675da83286b1cce702) (ScriptedImporter) -> (artifact id: 'bc88a990b17e9037568c1308efdab700') in 0.5629014 seconds
Number of updated asset objects reloaded before import = 0Number of asset objects unloaded after import = 586

========================================================================
Received Import Request.
  Time since last request: 0.000036 seconds.
  path: Assets/apartment/Materials/stove.mat
  artifactKey: Guid(0103faa97dcf46346916208abdedf54f) Importer(2089858483,192608db42251d675da83286b1cce702)
Start importing Assets/apartment/Materials/stove.mat using Guid(0103faa97dcf46346916208abdedf54f) Importer(2089858483,192608db42251d675da83286b1cce702) (ScriptedImporter) -> (artifact id: '6d9e4cef7d1d45944cd6df7d82ec6cbe') in 0.0447311 seconds
Number of updated asset objects reloaded before import = 0Number of asset objects unloaded after import = 1

========================================================================
Received Import Request.
  Time since last request: 0.000090 seconds.
  path: Assets/apartment/Materials/tv_stand.mat
  artifactKey: Guid(8c1df3efa5043e34d8c2ec020674303a) Importer(2089858483,192608db42251d675da83286b1cce702)
Start importing Assets/apartment/Materials/tv_stand.mat using Guid(8c1df3efa5043e34d8c2ec020674303a) Importer(2089858483,192608db42251d675da83286b1cce702) (ScriptedImporter) -> (artifact id: '5a13ae9bfd7341199951e69b04dd4f2c') in 0.0466514 seconds
Number of updated asset objects reloaded before import = 0Number of asset objects unloaded after import = 1

========================================================================
Received Import Request.
  Time since last request: 0.000038 seconds.
  path: Assets/PSXShaderKit/Shaders/PSX-UnlitTransparent.shader
  artifactKey: Guid(6d8be05a69d81144c88ad535cddbc868) Importer(2089858483,192608db42251d675da83286b1cce702)
Start importing Assets/PSXShaderKit/Shaders/PSX-UnlitTransparent.shader using Guid(6d8be05a69d81144c88ad535cddbc868) Importer(2089858483,192608db42251d675da83286b1cce702) (ScriptedImporter) -> (artifact id: 'df258d3cbcd9cd9230d311630afeb905') in 0.0365917 seconds
Number of updated asset objects reloaded before import = 0Number of asset objects unloaded after import = 1

========================================================================
Received Import Request.
  Time since last request: 0.000042 seconds.
  path: Assets/chinese-take-out-boxes/textures/box1.png
  artifactKey: Guid(f8335d63da5035042bdd13c1954055b2) Importer(2089858483,192608db42251d675da83286b1cce702)
Start importing Assets/chinese-take-out-boxes/textures/box1.png using Guid(f8335d63da5035042bdd13c1954055b2) Importer(2089858483,192608db42251d675da83286b1cce702) (ScriptedImporter) -> (artifact id: '7142eb19b93cca94d6742c9a950028e8') in 0.11672 seconds
Number of updated asset objects reloaded before import = 0Number of asset objects unloaded after import = 1

========================================================================
Received Import Request.
  Time since last request: 0.000038 seconds.
  path: Assets/Super Retro Compact Pack/Materials/FunCar_Muscle_Orange.mat
  artifactKey: Guid(8060b264389d648469624e8f56121c36) Importer(2089858483,192608db42251d675da83286b1cce702)
Start importing Assets/Super Retro Compact Pack/Materials/FunCar_Muscle_Orange.mat using Guid(8060b264389d648469624e8f56121c36) Importer(2089858483,192608db42251d675da83286b1cce702) (ScriptedImporter) -> (artifact id: 'cf8e16fd136b2ba2801b7f0324253500') in 0.0410926 seconds
Number of updated asset objects reloaded before import = 0Number of asset objects unloaded after import = 2

========================================================================
Received Import Request.
  Time since last request: 0.000111 seconds.
  path: Assets/script/fnbar-quicktimeevents-main/client.lua
  artifactKey: Guid(cf5d6dfaec8838f41b49226f3cb13426) Importer(2089858483,192608db42251d675da83286b1cce702)
Start importing Assets/script/fnbar-quicktimeevents-main/client.lua using Guid(cf5d6dfaec8838f41b49226f3cb13426) Importer(2089858483,192608db42251d675da83286b1cce702) (ScriptedImporter) -> (artifact id: '78831938782c17c3bb8438a8ce3891b2') in 0.0232894 seconds
Number of updated asset objects reloaded before import = 0Number of asset objects unloaded after import = 1

========================================================================
Received Import Request.
  Time since last request: 0.000036 seconds.
  path: Assets/Super Retro Compact Pack/Materials/FunCar_Muscle_Red.mat
  artifactKey: Guid(dd5c248e806ba7f4f83f36bb8cd484af) Importer(2089858483,192608db42251d675da83286b1cce702)
Start importing Assets/Super Retro Compact Pack/Materials/FunCar_Muscle_Red.mat using Guid(dd5c248e806ba7f4f83f36bb8cd484af) Importer(2089858483,192608db42251d675da83286b1cce702) (ScriptedImporter) -> (artifact id: 'fc5c1772e0e15392895acf3e6ebc37ee') in 0.0392003 seconds
Number of updated asset objects reloaded before import = 0Number of asset objects unloaded after import = 2

========================================================================
Received Import Request.
  Time since last request: 0.000027 seconds.
  path: Assets/PSXShaderKit/Shaders/PSX-Utils.cginc
  artifactKey: Guid(44bec1a4b39b78f4485ccc239f331433) Importer(2089858483,192608db42251d675da83286b1cce702)
Start importing Assets/PSXShaderKit/Shaders/PSX-Utils.cginc using Guid(44bec1a4b39b78f4485ccc239f331433) Importer(2089858483,192608db42251d675da83286b1cce702) (ScriptedImporter) -> (artifact id: 'ffc9bf5e0da12e3ed4cf207d85ff9675') in 0.0474087 seconds
Number of updated asset objects reloaded before import = 0Number of asset objects unloaded after import = 1

========================================================================
Received Import Request.
  Time since last request: 0.000196 seconds.
  path: Assets/Super Retro Compact Pack/Materials/FunCar_Neon.mat
  artifactKey: Guid(d3dd307ece9dade4d997ab181e5fee67) Importer(2089858483,192608db42251d675da83286b1cce702)
Start importing Assets/Super Retro Compact Pack/Materials/FunCar_Neon.mat using Guid(d3dd307ece9dade4d997ab181e5fee67) Importer(2089858483,192608db42251d675da83286b1cce702) (ScriptedImporter) -> (artifact id: 'e9f79b21f0d9c9c5e3f985b14d33a647') in 0.06901 seconds
Number of updated asset objects reloaded before import = 0Number of asset objects unloaded after import = 2

========================================================================
Received Import Request.
  Time since last request: 0.000037 seconds.
  path: Assets/cerveza-cristal-psx/source/Cerveza Cristal.fbx
  artifactKey: Guid(58954c5c5bc8f9e4ebfa8e34a94d18ae) Importer(2089858483,192608db42251d675da83286b1cce702)
Start importing Assets/cerveza-cristal-psx/source/Cerveza Cristal.fbx using Guid(58954c5c5bc8f9e4ebfa8e34a94d18ae) Importer(2089858483,192608db42251d675da83286b1cce702) (ScriptedImporter) -> (artifact id: 'a7db44444684d6dbc750a356461e422e') in 0.0818653 seconds
Number of updated asset objects reloaded before import = 0Number of asset objects unloaded after import = 9

========================================================================
Received Import Request.
  Time since last request: 0.000052 seconds.
  path: Assets/Super Retro Compact Pack/Prefabs/CompactCar_White.prefab
  artifactKey: Guid(b322565c7af601241b4fbf6b26ca8fe1) Importer(2089858483,192608db42251d675da83286b1cce702)
Start importing Assets/Super Retro Compact Pack/Prefabs/CompactCar_White.prefab using Guid(b322565c7af601241b4fbf6b26ca8fe1) Importer(2089858483,192608db42251d675da83286b1cce702) (ScriptedImporter) -> (artifact id: 'cdcd690ccb388fbeaca2eb358a1b049a') in 0.0663673 seconds
Number of updated asset objects reloaded before import = 0Number of asset objects unloaded after import = 34

========================================================================
Received Import Request.
  Time since last request: 0.000047 seconds.
  path: Assets/Super Retro Compact Pack/Scenes/RetroCarPack_Sample_01.unity
  artifactKey: Guid(408b9199ba2150248abc022eb889954d) Importer(2089858483,192608db42251d675da83286b1cce702)
Start importing Assets/Super Retro Compact Pack/Scenes/RetroCarPack_Sample_01.unity using Guid(408b9199ba2150248abc022eb889954d) Importer(2089858483,192608db42251d675da83286b1cce702) (ScriptedImporter) -> (artifact id: 'e690b177d399b273f3ed605ce5e32b69') in 0.0545524 seconds
Number of updated asset objects reloaded before import = 0Number of asset objects unloaded after import = 1

========================================================================
Received Import Request.
  Time since last request: 0.000030 seconds.
  path: Assets/PSXShaderKit/Demo/SpookyOrbFloat.cs
  artifactKey: Guid(5d73a146f3ca4b743a30731e7bfcc1e1) Importer(2089858483,192608db42251d675da83286b1cce702)
Start importing Assets/PSXShaderKit/Demo/SpookyOrbFloat.cs using Guid(5d73a146f3ca4b743a30731e7bfcc1e1) Importer(2089858483,192608db42251d675da83286b1cce702) (ScriptedImporter) -> (artifact id: '290a5cb0fee29b4f0ff291033fef7122') in 0.0279246 seconds
Number of updated asset objects reloaded before import = 0Number of asset objects unloaded after import = 0

========================================================================
Received Import Request.
  Time since last request: 0.000310 seconds.
  path: Assets/Super Retro Compact Pack/Materials/FunCar_Police_01.mat
  artifactKey: Guid(e7a4665bf3429d84d8077a2d759ec241) Importer(2089858483,192608db42251d675da83286b1cce702)
Start importing Assets/Super Retro Compact Pack/Materials/FunCar_Police_01.mat using Guid(e7a4665bf3429d84d8077a2d759ec241) Importer(2089858483,192608db42251d675da83286b1cce702) (ScriptedImporter) -> (artifact id: '2d797047775ad015fda100739d76f16c') in 0.0663631 seconds
Number of updated asset objects reloaded before import = 0Number of asset objects unloaded after import = 2

========================================================================
Received Import Request.
  Time since last request: 0.000042 seconds.
  path: Assets/PSXShaderKit/Shaders/PSX-UnlitTransparentCutout.shader
  artifactKey: Guid(12779ca7a374ca24da44accca8f439a0) Importer(2089858483,192608db42251d675da83286b1cce702)
Start importing Assets/PSXShaderKit/Shaders/PSX-UnlitTransparentCutout.shader using Guid(12779ca7a374ca24da44accca8f439a0) Importer(2089858483,192608db42251d675da83286b1cce702) (ScriptedImporter) -> (artifact id: '52753dafef45f961f0ff7ebac9f7f164') in 0.0280738 seconds
Number of updated asset objects reloaded before import = 0Number of asset objects unloaded after import = 1

========================================================================
Received Import Request.
  Time since last request: 0.000029 seconds.
  path: Assets/Super Retro Compact Pack/Materials/FunCar_Pink.mat
  artifactKey: Guid(c551b597fd37c2a4191b149b969d0d7f) Importer(2089858483,192608db42251d675da83286b1cce702)
Start importing Assets/Super Retro Compact Pack/Materials/FunCar_Pink.mat using Guid(c551b597fd37c2a4191b149b969d0d7f) Importer(2089858483,192608db42251d675da83286b1cce702) (ScriptedImporter) -> (artifact id: '4d83c65f6acf8eee0ea78b129218352a') in 0.0807295 seconds
Number of updated asset objects reloaded before import = 0Number of asset objects unloaded after import = 2

========================================================================
Received Import Request.
  Time since last request: 0.000042 seconds.
  path: Assets/Super Retro Compact Pack/Prefabs/CompactCar_Blue.prefab
  artifactKey: Guid(24075fd542ead56449bccfc9219b69ec) Importer(2089858483,192608db42251d675da83286b1cce702)
Start importing Assets/Super Retro Compact Pack/Prefabs/CompactCar_Blue.prefab using Guid(24075fd542ead56449bccfc9219b69ec) Importer(2089858483,192608db42251d675da83286b1cce702) (ScriptedImporter) -> (artifact id: '0b966845bfd8bbe7a4a124e7d859ea68') in 0.0718454 seconds
Number of updated asset objects reloaded before import = 0Number of asset objects unloaded after import = 34

========================================================================
Received Import Request.
  Time since last request: 0.000056 seconds.
  path: Assets/chinese-take-out-boxes/textures/food3.png
  artifactKey: Guid(f41fccf18788eb24ab098bbca8c64f60) Importer(2089858483,192608db42251d675da83286b1cce702)
Start importing Assets/chinese-take-out-boxes/textures/food3.png using Guid(f41fccf18788eb24ab098bbca8c64f60) Importer(2089858483,192608db42251d675da83286b1cce702) (ScriptedImporter) -> (artifact id: '1d8e47dc81ffc66868cef49d76da5054') in 0.0442174 seconds
Number of updated asset objects reloaded before import = 0Number of asset objects unloaded after import = 1

========================================================================
Received Import Request.
  Time since last request: 0.000034 seconds.
  path: Assets/Super Retro Compact Pack/Materials/FunCar_Blue.mat
  artifactKey: Guid(b133bc66540140547a1c27a0915df99b) Importer(2089858483,192608db42251d675da83286b1cce702)
Start importing Assets/Super Retro Compact Pack/Materials/FunCar_Blue.mat using Guid(b133bc66540140547a1c27a0915df99b) Importer(2089858483,192608db42251d675da83286b1cce702) (ScriptedImporter) -> (artifact id: 'f814d88639abf86ed646e5df80c831df') in 0.065882 seconds
Number of updated asset objects reloaded before import = 0Number of asset objects unloaded after import = 2

========================================================================
Received Import Request.
  Time since last request: 0.000029 seconds.
  path: Assets/Super Retro Compact Pack/Textures/CompactCar_Texture_Muscle_Red.png
  artifactKey: Guid(5c04d7d4251f81e4da02c30b53a82a71) Importer(2089858483,192608db42251d675da83286b1cce702)
Start importing Assets/Super Retro Compact Pack/Textures/CompactCar_Texture_Muscle_Red.png using Guid(5c04d7d4251f81e4da02c30b53a82a71) Importer(2089858483,192608db42251d675da83286b1cce702) (ScriptedImporter) -> (artifact id: 'bfff8c717ee2f12e51945fbf449e3b97') in 0.0468 seconds
Number of updated asset objects reloaded before import = 0Number of asset objects unloaded after import = 1

========================================================================
Received Import Request.
  Time since last request: 0.000049 seconds.
  path: Assets/Super Retro Compact Pack/Textures/CompactCar_Texture_Neon.png
  artifactKey: Guid(e1a29ab7f4ea6af408cc6639f7330c08) Importer(2089858483,192608db42251d675da83286b1cce702)
Start importing Assets/Super Retro Compact Pack/Textures/CompactCar_Texture_Neon.png using Guid(e1a29ab7f4ea6af408cc6639f7330c08) Importer(2089858483,192608db42251d675da83286b1cce702) (ScriptedImporter) -> (artifact id: 'f38f9892a759fc5f51f9ff7a1af9221e') in 0.0437184 seconds
Number of updated asset objects reloaded before import = 0Number of asset objects unloaded after import = 1

========================================================================
Received Import Request.
  Time since last request: 0.000039 seconds.
  path: Assets/TextMesh Pro/Shaders/TMPro_Mobile.cginc
  artifactKey: Guid(c334973cef89a9840b0b0c507e0377ab) Importer(2089858483,192608db42251d675da83286b1cce702)
Start importing Assets/TextMesh Pro/Shaders/TMPro_Mobile.cginc using Guid(c334973cef89a9840b0b0c507e0377ab) Importer(2089858483,192608db42251d675da83286b1cce702) (ScriptedImporter) -> (artifact id: '42211e50ae8e0e8071f37ac8dc7373d6') in 0.0417276 seconds
Number of updated asset objects reloaded before import = 0Number of asset objects unloaded after import = 1

========================================================================
Received Import Request.
  Time since last request: 0.000055 seconds.
  path: Assets/Super Retro Compact Pack/Textures/CompactCar_Texture_Red.png
  artifactKey: Guid(9def3834d4085064a8e5d757997760d1) Importer(2089858483,192608db42251d675da83286b1cce702)
Start importing Assets/Super Retro Compact Pack/Textures/CompactCar_Texture_Red.png using Guid(9def3834d4085064a8e5d757997760d1) Importer(2089858483,192608db42251d675da83286b1cce702) (ScriptedImporter) -> (artifact id: '6aa8e4ab910869b6025ad4f92768b3d3') in 0.0673511 seconds
Number of updated asset objects reloaded before import = 0Number of asset objects unloaded after import = 1

========================================================================
Received Import Request.
  Time since last request: 0.000030 seconds.
  path: Assets/script/TriggeredGameFlow.cs
  artifactKey: Guid(973cdb851e5bd5b41a82d9242ea075b0) Importer(2089858483,192608db42251d675da83286b1cce702)
Start importing Assets/script/TriggeredGameFlow.cs using Guid(973cdb851e5bd5b41a82d9242ea075b0) Importer(2089858483,192608db42251d675da83286b1cce702) (ScriptedImporter) -> (artifact id: 'e60438fff354d882361387d8ad081a52') in 0.027464 seconds
Number of updated asset objects reloaded before import = 0Number of asset objects unloaded after import = 0

========================================================================
Received Import Request.
  Time since last request: 0.000087 seconds.
  path: Assets/apartment/Materials/apartment-trash.mat
  artifactKey: Guid(0b47989f5eb66f94b80aa88febdc673d) Importer(2089858483,192608db42251d675da83286b1cce702)
Start importing Assets/apartment/Materials/apartment-trash.mat using Guid(0b47989f5eb66f94b80aa88febdc673d) Importer(2089858483,192608db42251d675da83286b1cce702) (ScriptedImporter) -> (artifact id: '149b2a604a6b5920b2529a82c9fa0323') in 0.0650981 seconds
Number of updated asset objects reloaded before import = 0Number of asset objects unloaded after import = 5

========================================================================
Received Import Request.
  Time since last request: 0.000051 seconds.
  path: Assets/script/CharController.cs
  artifactKey: Guid(d082733551f27a942b53d0dced91c915) Importer(2089858483,192608db42251d675da83286b1cce702)
Start importing Assets/script/CharController.cs using Guid(d082733551f27a942b53d0dced91c915) Importer(2089858483,192608db42251d675da83286b1cce702) (ScriptedImporter) -> (artifact id: 'e2b13ccb467b813b2ac6864d1a958ff4') in 0.0297134 seconds
Number of updated asset objects reloaded before import = 0Number of asset objects unloaded after import = 0

========================================================================
Received Import Request.
  Time since last request: 0.000037 seconds.
  path: Assets/script/InputSystem_Actions.inputactions
  artifactKey: Guid(289c1b55c9541489481df5cc06664110) Importer(2089858483,192608db42251d675da83286b1cce702)
Start importing Assets/script/InputSystem_Actions.inputactions using Guid(289c1b55c9541489481df5cc06664110) Importer(2089858483,192608db42251d675da83286b1cce702) (ScriptedImporter) -> (artifact id: '20877b473dc1fc65b678555fa20bc2f1') in 0.4724699 seconds
Number of updated asset objects reloaded before import = 0Number of asset objects unloaded after import = 22

========================================================================
Received Import Request.
  Time since last request: 0.000063 seconds.
  path: Assets/apartment/apartment_couch_Metallic.png
  artifactKey: Guid(18b86eebe3d60e64e8c75d23a9bdfd24) Importer(2089858483,192608db42251d675da83286b1cce702)
Start importing Assets/apartment/apartment_couch_Metallic.png using Guid(18b86eebe3d60e64e8c75d23a9bdfd24) Importer(2089858483,192608db42251d675da83286b1cce702) (ScriptedImporter) -> (artifact id: '84f3880207e1311b4e8e2f516e86f334') in 0.0578939 seconds
Number of updated asset objects reloaded before import = 0Number of asset objects unloaded after import = 1

========================================================================
Received Import Request.
  Time since last request: 0.000035 seconds.
  path: Assets/office texture/office_floor_material_Roughness.png
  artifactKey: Guid(e4c25939996c2c548acf98c57a3b16f0) Importer(2089858483,192608db42251d675da83286b1cce702)
Start importing Assets/office texture/office_floor_material_Roughness.png using Guid(e4c25939996c2c548acf98c57a3b16f0) Importer(2089858483,192608db42251d675da83286b1cce702) (ScriptedImporter) -> (artifact id: '22e4cede0a584377db549610cc4f3b25') in 0.0647493 seconds
Number of updated asset objects reloaded before import = 0Number of asset objects unloaded after import = 1

========================================================================
Received Import Request.
  Time since last request: 0.000086 seconds.
  path: Assets/apartment/apartment_fridge_Roughness.png
  artifactKey: Guid(e121e3ee181e80543904dce1fd095547) Importer(2089858483,192608db42251d675da83286b1cce702)
Start importing Assets/apartment/apartment_fridge_Roughness.png using Guid(e121e3ee181e80543904dce1fd095547) Importer(2089858483,192608db42251d675da83286b1cce702) (ScriptedImporter) -> (artifact id: '1d8a2a6c4816367125573211d845affb') in 0.0493635 seconds
Number of updated asset objects reloaded before import = 0Number of asset objects unloaded after import = 1

========================================================================
Received Import Request.
  Time since last request: 0.000038 seconds.
  path: Assets/videoplayback.mp4
  artifactKey: Guid(1ef8c179c23dd9d4698e045784cff416) Importer(2089858483,192608db42251d675da83286b1cce702)
Start importing Assets/videoplayback.mp4 using Guid(1ef8c179c23dd9d4698e045784cff416) Importer(2089858483,192608db42251d675da83286b1cce702) (ScriptedImporter) -> (artifact id: '8e75ac029550acbf83635ea01752a786') in 0.0348649 seconds
Number of updated asset objects reloaded before import = 0Number of asset objects unloaded after import = 1

========================================================================
Received Import Request.
  Time since last request: 0.000043 seconds.
  path: Assets/PSX City/PSX City/Textures/Brick2.png
  artifactKey: Guid(528b48b963a87ec419b21311627fc33d) Importer(2089858483,192608db42251d675da83286b1cce702)
Start importing Assets/PSX City/PSX City/Textures/Brick2.png using Guid(528b48b963a87ec419b21311627fc33d) Importer(2089858483,192608db42251d675da83286b1cce702) (ScriptedImporter) -> (artifact id: '4d452db76a7ecbc39114afb36a64268c') in 0.0538695 seconds
Number of updated asset objects reloaded before import = 0Number of asset objects unloaded after import = 1

========================================================================
Received Import Request.
  Time since last request: 0.000171 seconds.
  path: Assets/Footsteps - Essentials/Footsteps_Mud/Footsteps_Mud_Walk/Footsteps_Mud_Walk_01.wav
  artifactKey: Guid(e3edc2a270af5c04886ab9c5fa4fced6) Importer(2089858483,192608db42251d675da83286b1cce702)
Start importing Assets/Footsteps - Essentials/Footsteps_Mud/Footsteps_Mud_Walk/Footsteps_Mud_Walk_01.wav using Guid(e3edc2a270af5c04886ab9c5fa4fced6) Importer(2089858483,192608db42251d675da83286b1cce702) (ScriptedImporter) -> (artifact id: '99fdc5f04c0e94b17584d5002b5d47e1') in 0.1069599 seconds
Number of updated asset objects reloaded before import = 0Number of asset objects unloaded after import = 1

========================================================================
Received Import Request.
  Time since last request: 0.000496 seconds.
  path: Assets/PSX City/PSX City/Textures/Building3.png
  artifactKey: Guid(e5f1658e169692c46a8db4b8f918a33d) Importer(2089858483,192608db42251d675da83286b1cce702)
Start importing Assets/PSX City/PSX City/Textures/Building3.png using Guid(e5f1658e169692c46a8db4b8f918a33d) Importer(2089858483,192608db42251d675da83286b1cce702) (ScriptedImporter) -> (artifact id: '1054e09df06b9039ed898df1b8d07bb1') in 0.0607502 seconds
Number of updated asset objects reloaded before import = 0Number of asset objects unloaded after import = 1

========================================================================
Received Import Request.
  Time since last request: 0.000043 seconds.
  path: Assets/apartment/apartment_rug_Height.png
  artifactKey: Guid(739921a0dea65a3499bdb1fa32f89796) Importer(2089858483,192608db42251d675da83286b1cce702)
Start importing Assets/apartment/apartment_rug_Height.png using Guid(739921a0dea65a3499bdb1fa32f89796) Importer(2089858483,192608db42251d675da83286b1cce702) (ScriptedImporter) -> (artifact id: 'd3970af1e487461e089c4f50efcdd8f7') in 0.0485069 seconds
Number of updated asset objects reloaded before import = 0Number of asset objects unloaded after import = 1

========================================================================
Received Import Request.
  Time since last request: 0.000168 seconds.
  path: Assets/Ui/Ui/Anger.png
  artifactKey: Guid(94777b7e9bb004949b43b099eef847db) Importer(2089858483,192608db42251d675da83286b1cce702)
Start importing Assets/Ui/Ui/Anger.png using Guid(94777b7e9bb004949b43b099eef847db) Importer(2089858483,192608db42251d675da83286b1cce702) (ScriptedImporter) -> (artifact id: '4c05c130e05da78773e66b13e2038722') in 0.0714908 seconds
Number of updated asset objects reloaded before import = 0Number of asset objects unloaded after import = 3

========================================================================
Received Import Request.
  Time since last request: 0.000039 seconds.
  path: Assets/TextMesh Pro/Shaders/TMP_SDF-HDRP UNLIT.shadergraph
  artifactKey: Guid(f63d574838ccfb44f84acc05fed0af48) Importer(2089858483,192608db42251d675da83286b1cce702)
Start importing Assets/TextMesh Pro/Shaders/TMP_SDF-HDRP UNLIT.shadergraph using Guid(f63d574838ccfb44f84acc05fed0af48) Importer(2089858483,192608db42251d675da83286b1cce702) (ScriptedImporter) -> (artifact id: 'f49ef33e8e4ff5ed016e64ca8d74f3d6') in 0.025801 seconds
Number of updated asset objects reloaded before import = 0Number of asset objects unloaded after import = 1

========================================================================
Received Import Request.
  Time since last request: 0.000040 seconds.
  path: Assets/TextMesh Pro/Shaders/TMP_Sprite.shader
  artifactKey: Guid(cf81c85f95fe47e1a27f6ae460cf182c) Importer(2089858483,192608db42251d675da83286b1cce702)
Start importing Assets/TextMesh Pro/Shaders/TMP_Sprite.shader using Guid(cf81c85f95fe47e1a27f6ae460cf182c) Importer(2089858483,192608db42251d675da83286b1cce702) (ScriptedImporter) -> (artifact id: '3adff00946ce54aef29581648261669f') in 0.0303448 seconds
Number of updated asset objects reloaded before import = 0Number of asset objects unloaded after import = 1

========================================================================
Received Import Request.
  Time since last request: 0.000167 seconds.
  path: Assets/PSX City/PSX City/Models/CityProps.fbx
  artifactKey: Guid(ebc03fc50fc6f0446b08752afba7ba14) Importer(2089858483,192608db42251d675da83286b1cce702)
Start importing Assets/PSX City/PSX City/Models/CityProps.fbx using Guid(ebc03fc50fc6f0446b08752afba7ba14) Importer(2089858483,192608db42251d675da83286b1cce702) (ScriptedImporter) -> (artifact id: '79f4fd60a300553f9792cf82eaa54d74') in 0.1631445 seconds
Number of updated asset objects reloaded before import = 0Number of asset objects unloaded after import = 109

========================================================================
Received Import Request.
  Time since last request: 0.000060 seconds.
  path: Assets/script/fnbar-quicktimeevents-main/nui/index.html
  artifactKey: Guid(5ab0732856a771e43af758b89160ea78) Importer(2089858483,192608db42251d675da83286b1cce702)
Start importing Assets/script/fnbar-quicktimeevents-main/nui/index.html using Guid(5ab0732856a771e43af758b89160ea78) Importer(2089858483,192608db42251d675da83286b1cce702) (ScriptedImporter) -> (artifact id: 'ca9b281ce5dd9f4b65b8e3e76fc9f099') in 0.0462424 seconds
Number of updated asset objects reloaded before import = 0Number of asset objects unloaded after import = 1

========================================================================
Received Import Request.
  Time since last request: 0.000057 seconds.
  path: Assets/PSX City/PSX City/Textures/Lamp.png
  artifactKey: Guid(c836050e223237c44a2b8c5f11325f98) Importer(2089858483,192608db42251d675da83286b1cce702)
Start importing Assets/PSX City/PSX City/Textures/Lamp.png using Guid(c836050e223237c44a2b8c5f11325f98) Importer(2089858483,192608db42251d675da83286b1cce702) (ScriptedImporter) -> (artifact id: '347d936d893f5209eda0541998edb089') in 0.045323 seconds
Number of updated asset objects reloaded before import = 0Number of asset objects unloaded after import = 1

========================================================================
Received Import Request.
  Time since last request: 0.000046 seconds.
  path: Assets/PSXShaderKit/Shaders/ImageEffects/PSX-PostProcess.shader
  artifactKey: Guid(56d52fd5b7c6911468179e5a7359ce0e) Importer(2089858483,192608db42251d675da83286b1cce702)
Start importing Assets/PSXShaderKit/Shaders/ImageEffects/PSX-PostProcess.shader using Guid(56d52fd5b7c6911468179e5a7359ce0e) Importer(2089858483,192608db42251d675da83286b1cce702) (ScriptedImporter) -> (artifact id: 'af5fb3920013e96bc203a4741a7c819a') in 0.0356257 seconds
Number of updated asset objects reloaded before import = 0Number of asset objects unloaded after import = 1

========================================================================
Received Import Request.
  Time since last request: 0.000095 seconds.
  path: Assets/Materials/office-table_material1.mat
  artifactKey: Guid(de7d71f86567e90479ebdd7d9fdda9c1) Importer(2089858483,192608db42251d675da83286b1cce702)
Start importing Assets/Materials/office-table_material1.mat using Guid(de7d71f86567e90479ebdd7d9fdda9c1) Importer(2089858483,192608db42251d675da83286b1cce702) (ScriptedImporter) -> (artifact id: 'b3b7424f34cc358afc386cec929f6614') in 0.0988301 seconds
Number of updated asset objects reloaded before import = 0Number of asset objects unloaded after import = 5

========================================================================
Received Import Request.
  Time since last request: 0.000106 seconds.
  path: Assets/Super Retro Compact Pack/Prefabs/CompactCar_Black.prefab
  artifactKey: Guid(fb397a507ec6bea4699cc33654426f29) Importer(2089858483,192608db42251d675da83286b1cce702)
Start importing Assets/Super Retro Compact Pack/Prefabs/CompactCar_Black.prefab using Guid(fb397a507ec6bea4699cc33654426f29) Importer(2089858483,192608db42251d675da83286b1cce702) (ScriptedImporter) -> (artifact id: '128641c9944b3eec57f542db4b2ace56') in 0.0754389 seconds
Number of updated asset objects reloaded before import = 0Number of asset objects unloaded after import = 34

========================================================================
Received Import Request.
  Time since last request: 0.000127 seconds.
  path: Assets/apartment/apartment_chair_Height.png
  artifactKey: Guid(27be503287cb642438d482a9130199cc) Importer(2089858483,192608db42251d675da83286b1cce702)
Start importing Assets/apartment/apartment_chair_Height.png using Guid(27be503287cb642438d482a9130199cc) Importer(2089858483,192608db42251d675da83286b1cce702) (ScriptedImporter) -> (artifact id: 'cceba3273879535792b07d4711d64ee1') in 0.0638631 seconds
Number of updated asset objects reloaded before import = 0Number of asset objects unloaded after import = 1

========================================================================
Received Import Request.
  Time since last request: 0.000061 seconds.
  path: Assets/PSX City/PSX City/Models/Road.mat
  artifactKey: Guid(635b5feb94854c44fa1ca8b9a8f89641) Importer(2089858483,192608db42251d675da83286b1cce702)
Start importing Assets/PSX City/PSX City/Models/Road.mat using Guid(635b5feb94854c44fa1ca8b9a8f89641) Importer(2089858483,192608db42251d675da83286b1cce702) (ScriptedImporter) -> (artifact id: 'e664b415d0629bb29d21d3352e048e89') in 0.0355276 seconds
Number of updated asset objects reloaded before import = 0Number of asset objects unloaded after import = 2

========================================================================
Received Import Request.
  Time since last request: 0.000039 seconds.
  path: Assets/PSX City/PSX City/Textures/Building5.png
  artifactKey: Guid(0e7dc883690684a4bba571729edef8c6) Importer(2089858483,192608db42251d675da83286b1cce702)
Start importing Assets/PSX City/PSX City/Textures/Building5.png using Guid(0e7dc883690684a4bba571729edef8c6) Importer(2089858483,192608db42251d675da83286b1cce702) (ScriptedImporter) -> (artifact id: '40a31478220416667c9b2e1da016b3a9') in 0.045958 seconds
Number of updated asset objects reloaded before import = 0Number of asset objects unloaded after import = 1

========================================================================
Received Prepare
Default GameObject BitMask: UI already registered
Refreshing native plugins compatible for Editor in 3.67 ms, found 3 plugins.
Preloading 0 native plugins for Editor in 0.00 ms.
Unloading 12 Unused Serialized files (Serialized files now loaded: 0)
Unloading 4077 unused Assets / (3.0 MB). Loaded Objects now: 4691.
Memory consumption went from 100.8 MB to 97.9 MB.
Total: 30.455700 ms (FindLiveObjects: 0.974100 ms CreateObjectMapping: 0.774900 ms MarkObjects: 24.348800 ms  DeleteObjects: 4.355300 ms)

Prepare: number of updated asset objects reloaded= 0
========================================================================
Received Import Request.
  Time since last request: 0.800184 seconds.
  path: Assets/Super Retro Compact Pack/Highway Set/Materials/Signs 1.mat
  artifactKey: Guid(82ca010b33b10c148a2fede390eea002) Importer(2089858483,192608db42251d675da83286b1cce702)
Start importing Assets/Super Retro Compact Pack/Highway Set/Materials/Signs 1.mat using Guid(82ca010b33b10c148a2fede390eea002) Importer(2089858483,192608db42251d675da83286b1cce702) (ScriptedImporter) -> (artifact id: '31175e02cfe71950bf168d46434f66d2') in 0.1316136 seconds
Number of updated asset objects reloaded before import = 0Number of asset objects unloaded after import = 2

========================================================================
Received Import Request.
  Time since last request: 0.000267 seconds.
  path: Assets/TextMesh Pro/Resources/Fonts & Materials/LiberationSans SDF - Fallback.asset
  artifactKey: Guid(2e498d1c8094910479dc3e1b768306a4) Importer(2089858483,192608db42251d675da83286b1cce702)
Start importing Assets/TextMesh Pro/Resources/Fonts & Materials/LiberationSans SDF - Fallback.asset using Guid(2e498d1c8094910479dc3e1b768306a4) Importer(2089858483,192608db42251d675da83286b1cce702) (ScriptedImporter) -> (artifact id: '0c4ae2f683b5e57c778cfa9eb904ed54') in 0.1336831 seconds
Number of updated asset objects reloaded before import = 0Number of asset objects unloaded after import = 5

========================================================================
Received Import Request.
  Time since last request: 0.000045 seconds.
  path: Assets/Super Retro Compact Pack/Highway Set/Textures/Roads_Shoulder_01.png
  artifactKey: Guid(f3e91eafc1bf32343b7c24b9aa39e2a0) Importer(2089858483,192608db42251d675da83286b1cce702)
Start importing Assets/Super Retro Compact Pack/Highway Set/Textures/Roads_Shoulder_01.png using Guid(f3e91eafc1bf32343b7c24b9aa39e2a0) Importer(2089858483,192608db42251d675da83286b1cce702) (ScriptedImporter) -> (artifact id: 'b47d30a170ea72b98389dd494d76b876') in 0.0726759 seconds
Number of updated asset objects reloaded before import = 0Number of asset objects unloaded after import = 1

========================================================================
Received Import Request.
  Time since last request: 0.000535 seconds.
  path: Assets/Super Retro Compact Pack/Highway Set/Textures/Roads_Center_01.png
  artifactKey: Guid(7758acbe44aa8e2488f7c06acde5dd9c) Importer(2089858483,192608db42251d675da83286b1cce702)
Start importing Assets/Super Retro Compact Pack/Highway Set/Textures/Roads_Center_01.png using Guid(7758acbe44aa8e2488f7c06acde5dd9c) Importer(2089858483,192608db42251d675da83286b1cce702) (ScriptedImporter) -> (artifact id: 'ad9c69abd26355fde82aa08a59a03535') in 0.0706752 seconds
Number of updated asset objects reloaded before import = 0Number of asset objects unloaded after import = 1

========================================================================
Received Import Request.
  Time since last request: 0.000110 seconds.
  path: Assets/Super Retro Compact Pack/Highway Set/Textures/sky_dome_01.png
  artifactKey: Guid(ff66d50c38668de458d088eafbf48061) Importer(2089858483,192608db42251d675da83286b1cce702)
Start importing Assets/Super Retro Compact Pack/Highway Set/Textures/sky_dome_01.png using Guid(ff66d50c38668de458d088eafbf48061) Importer(2089858483,192608db42251d675da83286b1cce702) (ScriptedImporter) -> (artifact id: '530a5453e75ba3e9028630fd732255b4') in 0.0897643 seconds
Number of updated asset objects reloaded before import = 0Number of asset objects unloaded after import = 1

========================================================================
Received Import Request.
  Time since last request: 0.000033 seconds.
  path: Assets/Super Retro Compact Pack/Highway Set/Materials/Street_Props_01.mat
  artifactKey: Guid(212858dbde21fcc4184ce125f8b98242) Importer(2089858483,192608db42251d675da83286b1cce702)
Start importing Assets/Super Retro Compact Pack/Highway Set/Materials/Street_Props_01.mat using Guid(212858dbde21fcc4184ce125f8b98242) Importer(2089858483,192608db42251d675da83286b1cce702) (ScriptedImporter) -> (artifact id: '55c171177cfa05e337b789fef6357cff') in 0.1644296 seconds
Number of updated asset objects reloaded before import = 0Number of asset objects unloaded after import = 2

========================================================================
Received Import Request.
  Time since last request: 0.000095 seconds.
  path: Assets/Zombie/Animation/Materials/phong3.mat
  artifactKey: Guid(8738ac51aea65154fb4cc96e89dc23c8) Importer(2089858483,192608db42251d675da83286b1cce702)
Start importing Assets/Zombie/Animation/Materials/phong3.mat using Guid(8738ac51aea65154fb4cc96e89dc23c8) Importer(2089858483,192608db42251d675da83286b1cce702) (ScriptedImporter) -> (artifact id: '319b30b7bc82957508246416f99c7f19') in 0.0646211 seconds
Number of updated asset objects reloaded before import = 0Number of asset objects unloaded after import = 1

========================================================================
Received Import Request.
  Time since last request: 0.000342 seconds.
  path: Assets/Zombie/Animation/Materials/phong1.mat
  artifactKey: Guid(95035d60f8693884da838a35079aff2b) Importer(2089858483,192608db42251d675da83286b1cce702)
Start importing Assets/Zombie/Animation/Materials/phong1.mat using Guid(95035d60f8693884da838a35079aff2b) Importer(2089858483,192608db42251d675da83286b1cce702) (ScriptedImporter) -> (artifact id: 'fe1b243ca6c16e1745e4e153a8f302e2') in 0.065697 seconds
Number of updated asset objects reloaded before import = 0Number of asset objects unloaded after import = 1

========================================================================
Received Import Request.
  Time since last request: 0.000100 seconds.
  path: Assets/Super Retro Compact Pack/Highway Set/Models/Road_Middle_01.fbx
  artifactKey: Guid(ea924ee5b71e03042b5e20ab5df971e0) Importer(2089858483,192608db42251d675da83286b1cce702)
Start importing Assets/Super Retro Compact Pack/Highway Set/Models/Road_Middle_01.fbx using Guid(ea924ee5b71e03042b5e20ab5df971e0) Importer(2089858483,192608db42251d675da83286b1cce702) (ScriptedImporter) -> (artifact id: '97009f143813d856968f44655cac3355') in 0.078171 seconds
Number of updated asset objects reloaded before import = 0Number of asset objects unloaded after import = 8

========================================================================
Received Import Request.
  Time since last request: 0.000035 seconds.
  path: Assets/Survivalist/StarterAssets/ThirdPersonController/Character/Animations/Locomotion--Run_N.anim.fbx
  artifactKey: Guid(16114d403eabb53438de032c6f0d1deb) Importer(2089858483,192608db42251d675da83286b1cce702)
Start importing Assets/Survivalist/StarterAssets/ThirdPersonController/Character/Animations/Locomotion--Run_N.anim.fbx using Guid(16114d403eabb53438de032c6f0d1deb) Importer(2089858483,192608db42251d675da83286b1cce702) (ScriptedImporter) -> (artifact id: 'd3ad9baad6495af72eff9df2afc83b48') in 0.096264 seconds
Number of updated asset objects reloaded before import = 0Number of asset objects unloaded after import = 143

========================================================================
Received Import Request.
  Time since last request: 0.000047 seconds.
  path: Assets/Super Retro Compact Pack/Highway Set/Prefabs/Road_Middle_01.prefab
  artifactKey: Guid(f5f071ed61864524fb9ce194d28794ef) Importer(2089858483,192608db42251d675da83286b1cce702)
Start importing Assets/Super Retro Compact Pack/Highway Set/Prefabs/Road_Middle_01.prefab using Guid(f5f071ed61864524fb9ce194d28794ef) Importer(2089858483,192608db42251d675da83286b1cce702) (ScriptedImporter) -> (artifact id: 'cf5f268f4e5184044121bd9e4674e8ff') in 0.1065985 seconds
Number of updated asset objects reloaded before import = 0Number of asset objects unloaded after import = 9

========================================================================
Received Import Request.
  Time since last request: 0.000170 seconds.
  path: Assets/Super Retro Compact Pack/Highway Set/Prefabs/Pylon_02.prefab
  artifactKey: Guid(b39ff1661bc3682488d07e7c3e0b1f9b) Importer(2089858483,192608db42251d675da83286b1cce702)
Start importing Assets/Super Retro Compact Pack/Highway Set/Prefabs/Pylon_02.prefab using Guid(b39ff1661bc3682488d07e7c3e0b1f9b) Importer(2089858483,192608db42251d675da83286b1cce702) (ScriptedImporter) -> (artifact id: '91a18ae0d45da62ae558a93c912da10f') in 0.0899193 seconds
Number of updated asset objects reloaded before import = 0Number of asset objects unloaded after import = 9

========================================================================
Received Import Request.
  Time since last request: 0.000039 seconds.
  path: Assets/Survivalist/StarterAssets/ThirdPersonController/Character/Animations/Locomotion--Walk_N_Land.anim.fbx
  artifactKey: Guid(325a26d62b61fa94cb3c97c435efebc5) Importer(2089858483,192608db42251d675da83286b1cce702)
Start importing Assets/Survivalist/StarterAssets/ThirdPersonController/Character/Animations/Locomotion--Walk_N_Land.anim.fbx using Guid(325a26d62b61fa94cb3c97c435efebc5) Importer(2089858483,192608db42251d675da83286b1cce702) (ScriptedImporter) -> (artifact id: '7435af1cbd8822c4b551387742a104bb') in 0.0874776 seconds
Number of updated asset objects reloaded before import = 0Number of asset objects unloaded after import = 143

========================================================================
Received Import Request.
  Time since last request: 0.000034 seconds.
  path: Assets/Zombie/Animation/Materials/phong2.mat
  artifactKey: Guid(35c3f6f1c649ad74398882bd308849ea) Importer(2089858483,192608db42251d675da83286b1cce702)
Start importing Assets/Zombie/Animation/Materials/phong2.mat using Guid(35c3f6f1c649ad74398882bd308849ea) Importer(2089858483,192608db42251d675da83286b1cce702) (ScriptedImporter) -> (artifact id: 'e3cb79a90d15d7d71b674ea4fdd5595a') in 0.0538249 seconds
Number of updated asset objects reloaded before import = 0Number of asset objects unloaded after import = 1

========================================================================
Received Import Request.
  Time since last request: 0.000032 seconds.
  path: Assets/TextMesh Pro/Resources/Fonts & Materials/LiberationSans SDF - Outline.mat
  artifactKey: Guid(79459efec17a4d00a321bdcc27bbc385) Importer(2089858483,192608db42251d675da83286b1cce702)
Start importing Assets/TextMesh Pro/Resources/Fonts & Materials/LiberationSans SDF - Outline.mat using Guid(79459efec17a4d00a321bdcc27bbc385) Importer(2089858483,192608db42251d675da83286b1cce702) (ScriptedImporter) -> (artifact id: '5a04350bab89c22f4c9dd0b14ce0413d') in 0.0934817 seconds
Number of updated asset objects reloaded before import = 0Number of asset objects unloaded after import = 2

========================================================================
Received Prepare
Default GameObject BitMask: UI already registered
Begin MonoManager ReloadAssembly
- Loaded All Assemblies, in  1.987 seconds
Refreshing native plugins compatible for Editor in 4.29 ms, found 3 plugins.
Native extension for WindowsStandalone target not found
[Package Manager] Failed to launch server process. Reason: Unity was launched with the -noUpm command-line argument
[Package Manager] Unable to send message (not connected to server process).
[Package Manager] Cannot connect to Unity Package Manager local server
Mono: successfully reloaded assembly
- Finished resetting the current domain, in  2.250 seconds
Domain Reload Profiling: 4225ms
	BeginReloadAssembly (540ms)
		ExecutionOrderSort (0ms)
		DisableScriptedObjects (18ms)
		BackupInstance (0ms)
		ReleaseScriptingObjects (0ms)
		CreateAndSetChildDomain (99ms)
	RebuildCommonClasses (98ms)
	RebuildNativeTypeToScriptingClass (32ms)
	initialDomainReloadingComplete (101ms)
	LoadAllAssembliesAndSetupDomain (1204ms)
		LoadAssemblies (1021ms)
		RebuildTransferFunctionScriptingTraits (0ms)
		AnalyzeDomain (486ms)
			TypeCache.Refresh (21ms)
				TypeCache.ScanAssembly (2ms)
			BuildScriptInfoCaches (434ms)
			ResolveRequiredComponents (18ms)
	FinalizeReload (2251ms)
		ReleaseScriptCaches (0ms)
		RebuildScriptCaches (0ms)
		SetupLoadedEditorAssemblies (1828ms)
			LogAssemblyErrors (0ms)
			InitializePlatformSupportModulesInManaged (4ms)
			SetLoadedEditorAssemblies (7ms)
			BeforeProcessingInitializeOnLoad (340ms)
			ProcessInitializeOnLoadAttributes (1248ms)
			ProcessInitializeOnLoadMethodAttributes (128ms)
			AfterProcessingInitializeOnLoad (100ms)
			EditorAssembliesLoaded (0ms)
		ExecutionOrderSort2 (0ms)
		AwakeInstancesAfterBackupRestoration (32ms)
Refreshing native plugins compatible for Editor in 4.19 ms, found 3 plugins.
Preloading 0 native plugins for Editor in 0.00 ms.
Unloading 12 Unused Serialized files (Serialized files now loaded: 0)
Unloading 4085 unused Assets / (2.8 MB). Loaded Objects now: 4692.
Memory consumption went from 100.0 MB to 97.2 MB.
Total: 16.673000 ms (FindLiveObjects: 1.225200 ms CreateObjectMapping: 0.849900 ms MarkObjects: 11.663100 ms  DeleteObjects: 2.932300 ms)

Prepare: number of updated asset objects reloaded= 0
========================================================================
Received Import Request.
  Time since last request: 13.026191 seconds.
  path: Assets/script/GunPickUp.cs
  artifactKey: Guid(78c2d5b31980c454585b70d5e4f846bc) Importer(815301076,1909f56bfc062723c751e8b465ee728b)
Start importing Assets/script/GunPickUp.cs using Guid(78c2d5b31980c454585b70d5e4f846bc) Importer(815301076,1909f56bfc062723c751e8b465ee728b) (PreviewImporter) -> (artifact id: '9836701d88fa11d3f1115bcfce8d6032') in 0.00862 seconds
Number of updated asset objects reloaded before import = 0Number of asset objects unloaded after import = 0

========================================================================
Received Prepare
Default GameObject BitMask: UI already registered
Begin MonoManager ReloadAssembly
[Licensing::Client] Successfully resolved entitlement details
- Loaded All Assemblies, in  1.118 seconds
Refreshing native plugins compatible for Editor in 1.32 ms, found 3 plugins.
Native extension for WindowsStandalone target not found
[Package Manager] Failed to launch server process. Reason: Unity was launched with the -noUpm command-line argument
[Package Manager] Unable to send message (not connected to server process).
[Package Manager] Cannot connect to Unity Package Manager local server
Mono: successfully reloaded assembly
- Finished resetting the current domain, in  1.472 seconds
Domain Reload Profiling: 2586ms
	BeginReloadAssembly (347ms)
		ExecutionOrderSort (0ms)
		DisableScriptedObjects (11ms)
		BackupInstance (0ms)
		ReleaseScriptingObjects (0ms)
		CreateAndSetChildDomain (63ms)
	RebuildCommonClasses (62ms)
	RebuildNativeTypeToScriptingClass (29ms)
	initialDomainReloadingComplete (59ms)
	LoadAllAssembliesAndSetupDomain (616ms)
		LoadAssemblies (552ms)
		RebuildTransferFunctionScriptingTraits (0ms)
		AnalyzeDomain (249ms)
			TypeCache.Refresh (9ms)
				TypeCache.ScanAssembly (0ms)
			BuildScriptInfoCaches (224ms)
			ResolveRequiredComponents (7ms)
	FinalizeReload (1473ms)
		ReleaseScriptCaches (0ms)
		RebuildScriptCaches (0ms)
		SetupLoadedEditorAssemblies (1277ms)
			LogAssemblyErrors (0ms)
			InitializePlatformSupportModulesInManaged (4ms)
			SetLoadedEditorAssemblies (6ms)
			BeforeProcessingInitializeOnLoad (261ms)
			ProcessInitializeOnLoadAttributes (950ms)
			ProcessInitializeOnLoadMethodAttributes (40ms)
			AfterProcessingInitializeOnLoad (15ms)
			EditorAssembliesLoaded (0ms)
		ExecutionOrderSort2 (0ms)
		AwakeInstancesAfterBackupRestoration (13ms)
Refreshing native plugins compatible for Editor in 1.60 ms, found 3 plugins.
Preloading 0 native plugins for Editor in 0.00 ms.
Unloading 12 Unused Serialized files (Serialized files now loaded: 0)
Unloading 4083 unused Assets / (3.3 MB). Loaded Objects now: 4693.
Memory consumption went from 99.9 MB to 96.6 MB.
Total: 11.002800 ms (FindLiveObjects: 0.675900 ms CreateObjectMapping: 0.449200 ms MarkObjects: 7.255900 ms  DeleteObjects: 2.619600 ms)

Prepare: number of updated asset objects reloaded= 0
========================================================================
Received Import Request.
  Time since last request: 223.572025 seconds.
  path: Assets/script/GirlController.controller
  artifactKey: Guid(3305d582e37fea74cbf982463107d8bd) Importer(815301076,1909f56bfc062723c751e8b465ee728b)
Start importing Assets/script/GirlController.controller using Guid(3305d582e37fea74cbf982463107d8bd) Importer(815301076,1909f56bfc062723c751e8b465ee728b) (PreviewImporter) -> (artifact id: '9518729baee563dca825bd0e7eb3c60d') in 0.0237961 seconds
Number of updated asset objects reloaded before import = 0Number of asset objects unloaded after import = 14

========================================================================
Received Prepare
Default GameObject BitMask: UI already registered
Begin MonoManager ReloadAssembly
[Licensing::Client] Successfully resolved entitlement details
- Loaded All Assemblies, in  1.087 seconds
Refreshing native plugins compatible for Editor in 3.34 ms, found 3 plugins.
Native extension for WindowsStandalone target not found
[Package Manager] Failed to launch server process. Reason: Unity was launched with the -noUpm command-line argument
[Package Manager] Unable to send message (not connected to server process).
[Package Manager] Cannot connect to Unity Package Manager local server
Mono: successfully reloaded assembly
- Finished resetting the current domain, in  1.317 seconds
Domain Reload Profiling: 2399ms
	BeginReloadAssembly (354ms)
		ExecutionOrderSort (0ms)
		DisableScriptedObjects (14ms)
		BackupInstance (0ms)
		ReleaseScriptingObjects (0ms)
		CreateAndSetChildDomain (68ms)
	RebuildCommonClasses (68ms)
	RebuildNativeTypeToScriptingClass (20ms)
	initialDomainReloadingComplete (54ms)
	LoadAllAssembliesAndSetupDomain (585ms)
		LoadAssemblies (513ms)
		RebuildTransferFunctionScriptingTraits (0ms)
		AnalyzeDomain (246ms)
			TypeCache.Refresh (9ms)
				TypeCache.ScanAssembly (0ms)
			BuildScriptInfoCaches (223ms)
			ResolveRequiredComponents (9ms)
	FinalizeReload (1317ms)
		ReleaseScriptCaches (0ms)
		RebuildScriptCaches (0ms)
		SetupLoadedEditorAssemblies (1122ms)
			LogAssemblyErrors (0ms)
			InitializePlatformSupportModulesInManaged (3ms)
			SetLoadedEditorAssemblies (6ms)
			BeforeProcessingInitializeOnLoad (234ms)
			ProcessInitializeOnLoadAttributes (834ms)
			ProcessInitializeOnLoadMethodAttributes (33ms)
			AfterProcessingInitializeOnLoad (10ms)
			EditorAssembliesLoaded (0ms)
		ExecutionOrderSort2 (0ms)
		AwakeInstancesAfterBackupRestoration (8ms)
Refreshing native plugins compatible for Editor in 2.34 ms, found 3 plugins.
Preloading 0 native plugins for Editor in 0.00 ms.
Unloading 12 Unused Serialized files (Serialized files now loaded: 0)
Unloading 4083 unused Assets / (2.9 MB). Loaded Objects now: 4694.
Memory consumption went from 99.9 MB to 97.0 MB.
Total: 9.515500 ms (FindLiveObjects: 0.561500 ms CreateObjectMapping: 0.319700 ms MarkObjects: 6.321400 ms  DeleteObjects: 2.310300 ms)

Prepare: number of updated asset objects reloaded= 0
========================================================================
Received Import Request.
  Time since last request: 211.366141 seconds.
  path: Packages/com.unity.timeline/Editor/StyleSheets/ClipInspector.uss
  artifactKey: Guid(eded20d65a4c8a7489e4df3772953e51) Importer(815301076,1909f56bfc062723c751e8b465ee728b)
Start importing Packages/com.unity.timeline/Editor/StyleSheets/ClipInspector.uss using Guid(eded20d65a4c8a7489e4df3772953e51) Importer(815301076,1909f56bfc062723c751e8b465ee728b) (PreviewImporter) -> (artifact id: '4ea91c984bffdcfe633ec2f58495bb65') in 0.0236518 seconds
Number of updated asset objects reloaded before import = 0Number of asset objects unloaded after import = 1

========================================================================
Received Import Request.
  Time since last request: 0.000125 seconds.
  path: Assets/Super Retro Compact Pack/Textures/CompactCar_Texture_Pink.png
  artifactKey: Guid(11365f90e135f9a4ea9bc85564085a2b) Importer(815301076,1909f56bfc062723c751e8b465ee728b)
Start importing Assets/Super Retro Compact Pack/Textures/CompactCar_Texture_Pink.png using Guid(11365f90e135f9a4ea9bc85564085a2b) Importer(815301076,1909f56bfc062723c751e8b465ee728b) (PreviewImporter) -> (artifact id: '5074b71f6100e6a98ee4cd0fcfa64267') in 0.0521463 seconds
Number of updated asset objects reloaded before import = 0Number of asset objects unloaded after import = 2

========================================================================
Received Import Request.
  Time since last request: 0.000023 seconds.
  path: Packages/com.unity.visualscripting/Graphics/Icons_16x_72dpi.psd
  artifactKey: Guid(749d1db079e2d5e4ea440488ee312b04) Importer(815301076,1909f56bfc062723c751e8b465ee728b)
Start importing Packages/com.unity.visualscripting/Graphics/Icons_16x_72dpi.psd using Guid(749d1db079e2d5e4ea440488ee312b04) Importer(815301076,1909f56bfc062723c751e8b465ee728b) (PreviewImporter) -> (artifact id: 'f274b28ec7ad09d9e68cd285c11c8abd') in 0.0176574 seconds
Number of updated asset objects reloaded before import = 0Number of asset objects unloaded after import = 2

========================================================================
Received Import Request.
  Time since last request: 0.000020 seconds.
  path: Packages/com.unity.visualscripting/Graphics/Icons_32x_72dpi.psd
  artifactKey: Guid(35a21b8c004950548af9fc81919e1aa9) Importer(815301076,1909f56bfc062723c751e8b465ee728b)
Start importing Packages/com.unity.visualscripting/Graphics/Icons_32x_72dpi.psd using Guid(35a21b8c004950548af9fc81919e1aa9) Importer(815301076,1909f56bfc062723c751e8b465ee728b) (PreviewImporter) -> (artifact id: 'd5bdbe397b467b2a0f9f3d666d301d74') in 0.0186362 seconds
Number of updated asset objects reloaded before import = 0Number of asset objects unloaded after import = 2

========================================================================
Received Import Request.
  Time since last request: 0.000024 seconds.
  path: Assets/Super Retro Compact Pack/Materials/FunCar_Pink.mat
  artifactKey: Guid(c551b597fd37c2a4191b149b969d0d7f) Importer(815301076,1909f56bfc062723c751e8b465ee728b)
Start importing Assets/Super Retro Compact Pack/Materials/FunCar_Pink.mat using Guid(c551b597fd37c2a4191b149b969d0d7f) Importer(815301076,1909f56bfc062723c751e8b465ee728b) (PreviewImporter) -> (artifact id: '26f3575eef9dffa7f3f215b084a47870') in 0.0687666 seconds
Number of updated asset objects reloaded before import = 0Number of asset objects unloaded after import = 2

========================================================================
Received Import Request.
  Time since last request: 29.662343 seconds.
  path: Assets/script/GirlController.controller
  artifactKey: Guid(3305d582e37fea74cbf982463107d8bd) Importer(815301076,1909f56bfc062723c751e8b465ee728b)
Start importing Assets/script/GirlController.controller using Guid(3305d582e37fea74cbf982463107d8bd) Importer(815301076,1909f56bfc062723c751e8b465ee728b) (PreviewImporter) -> (artifact id: 'c5d3ed44ed3573949dc7b84bc315b7cb') in 0.016628 seconds
Number of updated asset objects reloaded before import = 0Number of asset objects unloaded after import = 20

========================================================================
Received Prepare
Default GameObject BitMask: UI already registered
Refreshing native plugins compatible for Editor in 5.46 ms, found 3 plugins.
Preloading 0 native plugins for Editor in 0.00 ms.
Unloading 12 Unused Serialized files (Serialized files now loaded: 0)
Unloading 4077 unused Assets / (3.4 MB). Loaded Objects now: 4701.
Memory consumption went from 100.5 MB to 97.1 MB.
Total: 15.087400 ms (FindLiveObjects: 0.648800 ms CreateObjectMapping: 0.669800 ms MarkObjects: 10.352700 ms  DeleteObjects: 3.413700 ms)

Prepare: number of updated asset objects reloaded= 0
========================================================================
Received Prepare
Default GameObject BitMask: UI already registered
Refreshing native plugins compatible for Editor in 2.20 ms, found 3 plugins.
Preloading 0 native plugins for Editor in 0.00 ms.
Unloading 12 Unused Serialized files (Serialized files now loaded: 0)
Unloading 4077 unused Assets / (2.6 MB). Loaded Objects now: 4701.
Memory consumption went from 100.5 MB to 97.8 MB.
Total: 10.258600 ms (FindLiveObjects: 0.460200 ms CreateObjectMapping: 0.358400 ms MarkObjects: 7.627900 ms  DeleteObjects: 1.809700 ms)

Prepare: number of updated asset objects reloaded= 0
========================================================================
Received Prepare
Default GameObject BitMask: UI already registered
Refreshing native plugins compatible for Editor in 3.45 ms, found 3 plugins.
Preloading 0 native plugins for Editor in 0.00 ms.
Unloading 12 Unused Serialized files (Serialized files now loaded: 0)
Unloading 4077 unused Assets / (2.5 MB). Loaded Objects now: 4701.
Memory consumption went from 100.5 MB to 98.0 MB.
Total: 11.093300 ms (FindLiveObjects: 0.525000 ms CreateObjectMapping: 1.329000 ms MarkObjects: 7.605400 ms  DeleteObjects: 1.632000 ms)

Prepare: number of updated asset objects reloaded= 0
========================================================================
Received Prepare
Default GameObject BitMask: UI already registered
Refreshing native plugins compatible for Editor in 3.77 ms, found 3 plugins.
Preloading 0 native plugins for Editor in 0.00 ms.
Unloading 12 Unused Serialized files (Serialized files now loaded: 0)
Unloading 4077 unused Assets / (2.6 MB). Loaded Objects now: 4701.
Memory consumption went from 100.5 MB to 97.9 MB.
Total: 11.882000 ms (FindLiveObjects: 0.531000 ms CreateObjectMapping: 0.589800 ms MarkObjects: 8.950900 ms  DeleteObjects: 1.807500 ms)

Prepare: number of updated asset objects reloaded= 0
========================================================================
Received Prepare
Default GameObject BitMask: UI already registered
Refreshing native plugins compatible for Editor in 1.56 ms, found 3 plugins.
Preloading 0 native plugins for Editor in 0.00 ms.
Unloading 12 Unused Serialized files (Serialized files now loaded: 0)
Unloading 4077 unused Assets / (2.6 MB). Loaded Objects now: 4701.
Memory consumption went from 100.5 MB to 97.9 MB.
Total: 10.216200 ms (FindLiveObjects: 0.613700 ms CreateObjectMapping: 0.445300 ms MarkObjects: 7.263900 ms  DeleteObjects: 1.890900 ms)

Prepare: number of updated asset objects reloaded= 0
========================================================================
Received Prepare
Default GameObject BitMask: UI already registered
Refreshing native plugins compatible for Editor in 2.75 ms, found 3 plugins.
Preloading 0 native plugins for Editor in 0.00 ms.
Unloading 12 Unused Serialized files (Serialized files now loaded: 0)
Unloading 4077 unused Assets / (3.1 MB). Loaded Objects now: 4701.
Memory consumption went from 100.5 MB to 97.4 MB.
Total: 16.691400 ms (FindLiveObjects: 0.517600 ms CreateObjectMapping: 0.540300 ms MarkObjects: 11.818300 ms  DeleteObjects: 3.813100 ms)

Prepare: number of updated asset objects reloaded= 0
========================================================================
Received Import Request.
  Time since last request: 359.072843 seconds.
  path: Assets/script/GunPickUp.cs
  artifactKey: Guid(78c2d5b31980c454585b70d5e4f846bc) Importer(815301076,1909f56bfc062723c751e8b465ee728b)
Start importing Assets/script/GunPickUp.cs using Guid(78c2d5b31980c454585b70d5e4f846bc) Importer(815301076,1909f56bfc062723c751e8b465ee728b) (PreviewImporter) -> (artifact id: '7006499b5bcb05e9a187dd87f74ae388') in 0.0232696 seconds
Number of updated asset objects reloaded before import = 0Number of asset objects unloaded after import = 0

========================================================================
Received Import Request.
  Time since last request: 21.091744 seconds.
  path: Assets/script/GunPiclkUp.cs
  artifactKey: Guid(d21b7c050b1c25c42aacbb6f8514662c) Importer(815301076,1909f56bfc062723c751e8b465ee728b)
Start importing Assets/script/GunPiclkUp.cs using Guid(d21b7c050b1c25c42aacbb6f8514662c) Importer(815301076,1909f56bfc062723c751e8b465ee728b) (PreviewImporter) -> (artifact id: 'a960b0335e133e94759ffa503ce04784') in 0.0009928 seconds
Number of updated asset objects reloaded before import = 0Number of asset objects unloaded after import = 0

========================================================================
Received Prepare
Default GameObject BitMask: UI already registered
Refreshing native plugins compatible for Editor in 3.62 ms, found 3 plugins.
Preloading 0 native plugins for Editor in 0.00 ms.
Unloading 12 Unused Serialized files (Serialized files now loaded: 0)
Unloading 4076 unused Assets / (2.7 MB). Loaded Objects now: 4700.
Memory consumption went from 100.5 MB to 97.8 MB.
Total: 11.237500 ms (FindLiveObjects: 0.996400 ms CreateObjectMapping: 0.437700 ms MarkObjects: 7.819200 ms  DeleteObjects: 1.981800 ms)

Prepare: number of updated asset objects reloaded= 0
========================================================================
Received Prepare
Default GameObject BitMask: UI already registered
Begin MonoManager ReloadAssembly
[Licensing::Client] Successfully resolved entitlement details
- Loaded All Assemblies, in  1.130 seconds
Refreshing native plugins compatible for Editor in 1.20 ms, found 3 plugins.
Native extension for WindowsStandalone target not found
[Package Manager] Failed to launch server process. Reason: Unity was launched with the -noUpm command-line argument
[Package Manager] Unable to send message (not connected to server process).
[Package Manager] Cannot connect to Unity Package Manager local server
Mono: successfully reloaded assembly
- Finished resetting the current domain, in  1.264 seconds
Domain Reload Profiling: 2388ms
	BeginReloadAssembly (344ms)
		ExecutionOrderSort (0ms)
		DisableScriptedObjects (12ms)
		BackupInstance (0ms)
		ReleaseScriptingObjects (0ms)
		CreateAndSetChildDomain (71ms)
	RebuildCommonClasses (55ms)
	RebuildNativeTypeToScriptingClass (29ms)
	initialDomainReloadingComplete (38ms)
	LoadAllAssembliesAndSetupDomain (658ms)
		LoadAssemblies (552ms)
		RebuildTransferFunctionScriptingTraits (0ms)
		AnalyzeDomain (286ms)
			TypeCache.Refresh (19ms)
				TypeCache.ScanAssembly (2ms)
			BuildScriptInfoCaches (252ms)
			ResolveRequiredComponents (9ms)
	FinalizeReload (1264ms)
		ReleaseScriptCaches (0ms)
		RebuildScriptCaches (0ms)
		SetupLoadedEditorAssemblies (1095ms)
			LogAssemblyErrors (0ms)
			InitializePlatformSupportModulesInManaged (3ms)
			SetLoadedEditorAssemblies (5ms)
			BeforeProcessingInitializeOnLoad (206ms)
			ProcessInitializeOnLoadAttributes (827ms)
			ProcessInitializeOnLoadMethodAttributes (39ms)
			AfterProcessingInitializeOnLoad (15ms)
			EditorAssembliesLoaded (0ms)
		ExecutionOrderSort2 (0ms)
		AwakeInstancesAfterBackupRestoration (8ms)
Refreshing native plugins compatible for Editor in 1.44 ms, found 3 plugins.
Preloading 0 native plugins for Editor in 0.00 ms.
Unloading 12 Unused Serialized files (Serialized files now loaded: 0)
Unloading 4083 unused Assets / (2.4 MB). Loaded Objects now: 4700.
Memory consumption went from 100.0 MB to 97.6 MB.
Total: 9.014200 ms (FindLiveObjects: 0.695100 ms CreateObjectMapping: 0.583900 ms MarkObjects: 6.427200 ms  DeleteObjects: 1.305800 ms)

Prepare: number of updated asset objects reloaded= 0
========================================================================
Received Import Request.
  Time since last request: 37.033696 seconds.
  path: Assets/Scenes
  artifactKey: Guid(9c53962885c2c4f449125a979d6ad240) Importer(815301076,1909f56bfc062723c751e8b465ee728b)
Start importing Assets/Scenes using Guid(9c53962885c2c4f449125a979d6ad240) Importer(815301076,1909f56bfc062723c751e8b465ee728b) (PreviewImporter) -> (artifact id: 'd65b75f456837a3494a5e6e744543932') in 0.0056749 seconds
Number of updated asset objects reloaded before import = 0Number of asset objects unloaded after import = 0

========================================================================
Received Import Request.
  Time since last request: 19.992387 seconds.
  path: Assets/Scenes 1/5TheApartment.unity
  artifactKey: Guid(1844602d87072cd45b94c1dd2ce9d594) Importer(815301076,1909f56bfc062723c751e8b465ee728b)
Start importing Assets/Scenes 1/5TheApartment.unity using Guid(1844602d87072cd45b94c1dd2ce9d594) Importer(815301076,1909f56bfc062723c751e8b465ee728b) (PreviewImporter) -> (artifact id: 'e0ec203849f68bc46f5f678cfadf5145') in 0.0009128 seconds
Number of updated asset objects reloaded before import = 0Number of asset objects unloaded after import = 0

========================================================================
Received Import Request.
  Time since last request: 37.595159 seconds.
  path: Assets/Scenes 1/8RideBackHome.unity
  artifactKey: Guid(431fa1f549d69174d976a6f833c298ee) Importer(815301076,1909f56bfc062723c751e8b465ee728b)
Start importing Assets/Scenes 1/8RideBackHome.unity using Guid(431fa1f549d69174d976a6f833c298ee) Importer(815301076,1909f56bfc062723c751e8b465ee728b) (PreviewImporter) -> (artifact id: '8827f86aa8853b0e94dc66d353c8c23c') in 0.0073081 seconds
Number of updated asset objects reloaded before import = 0Number of asset objects unloaded after import = 0

========================================================================
Received Import Request.
  Time since last request: 1.171513 seconds.
  path: Assets/Scenes 1/6TakeTheTrashOut.unity
  artifactKey: Guid(7b5adc328eb0a9f46ac2ec97753e9f61) Importer(815301076,1909f56bfc062723c751e8b465ee728b)
Start importing Assets/Scenes 1/6TakeTheTrashOut.unity using Guid(7b5adc328eb0a9f46ac2ec97753e9f61) Importer(815301076,1909f56bfc062723c751e8b465ee728b) (PreviewImporter) -> (artifact id: '7bc315a014d05b7b4802fbb2d71e76fc') in 0.000612 seconds
Number of updated asset objects reloaded before import = 0Number of asset objects unloaded after import = 0

========================================================================
Received Import Request.
  Time since last request: 50.691959 seconds.
  path: Assets/Ui/Ui/Anger.png
  artifactKey: Guid(94777b7e9bb004949b43b099eef847db) Importer(815301076,1909f56bfc062723c751e8b465ee728b)
Start importing Assets/Ui/Ui/Anger.png using Guid(94777b7e9bb004949b43b099eef847db) Importer(815301076,1909f56bfc062723c751e8b465ee728b) (PreviewImporter) -> (artifact id: '7d3697f5edf216569290caf00437bbc7') in 0.1376279 seconds
Number of updated asset objects reloaded before import = 0Number of asset objects unloaded after import = 3

========================================================================
Received Import Request.
  Time since last request: 0.000026 seconds.
  path: Assets/Ui/Ui/disgust.png
  artifactKey: Guid(7484554a5f8b1da47b1b02917c8ff8cc) Importer(815301076,1909f56bfc062723c751e8b465ee728b)
Start importing Assets/Ui/Ui/disgust.png using Guid(7484554a5f8b1da47b1b02917c8ff8cc) Importer(815301076,1909f56bfc062723c751e8b465ee728b) (PreviewImporter) -> (artifact id: 'ce9a24e330af136fce6c95bdb4aba8df') in 0.0487175 seconds
Number of updated asset objects reloaded before import = 0Number of asset objects unloaded after import = 3

========================================================================
Received Import Request.
  Time since last request: 0.000040 seconds.
  path: Assets/Ui/Ui/Untitled_Artwork-6.png
  artifactKey: Guid(edbcbac08d770714e83503ec3cc70825) Importer(815301076,1909f56bfc062723c751e8b465ee728b)
Start importing Assets/Ui/Ui/Untitled_Artwork-6.png using Guid(edbcbac08d770714e83503ec3cc70825) Importer(815301076,1909f56bfc062723c751e8b465ee728b) (PreviewImporter) -> (artifact id: '7211b55efb4216850287527d64556961') in 0.0504375 seconds
Number of updated asset objects reloaded before import = 0Number of asset objects unloaded after import = 3

========================================================================
Received Import Request.
  Time since last request: 0.000049 seconds.
  path: Assets/Ui/Ui/neutral.png
  artifactKey: Guid(d97be1197205b5d428ef3e217b8b49f1) Importer(815301076,1909f56bfc062723c751e8b465ee728b)
Start importing Assets/Ui/Ui/neutral.png using Guid(d97be1197205b5d428ef3e217b8b49f1) Importer(815301076,1909f56bfc062723c751e8b465ee728b) (PreviewImporter) -> (artifact id: '15dbc1d29b3bb7ebf180ea5935fdc88c') in 0.0630524 seconds
Number of updated asset objects reloaded before import = 0Number of asset objects unloaded after import = 3

Editor requested this worker to shutdown with reason: Scaling down because of idle timeout
AssetImportWorker is now disconnected from the server
Process exiting
Exiting without the bug reporter. Application will terminate with return code 0