Built from '6000.2/respin/6000.2.7f1-2eb0c79396db' branch; Version is '6000.2.7f2 (2b518236b676) revision 2838914'; Using compiler version '194234433'; Build Type 'Release'
[Licensing::Module] Trying to connect to existing licensing client channel...
OS: 'Windows 11  (10.0.26200) 64bit Core' Language: 'en' Physical Memory: 16095 MB
BatchMode: 1, IsHumanControllingUs: 0, StartBugReporterOnCrash: 0, Is64bit: 1
[Licensing::IpcConnector] Successfully connected to: "LicenseClient-monem" at "2026-03-17T19:37:51.386887Z"
Date: 2026-03-17T19:37:51Z

COMMAND LINE ARGUMENTS:
C:\Program Files\Unity\Hub\Editor\6000.2.7f2\Editor\Unity.exe
-adb2
-batchMode
-noUpm
-name
AssetImportWorker2
-projectPath
C:/Users/monem/OneDrive/Documents/Hellevator/Test
-logFile
Logs/AssetImportWorker2.log
-srvPort
63212
-licensingIpc
LicenseClient-monem
-job-worker-count
5
-background-job-worker-count
8
-gc-helper-count
1
-name
AssetImport
Successfully changed project path to: C:/Users/monem/OneDrive/Documents/Hellevator/Test
C:/Users/monem/OneDrive/Documents/Hellevator/Test
[UnityMemory] Configuration Parameters - Can be set up in boot.config
    "memorysetup-allocator-temp-initial-block-size-main=262144"
    "memorysetup-allocator-temp-initial-block-size-worker=262144"
    "memorysetup-bucket-allocator-granularity=16"
    "memorysetup-bucket-allocator-bucket-count=8"
    "memorysetup-bucket-allocator-block-size=33554432"
    "memorysetup-bucket-allocator-block-count=8"
    "memorysetup-main-allocator-block-size=16777216"
    "memorysetup-thread-allocator-block-size=16777216"
    "memorysetup-gfx-main-allocator-block-size=16777216"
    "memorysetup-gfx-thread-allocator-block-size=16777216"
    "memorysetup-cache-allocator-block-size=4194304"
    "memorysetup-typetree-allocator-block-size=2097152"
    "memorysetup-profiler-bucket-allocator-granularity=16"
    "memorysetup-profiler-bucket-allocator-bucket-count=8"
    "memorysetup-profiler-bucket-allocator-block-size=33554432"
    "memorysetup-profiler-bucket-allocator-block-count=8"
    "memorysetup-profiler-allocator-block-size=16777216"
    "memorysetup-profiler-editor-allocator-block-size=1048576"
    "memorysetup-temp-allocator-size-main=16777216"
    "memorysetup-job-temp-allocator-block-size=2097152"
    "memorysetup-job-temp-allocator-block-size-background=1048576"
    "memorysetup-job-temp-allocator-reduction-small-platforms=262144"
    "memorysetup-temp-allocator-size-background-worker=32768"
    "memorysetup-temp-allocator-size-job-worker=262144"
    "memorysetup-temp-allocator-size-preload-manager=33554432"
    "memorysetup-temp-allocator-size-nav-mesh-worker=65536"
    "memorysetup-temp-allocator-size-audio-worker=65536"
    "memorysetup-temp-allocator-size-cloud-worker=32768"
    "memorysetup-temp-allocator-size-gi-baking-worker=262144"
    "memorysetup-temp-allocator-size-gi-baking-worker=262144"
    "memorysetup-temp-allocator-size-gi-baking-worker=262144"
    "memorysetup-temp-allocator-size-gi-baking-worker=262144"
    "memorysetup-temp-allocator-size-gi-baking-worker=262144"
    "memorysetup-temp-allocator-size-gfx=262144"
Player connection [42580]  Target information:

Player connection [42580]  * "[IP] 10.246.24.195 [Port] 0 [Flags] 2 [Guid] 4283144467 [EditorId] 4283144467 [Version] 1048832 [Id] WindowsEditor(7,Mari) [Debug] 1 [PackageName] WindowsEditor [ProjectName] Editor" 

Player connection [42580] Host joined multi-casting on [225.0.0.222:54997]...
Player connection [42580] Host joined alternative multi-casting on [225.0.0.222:34997]...
JobSystem: Creating JobQueue using job-worker-count value 5
Input System module state changed to: Initialized.
[Physics::Module] Initialized fallback backend.
[Physics::Module] Id: 0xdecafbad
[Licensing::Client] Code 10 while verifying Licensing Client signature (process Id: 40516, path: "C:/Program Files/Unity Hub/UnityLicensingClient_V1/Unity.Licensing.Client.exe")
[Licensing::Module] LicensingClient has failed validation; ignoring
[Licensing::Client] Handshaking with LicensingClient:
  Version:                 1.17.3+a4e98f1
  Session Id:              683eebd8644c48b3ba614e82317d1895
  Correlation Id:          b903c5826049b10482d8ff6cb412063a
  External correlation Id: 3919114176557508327
  Machine Id:              OASaQYjp0d04xwOYOMSR1gb4iig=
[Licensing::Module] Successfully connected to LicensingClient on channel: "LicenseClient-monem" (connect: 0.00s, validation: 0.01s, handshake: 0.17s)
[Licensing::IpcConnector] Successfully connected to: "LicenseClient-monem-notifications" at "2026-03-17T19:37:51.5657979Z"
[Licensing::Module] Licensing Background thread has ended after 0.18s
Library Redirect Path: Library/
[Physics::Module] Selected backend.
[Physics::Module] Name: PhysX
[Physics::Module] Id: 0xf2b8ea05
[Physics::Module] SDK Version: 4.1.2
[Physics::Module] Integration Version: 1.0.0
[Physics::Module] Threading Mode: Multi-Threaded
Refreshing native plugins compatible for Editor in 13.94 ms, found 3 plugins.
Preloading 0 native plugins for Editor in 0.00 ms.
Initialize engine version: 6000.2.7f2 (2b518236b676)
[Subsystems] Discovering subsystems at path C:/Program Files/Unity/Hub/Editor/6000.2.7f2/Editor/Data/Resources/UnitySubsystems
[Subsystems] Discovering subsystems at path C:/Users/monem/OneDrive/Documents/Hellevator/Test/Assets
GfxDevice: creating device client; kGfxThreadingModeNonThreaded
Direct3D:
    Version:  Direct3D 11.0 [level 11.1]
    Renderer: Intel(R) Iris(R) Xe Graphics (ID=0x46a8)
    Vendor:   Intel
    VRAM:     8047 MB
    Driver:   31.0.101.4255
Initialize mono
Mono path[0] = 'C:/Program Files/Unity/Hub/Editor/6000.2.7f2/Editor/Data/Managed'
Mono path[1] = 'C:/Program Files/Unity/Hub/Editor/6000.2.7f2/Editor/Data/MonoBleedingEdge/lib/mono/unityjit-win32'
Mono config path = 'C:/Program Files/Unity/Hub/Editor/6000.2.7f2/Editor/Data/MonoBleedingEdge/etc'
Using monoOptions --debugger-agent=transport=dt_socket,embedding=1,server=y,suspend=n,address=127.0.0.1:56632
Begin MonoManager ReloadAssembly
Registering precompiled unity dll's ...
Register platform support module: C:/Program Files/Unity/Hub/Editor/6000.2.7f2/Editor/Data/PlaybackEngines/WindowsStandaloneSupport/UnityEditor.WindowsStandalone.Extensions.dll
Registered in 0.004266 seconds.
- Loaded All Assemblies, in  1.008 seconds
Native extension for WindowsStandalone target not found
Mono: successfully reloaded assembly
- Finished resetting the current domain, in  0.935 seconds
Domain Reload Profiling: 1939ms
	BeginReloadAssembly (423ms)
		ExecutionOrderSort (0ms)
		DisableScriptedObjects (0ms)
		BackupInstance (0ms)
		ReleaseScriptingObjects (0ms)
		CreateAndSetChildDomain (1ms)
	RebuildCommonClasses (109ms)
	RebuildNativeTypeToScriptingClass (27ms)
	initialDomainReloadingComplete (122ms)
	LoadAllAssembliesAndSetupDomain (322ms)
		LoadAssemblies (417ms)
		RebuildTransferFunctionScriptingTraits (0ms)
		AnalyzeDomain (317ms)
			TypeCache.Refresh (314ms)
				TypeCache.ScanAssembly (287ms)
			BuildScriptInfoCaches (0ms)
			ResolveRequiredComponents (1ms)
	FinalizeReload (936ms)
		ReleaseScriptCaches (0ms)
		RebuildScriptCaches (0ms)
		SetupLoadedEditorAssemblies (845ms)
			LogAssemblyErrors (0ms)
			InitializePlatformSupportModulesInManaged (128ms)
			SetLoadedEditorAssemblies (9ms)
			BeforeProcessingInitializeOnLoad (186ms)
			ProcessInitializeOnLoadAttributes (388ms)
			ProcessInitializeOnLoadMethodAttributes (134ms)
			AfterProcessingInitializeOnLoad (0ms)
			EditorAssembliesLoaded (0ms)
		ExecutionOrderSort2 (0ms)
		AwakeInstancesAfterBackupRestoration (0ms)
========================================================================
Worker process is ready to serve import requests
Import Worker Mode flag is 0x00
Begin MonoManager ReloadAssembly
[Licensing::Client] Successfully resolved entitlement details
[Licensing::Module] License group:
  Id: 2475360401423-UnityPersXXXX
  Product: Unity Personal
  Type: Assigned
  Expiration: Unlimited
- Loaded All Assemblies, in  1.529 seconds
Refreshing native plugins compatible for Editor in 2.79 ms, found 3 plugins.
Native extension for WindowsStandalone target not found
Package Manager log level set to [2]
[Package Manager] Failed to launch server process. Reason: Unity was launched with the -noUpm command-line argument
[Package Manager] Unable to send message (not connected to server process).
[Package Manager] Cannot connect to Unity Package Manager local server
Mono: successfully reloaded assembly
- Finished resetting the current domain, in  2.016 seconds
Domain Reload Profiling: 3542ms
	BeginReloadAssembly (400ms)
		ExecutionOrderSort (0ms)
		DisableScriptedObjects (16ms)
		BackupInstance (0ms)
		ReleaseScriptingObjects (0ms)
		CreateAndSetChildDomain (52ms)
	RebuildCommonClasses (83ms)
	RebuildNativeTypeToScriptingClass (23ms)
	initialDomainReloadingComplete (83ms)
	LoadAllAssembliesAndSetupDomain (936ms)
		LoadAssemblies (773ms)
		RebuildTransferFunctionScriptingTraits (0ms)
		AnalyzeDomain (391ms)
			TypeCache.Refresh (321ms)
				TypeCache.ScanAssembly (297ms)
			BuildScriptInfoCaches (54ms)
			ResolveRequiredComponents (11ms)
	FinalizeReload (2017ms)
		ReleaseScriptCaches (0ms)
		RebuildScriptCaches (0ms)
		SetupLoadedEditorAssemblies (1665ms)
			LogAssemblyErrors (0ms)
			InitializePlatformSupportModulesInManaged (5ms)
			SetLoadedEditorAssemblies (7ms)
			BeforeProcessingInitializeOnLoad (355ms)
			ProcessInitializeOnLoadAttributes (1244ms)
			ProcessInitializeOnLoadMethodAttributes (47ms)
			AfterProcessingInitializeOnLoad (8ms)
			EditorAssembliesLoaded (0ms)
		ExecutionOrderSort2 (0ms)
		AwakeInstancesAfterBackupRestoration (10ms)
Launched and connected shader compiler UnityShaderCompiler.exe after 0.04 seconds
Refreshing native plugins compatible for Editor in 1.86 ms, found 3 plugins.
Preloading 0 native plugins for Editor in 0.00 ms.
Unloading 12 Unused Serialized files (Serialized files now loaded: 0)
Unloading 4083 unused Assets / (2.9 MB). Loaded Objects now: 4625.
Memory consumption went from 94.7 MB to 91.8 MB.
Total: 13.551800 ms (FindLiveObjects: 0.832000 ms CreateObjectMapping: 0.746900 ms MarkObjects: 9.250400 ms  DeleteObjects: 2.720200 ms)

========================================================================
Received Import Request.
  Time since last request: 410002.158372 seconds.
  path: Assets/5 Minutes of Rain and Thunderstorm Sounds For Focus, Relaxing and Sleep  Epidemic ASMR.mp3
  artifactKey: Guid(b74271889d2760d49b975b1507df8c96) Importer(815301076,1909f56bfc062723c751e8b465ee728b)
Start importing Assets/5 Minutes of Rain and Thunderstorm Sounds For Focus, Relaxing and Sleep  Epidemic ASMR.mp3 using Guid(b74271889d2760d49b975b1507df8c96) Importer(815301076,1909f56bfc062723c751e8b465ee728b) (PreviewImporter) -> (artifact id: '75402e41e52759f706f9bbe3943ef186') in 0.2179258 seconds
Number of updated asset objects reloaded before import = 0Number of asset objects unloaded after import = 2

========================================================================
Received Import Request.
  Time since last request: 0.000073 seconds.
  path: Assets/Booty Hip Hop Dance.fbx
  artifactKey: Guid(18ab04ca32369984994e3d561fc70003) Importer(815301076,1909f56bfc062723c751e8b465ee728b)
Start importing Assets/Booty Hip Hop Dance.fbx using Guid(18ab04ca32369984994e3d561fc70003) Importer(815301076,1909f56bfc062723c751e8b465ee728b) (PreviewImporter) -> (artifact id: 'b96f6f66b93fb158b82f2bcdb40535a8') in 0.2298383 seconds
Number of updated asset objects reloaded before import = 0Number of asset objects unloaded after import = 150

========================================================================
Received Import Request.
  Time since last request: 0.000056 seconds.
  path: Assets/Cheering (1).fbx
  artifactKey: Guid(6472a5aa114e02c48a8691e768cdb41e) Importer(815301076,1909f56bfc062723c751e8b465ee728b)
Start importing Assets/Cheering (1).fbx using Guid(6472a5aa114e02c48a8691e768cdb41e) Importer(815301076,1909f56bfc062723c751e8b465ee728b) (PreviewImporter) -> (artifact id: '162f7f85f55806b98965d18b33e85292') in 0.0780818 seconds
Number of updated asset objects reloaded before import = 0Number of asset objects unloaded after import = 150

========================================================================
Received Import Request.
  Time since last request: 0.000040 seconds.
  path: Assets/Ceiling.mat
  artifactKey: Guid(1e155887cbb33e44f92bda519304a152) Importer(815301076,1909f56bfc062723c751e8b465ee728b)
Start importing Assets/Ceiling.mat using Guid(1e155887cbb33e44f92bda519304a152) Importer(815301076,1909f56bfc062723c751e8b465ee728b) (PreviewImporter) -> (artifact id: '8d5fdddef49e6a6b9e1ecc59e765bf2f') in 0.034373 seconds
Number of updated asset objects reloaded before import = 0Number of asset objects unloaded after import = 1

========================================================================
Received Import Request.
  Time since last request: 0.000187 seconds.
  path: Assets/circle.png
  artifactKey: Guid(bb676e28ccfb23340b03e2f91576f8c5) Importer(815301076,1909f56bfc062723c751e8b465ee728b)
Start importing Assets/circle.png using Guid(bb676e28ccfb23340b03e2f91576f8c5) Importer(815301076,1909f56bfc062723c751e8b465ee728b) (PreviewImporter) -> (artifact id: 'c72e2c72cd3faf45940f04b4759408aa') in 0.0956095 seconds
Number of updated asset objects reloaded before import = 0Number of asset objects unloaded after import = 3

========================================================================
Received Import Request.
  Time since last request: 0.000037 seconds.
  path: Assets/babe.png
  artifactKey: Guid(884717f6eab2f7e43a87759a5bb6cc71) Importer(815301076,1909f56bfc062723c751e8b465ee728b)
Start importing Assets/babe.png using Guid(884717f6eab2f7e43a87759a5bb6cc71) Importer(815301076,1909f56bfc062723c751e8b465ee728b) (PreviewImporter) -> (artifact id: 'b31ab4b3fd9dda0215ef5917aeef017b') in 0.0398258 seconds
Number of updated asset objects reloaded before import = 0Number of asset objects unloaded after import = 2

========================================================================
Received Import Request.
  Time since last request: 33.099350 seconds.
  path: Assets/Scenes 1/1TheCity.unity
  artifactKey: Guid(0d24b3222b5f4b94f8b798f9c98bbf21) Importer(815301076,1909f56bfc062723c751e8b465ee728b)
Start importing Assets/Scenes 1/1TheCity.unity using Guid(0d24b3222b5f4b94f8b798f9c98bbf21) Importer(815301076,1909f56bfc062723c751e8b465ee728b) (PreviewImporter) -> (artifact id: '7075f2441a470ec0ca7e01cf0f423a40') in 0.0007668 seconds
Number of updated asset objects reloaded before import = 0Number of asset objects unloaded after import = 0

========================================================================
Received Prepare
Begin MonoManager ReloadAssembly
- Loaded All Assemblies, in  1.937 seconds
Refreshing native plugins compatible for Editor in 1.96 ms, found 3 plugins.
Native extension for WindowsStandalone target not found
[Package Manager] Failed to launch server process. Reason: Unity was launched with the -noUpm command-line argument
[Package Manager] Unable to send message (not connected to server process).
[Package Manager] Cannot connect to Unity Package Manager local server
Mono: successfully reloaded assembly
- Finished resetting the current domain, in  2.773 seconds
Domain Reload Profiling: 4697ms
	BeginReloadAssembly (506ms)
		ExecutionOrderSort (0ms)
		DisableScriptedObjects (10ms)
		BackupInstance (0ms)
		ReleaseScriptingObjects (0ms)
		CreateAndSetChildDomain (112ms)
	RebuildCommonClasses (82ms)
	RebuildNativeTypeToScriptingClass (41ms)
	initialDomainReloadingComplete (88ms)
	LoadAllAssembliesAndSetupDomain (1206ms)
		LoadAssemblies (825ms)
		RebuildTransferFunctionScriptingTraits (0ms)
		AnalyzeDomain (654ms)
			TypeCache.Refresh (12ms)
				TypeCache.ScanAssembly (0ms)
			BuildScriptInfoCaches (583ms)
			ResolveRequiredComponents (47ms)
	FinalizeReload (2774ms)
		ReleaseScriptCaches (0ms)
		RebuildScriptCaches (0ms)
		SetupLoadedEditorAssemblies (2424ms)
			LogAssemblyErrors (0ms)
			InitializePlatformSupportModulesInManaged (4ms)
			SetLoadedEditorAssemblies (7ms)
			BeforeProcessingInitializeOnLoad (358ms)
			ProcessInitializeOnLoadAttributes (1932ms)
			ProcessInitializeOnLoadMethodAttributes (109ms)
			AfterProcessingInitializeOnLoad (15ms)
			EditorAssembliesLoaded (0ms)
		ExecutionOrderSort2 (0ms)
		AwakeInstancesAfterBackupRestoration (20ms)
Refreshing native plugins compatible for Editor in 6.15 ms, found 3 plugins.
Preloading 0 native plugins for Editor in 0.00 ms.
Unloading 12 Unused Serialized files (Serialized files now loaded: 0)
Unloading 4081 unused Assets / (2.4 MB). Loaded Objects now: 4678.
Memory consumption went from 106.9 MB to 104.6 MB.
Total: 11.113400 ms (FindLiveObjects: 0.768900 ms CreateObjectMapping: 0.556200 ms MarkObjects: 7.928200 ms  DeleteObjects: 1.858000 ms)

Prepare: number of updated asset objects reloaded= 0
========================================================================
Received Import Request.
  Time since last request: 344.921939 seconds.
  path: Assets/Scenes 1/8RideBackHome.unity
  artifactKey: Guid(431fa1f549d69174d976a6f833c298ee) Importer(815301076,1909f56bfc062723c751e8b465ee728b)
Start importing Assets/Scenes 1/8RideBackHome.unity using Guid(431fa1f549d69174d976a6f833c298ee) Importer(815301076,1909f56bfc062723c751e8b465ee728b) (PreviewImporter) -> (artifact id: '8827f86aa8853b0e94dc66d353c8c23c') in 0.004664 seconds
Number of updated asset objects reloaded before import = 0Number of asset objects unloaded after import = 0

========================================================================
Received Import Request.
  Time since last request: 3.577437 seconds.
  path: Assets/Scenes 1/9TheEnd.unity
  artifactKey: Guid(c6696e991afaf5847b3eb7d619bee081) Importer(815301076,1909f56bfc062723c751e8b465ee728b)
Start importing Assets/Scenes 1/9TheEnd.unity using Guid(c6696e991afaf5847b3eb7d619bee081) Importer(815301076,1909f56bfc062723c751e8b465ee728b) (PreviewImporter) -> (artifact id: '912dc28d45534071b93660fc256c1ea6') in 0.0007601 seconds
Number of updated asset objects reloaded before import = 0Number of asset objects unloaded after import = 0

========================================================================
Received Prepare
Begin MonoManager ReloadAssembly
[Licensing::Client] Successfully resolved entitlement details
- Loaded All Assemblies, in  1.438 seconds
Refreshing native plugins compatible for Editor in 2.37 ms, found 3 plugins.
Assertion failed on expression: 'pred(*previous, *i)'
Assertion failed on expression: 'pred(*previous, *i)'
Assertion failed on expression: 'pred(*previous, *i)'
Assertion failed on expression: 'pred(*previous, *i)'
Assertion failed on expression: 'pred(*previous, *i)'
Assertion failed on expression: 'pred(*previous, *i)'
Assertion failed on expression: 'pred(*previous, *i)'
Assertion failed on expression: 'pred(*previous, *i)'
Assertion failed on expression: 'pred(*previous, *i)'
Assertion failed on expression: 'pred(*previous, *i)'
Assertion failed on expression: 'pred(*previous, *i)'
Assertion failed on expression: 'pred(*previous, *i)'
Assertion failed on expression: 'pred(*previous, *i)'
Assertion failed on expression: 'pred(*previous, *i)'
Assertion failed on expression: 'pred(*previous, *i)'
Assertion failed on expression: 'pred(*previous, *i)'
Assertion failed on expression: 'pred(*previous, *i)'
Assertion failed on expression: 'pred(*previous, *i)'
Assertion failed on expression: 'pred(*previous, *i)'
Assertion failed on expression: 'pred(*previous, *i)'
Assertion failed on expression: 'pred(*previous, *i)'
Assertion failed on expression: 'pred(*previous, *i)'
Assertion failed on expression: 'pred(*previous, *i)'
Assertion failed on expression: 'pred(*previous, *i)'
Native extension for WindowsStandalone target not found
[Package Manager] Failed to launch server process. Reason: Unity was launched with the -noUpm command-line argument
[Package Manager] Unable to send message (not connected to server process).
[Package Manager] Cannot connect to Unity Package Manager local server
Mono: successfully reloaded assembly
- Finished resetting the current domain, in  1.821 seconds
Domain Reload Profiling: 3257ms
	BeginReloadAssembly (402ms)
		ExecutionOrderSort (0ms)
		DisableScriptedObjects (15ms)
		BackupInstance (0ms)
		ReleaseScriptingObjects (0ms)
		CreateAndSetChildDomain (88ms)
	RebuildCommonClasses (64ms)
	RebuildNativeTypeToScriptingClass (20ms)
	initialDomainReloadingComplete (69ms)
	LoadAllAssembliesAndSetupDomain (880ms)
		LoadAssemblies (683ms)
		RebuildTransferFunctionScriptingTraits (0ms)
		AnalyzeDomain (403ms)
			TypeCache.Refresh (12ms)
				TypeCache.ScanAssembly (0ms)
			BuildScriptInfoCaches (360ms)
			ResolveRequiredComponents (16ms)
	FinalizeReload (1822ms)
		ReleaseScriptCaches (0ms)
		RebuildScriptCaches (0ms)
		SetupLoadedEditorAssemblies (1523ms)
			LogAssemblyErrors (0ms)
			InitializePlatformSupportModulesInManaged (4ms)
			SetLoadedEditorAssemblies (9ms)
			BeforeProcessingInitializeOnLoad (328ms)
			ProcessInitializeOnLoadAttributes (1106ms)
			ProcessInitializeOnLoadMethodAttributes (63ms)
			AfterProcessingInitializeOnLoad (13ms)
			EditorAssembliesLoaded (0ms)
		ExecutionOrderSort2 (0ms)
		AwakeInstancesAfterBackupRestoration (13ms)
Refreshing native plugins compatible for Editor in 2.92 ms, found 3 plugins.
Preloading 0 native plugins for Editor in 0.00 ms.
Unloading 12 Unused Serialized files (Serialized files now loaded: 0)
Unloading 4081 unused Assets / (2.4 MB). Loaded Objects now: 4679.
Memory consumption went from 107.0 MB to 104.5 MB.
Total: 14.294200 ms (FindLiveObjects: 0.690500 ms CreateObjectMapping: 0.417700 ms MarkObjects: 11.114900 ms  DeleteObjects: 2.068800 ms)

Prepare: number of updated asset objects reloaded= 0
========================================================================
Received Prepare
Begin MonoManager ReloadAssembly
- Loaded All Assemblies, in  1.638 seconds
Refreshing native plugins compatible for Editor in 2.86 ms, found 3 plugins.
Assertion failed on expression: 'pred(*previous, *i)'
Assertion failed on expression: 'pred(*previous, *i)'
Assertion failed on expression: 'pred(*previous, *i)'
Assertion failed on expression: 'pred(*previous, *i)'
Assertion failed on expression: 'pred(*previous, *i)'
Assertion failed on expression: 'pred(*previous, *i)'
Assertion failed on expression: 'pred(*previous, *i)'
Assertion failed on expression: 'pred(*previous, *i)'
Assertion failed on expression: 'pred(*previous, *i)'
Assertion failed on expression: 'pred(*previous, *i)'
Assertion failed on expression: 'pred(*previous, *i)'
Assertion failed on expression: 'pred(*previous, *i)'
Assertion failed on expression: 'pred(*previous, *i)'
Assertion failed on expression: 'pred(*previous, *i)'
Assertion failed on expression: 'pred(*previous, *i)'
Assertion failed on expression: 'pred(*previous, *i)'
Assertion failed on expression: 'pred(*previous, *i)'
Assertion failed on expression: 'pred(*previous, *i)'
Assertion failed on expression: 'pred(*previous, *i)'
Assertion failed on expression: 'pred(*previous, *i)'
Assertion failed on expression: 'pred(*previous, *i)'
Assertion failed on expression: 'pred(*previous, *i)'
Assertion failed on expression: 'pred(*previous, *i)'
Assertion failed on expression: 'pred(*previous, *i)'
Native extension for WindowsStandalone target not found
[Package Manager] Failed to launch server process. Reason: Unity was launched with the -noUpm command-line argument
[Package Manager] Unable to send message (not connected to server process).
[Package Manager] Cannot connect to Unity Package Manager local server
Mono: successfully reloaded assembly
- Finished resetting the current domain, in  2.177 seconds
Domain Reload Profiling: 3813ms
	BeginReloadAssembly (383ms)
		ExecutionOrderSort (0ms)
		DisableScriptedObjects (11ms)
		BackupInstance (0ms)
		ReleaseScriptingObjects (0ms)
		CreateAndSetChildDomain (83ms)
	RebuildCommonClasses (96ms)
	RebuildNativeTypeToScriptingClass (28ms)
	initialDomainReloadingComplete (59ms)
	LoadAllAssembliesAndSetupDomain (1068ms)
		LoadAssemblies (786ms)
		RebuildTransferFunctionScriptingTraits (0ms)
		AnalyzeDomain (479ms)
			TypeCache.Refresh (16ms)
				TypeCache.ScanAssembly (0ms)
			BuildScriptInfoCaches (431ms)
			ResolveRequiredComponents (16ms)
	FinalizeReload (2178ms)
		ReleaseScriptCaches (0ms)
		RebuildScriptCaches (0ms)
		SetupLoadedEditorAssemblies (1885ms)
			LogAssemblyErrors (0ms)
			InitializePlatformSupportModulesInManaged (8ms)
			SetLoadedEditorAssemblies (10ms)
			BeforeProcessingInitializeOnLoad (356ms)
			ProcessInitializeOnLoadAttributes (1429ms)
			ProcessInitializeOnLoadMethodAttributes (71ms)
			AfterProcessingInitializeOnLoad (11ms)
			EditorAssembliesLoaded (0ms)
		ExecutionOrderSort2 (0ms)
		AwakeInstancesAfterBackupRestoration (19ms)
Refreshing native plugins compatible for Editor in 3.43 ms, found 3 plugins.
Preloading 0 native plugins for Editor in 0.00 ms.
Unloading 12 Unused Serialized files (Serialized files now loaded: 0)
Unloading 4081 unused Assets / (2.5 MB). Loaded Objects now: 4680.
Memory consumption went from 107.0 MB to 104.5 MB.
Total: 15.577500 ms (FindLiveObjects: 1.305700 ms CreateObjectMapping: 0.408700 ms MarkObjects: 11.351600 ms  DeleteObjects: 2.508700 ms)

Prepare: number of updated asset objects reloaded= 0
========================================================================
Received Prepare
Begin MonoManager ReloadAssembly
[Licensing::Client] Successfully resolved entitlement details
- Loaded All Assemblies, in  1.456 seconds
Refreshing native plugins compatible for Editor in 3.33 ms, found 3 plugins.
Assertion failed on expression: 'pred(*previous, *i)'
Assertion failed on expression: 'pred(*previous, *i)'
Assertion failed on expression: 'pred(*previous, *i)'
Assertion failed on expression: 'pred(*previous, *i)'
Assertion failed on expression: 'pred(*previous, *i)'
Assertion failed on expression: 'pred(*previous, *i)'
Assertion failed on expression: 'pred(*previous, *i)'
Assertion failed on expression: 'pred(*previous, *i)'
Assertion failed on expression: 'pred(*previous, *i)'
Assertion failed on expression: 'pred(*previous, *i)'
Assertion failed on expression: 'pred(*previous, *i)'
Assertion failed on expression: 'pred(*previous, *i)'
Assertion failed on expression: 'pred(*previous, *i)'
Assertion failed on expression: 'pred(*previous, *i)'
Assertion failed on expression: 'pred(*previous, *i)'
Assertion failed on expression: 'pred(*previous, *i)'
Assertion failed on expression: 'pred(*previous, *i)'
Assertion failed on expression: 'pred(*previous, *i)'
Assertion failed on expression: 'pred(*previous, *i)'
Assertion failed on expression: 'pred(*previous, *i)'
Assertion failed on expression: 'pred(*previous, *i)'
Assertion failed on expression: 'pred(*previous, *i)'
Assertion failed on expression: 'pred(*previous, *i)'
Assertion failed on expression: 'pred(*previous, *i)'
Native extension for WindowsStandalone target not found
[Package Manager] Failed to launch server process. Reason: Unity was launched with the -noUpm command-line argument
[Package Manager] Unable to send message (not connected to server process).
[Package Manager] Cannot connect to Unity Package Manager local server
Mono: successfully reloaded assembly
- Finished resetting the current domain, in  2.195 seconds
Domain Reload Profiling: 3650ms
	BeginReloadAssembly (427ms)
		ExecutionOrderSort (0ms)
		DisableScriptedObjects (14ms)
		BackupInstance (0ms)
		ReleaseScriptingObjects (0ms)
		CreateAndSetChildDomain (77ms)
	RebuildCommonClasses (74ms)
	RebuildNativeTypeToScriptingClass (37ms)
	initialDomainReloadingComplete (64ms)
	LoadAllAssembliesAndSetupDomain (852ms)
		LoadAssemblies (708ms)
		RebuildTransferFunctionScriptingTraits (0ms)
		AnalyzeDomain (374ms)
			TypeCache.Refresh (11ms)
				TypeCache.ScanAssembly (0ms)
			BuildScriptInfoCaches (340ms)
			ResolveRequiredComponents (12ms)
	FinalizeReload (2196ms)
		ReleaseScriptCaches (0ms)
		RebuildScriptCaches (0ms)
		SetupLoadedEditorAssemblies (1864ms)
			LogAssemblyErrors (0ms)
			InitializePlatformSupportModulesInManaged (6ms)
			SetLoadedEditorAssemblies (10ms)
			BeforeProcessingInitializeOnLoad (358ms)
			ProcessInitializeOnLoadAttributes (1413ms)
			ProcessInitializeOnLoadMethodAttributes (65ms)
			AfterProcessingInitializeOnLoad (11ms)
			EditorAssembliesLoaded (0ms)
		ExecutionOrderSort2 (0ms)
		AwakeInstancesAfterBackupRestoration (15ms)
Refreshing native plugins compatible for Editor in 2.10 ms, found 3 plugins.
Preloading 0 native plugins for Editor in 0.00 ms.
Unloading 12 Unused Serialized files (Serialized files now loaded: 0)
Unloading 4081 unused Assets / (2.3 MB). Loaded Objects now: 4681.
Memory consumption went from 107.0 MB to 104.7 MB.
Total: 12.275600 ms (FindLiveObjects: 1.228700 ms CreateObjectMapping: 0.397400 ms MarkObjects: 8.818300 ms  DeleteObjects: 1.827600 ms)

Prepare: number of updated asset objects reloaded= 0
========================================================================
Received Prepare
Begin MonoManager ReloadAssembly
[Licensing::Client] Successfully resolved entitlement details
- Loaded All Assemblies, in  1.425 seconds
Refreshing native plugins compatible for Editor in 2.01 ms, found 3 plugins.
Assertion failed on expression: 'pred(*previous, *i)'
Assertion failed on expression: 'pred(*previous, *i)'
Assertion failed on expression: 'pred(*previous, *i)'
Assertion failed on expression: 'pred(*previous, *i)'
Assertion failed on expression: 'pred(*previous, *i)'
Assertion failed on expression: 'pred(*previous, *i)'
Assertion failed on expression: 'pred(*previous, *i)'
Assertion failed on expression: 'pred(*previous, *i)'
Assertion failed on expression: 'pred(*previous, *i)'
Assertion failed on expression: 'pred(*previous, *i)'
Assertion failed on expression: 'pred(*previous, *i)'
Assertion failed on expression: 'pred(*previous, *i)'
Assertion failed on expression: 'pred(*previous, *i)'
Assertion failed on expression: 'pred(*previous, *i)'
Assertion failed on expression: 'pred(*previous, *i)'
Assertion failed on expression: 'pred(*previous, *i)'
Assertion failed on expression: 'pred(*previous, *i)'
Assertion failed on expression: 'pred(*previous, *i)'
Assertion failed on expression: 'pred(*previous, *i)'
Assertion failed on expression: 'pred(*previous, *i)'
Assertion failed on expression: 'pred(*previous, *i)'
Assertion failed on expression: 'pred(*previous, *i)'
Assertion failed on expression: 'pred(*previous, *i)'
Assertion failed on expression: 'pred(*previous, *i)'
Native extension for WindowsStandalone target not found
[Package Manager] Failed to launch server process. Reason: Unity was launched with the -noUpm command-line argument
[Package Manager] Unable to send message (not connected to server process).
[Package Manager] Cannot connect to Unity Package Manager local server
Mono: successfully reloaded assembly
- Finished resetting the current domain, in  2.047 seconds
Domain Reload Profiling: 3472ms
	BeginReloadAssembly (391ms)
		ExecutionOrderSort (0ms)
		DisableScriptedObjects (13ms)
		BackupInstance (0ms)
		ReleaseScriptingObjects (0ms)
		CreateAndSetChildDomain (79ms)
	RebuildCommonClasses (88ms)
	RebuildNativeTypeToScriptingClass (27ms)
	initialDomainReloadingComplete (47ms)
	LoadAllAssembliesAndSetupDomain (870ms)
		LoadAssemblies (644ms)
		RebuildTransferFunctionScriptingTraits (0ms)
		AnalyzeDomain (418ms)
			TypeCache.Refresh (12ms)
				TypeCache.ScanAssembly (0ms)
			BuildScriptInfoCaches (382ms)
			ResolveRequiredComponents (14ms)
	FinalizeReload (2048ms)
		ReleaseScriptCaches (0ms)
		RebuildScriptCaches (0ms)
		SetupLoadedEditorAssemblies (1721ms)
			LogAssemblyErrors (0ms)
			InitializePlatformSupportModulesInManaged (5ms)
			SetLoadedEditorAssemblies (6ms)
			BeforeProcessingInitializeOnLoad (324ms)
			ProcessInitializeOnLoadAttributes (1299ms)
			ProcessInitializeOnLoadMethodAttributes (72ms)
			AfterProcessingInitializeOnLoad (14ms)
			EditorAssembliesLoaded (1ms)
		ExecutionOrderSort2 (0ms)
		AwakeInstancesAfterBackupRestoration (15ms)
Refreshing native plugins compatible for Editor in 4.19 ms, found 3 plugins.
Preloading 0 native plugins for Editor in 0.00 ms.
Unloading 12 Unused Serialized files (Serialized files now loaded: 0)
Unloading 4081 unused Assets / (2.8 MB). Loaded Objects now: 4682.
Memory consumption went from 107.0 MB to 104.2 MB.
Total: 13.555900 ms (FindLiveObjects: 1.062100 ms CreateObjectMapping: 1.078400 ms MarkObjects: 8.274100 ms  DeleteObjects: 3.138200 ms)

Prepare: number of updated asset objects reloaded= 0
========================================================================
Received Import Request.
  Time since last request: 753.727893 seconds.
  path: Assets/Couple Arguing Sound Effect.wav
  artifactKey: Guid(874d37626541cc04db579f4415181dba) Importer(815301076,1909f56bfc062723c751e8b465ee728b)
Start importing Assets/Couple Arguing Sound Effect.wav using Guid(874d37626541cc04db579f4415181dba) Importer(815301076,1909f56bfc062723c751e8b465ee728b) (PreviewImporter) -> (artifact id: 'd0a0ad3506258779ea3b11d341ceae0b') in 0.1252426 seconds
Number of updated asset objects reloaded before import = 0Number of asset objects unloaded after import = 2

========================================================================
Received Import Request.
  Time since last request: 0.000031 seconds.
  path: Assets/Dancing Twerk.fbx
  artifactKey: Guid(d0b415c05177f0d408116ae7161b7dac) Importer(815301076,1909f56bfc062723c751e8b465ee728b)
Start importing Assets/Dancing Twerk.fbx using Guid(d0b415c05177f0d408116ae7161b7dac) Importer(815301076,1909f56bfc062723c751e8b465ee728b) (PreviewImporter) -> (artifact id: 'b5ab73567af173549e89aea0d56f11c0') in 0.2063381 seconds
Number of updated asset objects reloaded before import = 0Number of asset objects unloaded after import = 150

========================================================================
Received Import Request.
  Time since last request: 0.000052 seconds.
  path: Assets/med_bottle_labelFAKE.jpg
  artifactKey: Guid(8f8387ea7ddfc954da5416dab4beb703) Importer(815301076,1909f56bfc062723c751e8b465ee728b)
Start importing Assets/med_bottle_labelFAKE.jpg using Guid(8f8387ea7ddfc954da5416dab4beb703) Importer(815301076,1909f56bfc062723c751e8b465ee728b) (PreviewImporter) -> (artifact id: '18975af8fe1fc324681bbbf7437dd22d') in 0.075125 seconds
Number of updated asset objects reloaded before import = 0Number of asset objects unloaded after import = 2

========================================================================
Received Import Request.
  Time since last request: 0.000140 seconds.
  path: Assets/letters.png
  artifactKey: Guid(98885ce08a34db1479296a39aa00111d) Importer(815301076,1909f56bfc062723c751e8b465ee728b)
Start importing Assets/letters.png using Guid(98885ce08a34db1479296a39aa00111d) Importer(815301076,1909f56bfc062723c751e8b465ee728b) (PreviewImporter) -> (artifact id: '18a24f5950822c531c9303d0ce9dc263') in 0.084857 seconds
Number of updated asset objects reloaded before import = 0Number of asset objects unloaded after import = 3

========================================================================
Received Import Request.
  Time since last request: 0.000046 seconds.
  path: Assets/Laughing.fbx
  artifactKey: Guid(f55944a251a99f349b2bbceed3829f9d) Importer(815301076,1909f56bfc062723c751e8b465ee728b)
Start importing Assets/Laughing.fbx using Guid(f55944a251a99f349b2bbceed3829f9d) Importer(815301076,1909f56bfc062723c751e8b465ee728b) (PreviewImporter) -> (artifact id: 'a734faaf66319243428ef97606a41f23') in 0.1307496 seconds
Number of updated asset objects reloaded before import = 0Number of asset objects unloaded after import = 142

========================================================================
Received Import Request.
  Time since last request: 0.000054 seconds.
  path: Assets/light.jpg
  artifactKey: Guid(7c98780ff795ee0439f0b503298d66db) Importer(815301076,1909f56bfc062723c751e8b465ee728b)
Start importing Assets/light.jpg using Guid(7c98780ff795ee0439f0b503298d66db) Importer(815301076,1909f56bfc062723c751e8b465ee728b) (PreviewImporter) -> (artifact id: 'ecef5163346944757b39d1016ca0693e') in 0.0415925 seconds
Number of updated asset objects reloaded before import = 0Number of asset objects unloaded after import = 2

========================================================================
Received Import Request.
  Time since last request: 0.000064 seconds.
  path: Assets/Mailboxdoor .wav
  artifactKey: Guid(0868624d49998e9498e0065f2067d8c0) Importer(815301076,1909f56bfc062723c751e8b465ee728b)
Start importing Assets/Mailboxdoor .wav using Guid(0868624d49998e9498e0065f2067d8c0) Importer(815301076,1909f56bfc062723c751e8b465ee728b) (PreviewImporter) -> (artifact id: 'd5fdd193d90b993000fb085dea12daa0') in 0.0502323 seconds
Number of updated asset objects reloaded before import = 0Number of asset objects unloaded after import = 2

========================================================================
Received Import Request.
  Time since last request: 0.000038 seconds.
  path: Assets/korn.png
  artifactKey: Guid(55da73f9714e9cf4b8b0ce422e3c520b) Importer(815301076,1909f56bfc062723c751e8b465ee728b)
Start importing Assets/korn.png using Guid(55da73f9714e9cf4b8b0ce422e3c520b) Importer(815301076,1909f56bfc062723c751e8b465ee728b) (PreviewImporter) -> (artifact id: '750861843a251651f428b94da05cd52b') in 0.0436564 seconds
Number of updated asset objects reloaded before import = 0Number of asset objects unloaded after import = 2

========================================================================
Received Import Request.
  Time since last request: 0.000054 seconds.
  path: Assets/Kevin MacLeod_ Local Forecast - Elevator.wav
  artifactKey: Guid(9a998d7934db7fe4f9b969246a9f7bf6) Importer(815301076,1909f56bfc062723c751e8b465ee728b)
Start importing Assets/Kevin MacLeod_ Local Forecast - Elevator.wav using Guid(9a998d7934db7fe4f9b969246a9f7bf6) Importer(815301076,1909f56bfc062723c751e8b465ee728b) (PreviewImporter) -> (artifact id: '963893e4df8acbf29ffc6e01c2e1ce99') in 0.0442739 seconds
Number of updated asset objects reloaded before import = 0Number of asset objects unloaded after import = 2

========================================================================
Received Import Request.
  Time since last request: 0.000042 seconds.
  path: Assets/fire.mat
  artifactKey: Guid(c6fcf9eebcb2c184496435a21ae28dab) Importer(815301076,1909f56bfc062723c751e8b465ee728b)
Start importing Assets/fire.mat using Guid(c6fcf9eebcb2c184496435a21ae28dab) Importer(815301076,1909f56bfc062723c751e8b465ee728b) (PreviewImporter) -> (artifact id: '33ea4358af85a8581fe9f17dd2434f90') in 0.0548396 seconds
Number of updated asset objects reloaded before import = 0Number of asset objects unloaded after import = 2

========================================================================
Received Import Request.
  Time since last request: 0.000043 seconds.
  path: Assets/mettalica.jpg
  artifactKey: Guid(012b8566e482bb64b93df60460e36e38) Importer(815301076,1909f56bfc062723c751e8b465ee728b)
Start importing Assets/mettalica.jpg using Guid(012b8566e482bb64b93df60460e36e38) Importer(815301076,1909f56bfc062723c751e8b465ee728b) (PreviewImporter) -> (artifact id: '7bf433fbc467b5b554efa415e24c4edf') in 0.0533844 seconds
Number of updated asset objects reloaded before import = 0Number of asset objects unloaded after import = 2

========================================================================
Received Import Request.
  Time since last request: 0.000053 seconds.
  path: Assets/Flies Swarming _ Buzzing - Sound Effect.mp3
  artifactKey: Guid(00a7a93f997e5454e832beb05edb7efe) Importer(815301076,1909f56bfc062723c751e8b465ee728b)
Start importing Assets/Flies Swarming _ Buzzing - Sound Effect.mp3 using Guid(00a7a93f997e5454e832beb05edb7efe) Importer(815301076,1909f56bfc062723c751e8b465ee728b) (PreviewImporter) -> (artifact id: '36978a147df7f9c6d423df5432915300') in 0.0443036 seconds
Number of updated asset objects reloaded before import = 0Number of asset objects unloaded after import = 2

========================================================================
Received Import Request.
  Time since last request: 0.000053 seconds.
  path: Assets/granny.fbx
  artifactKey: Guid(e3eeddef8a47e17479eaf49da1594bca) Importer(815301076,1909f56bfc062723c751e8b465ee728b)
Start importing Assets/granny.fbx using Guid(e3eeddef8a47e17479eaf49da1594bca) Importer(815301076,1909f56bfc062723c751e8b465ee728b) (PreviewImporter) -> (artifact id: '0a62967c0d5156203707025a8c4303da') in 0.1333909 seconds
Number of updated asset objects reloaded before import = 0Number of asset objects unloaded after import = 188

========================================================================
Received Import Request.
  Time since last request: 2.148953 seconds.
  path: Assets/script/InputSystem_Actions.inputactions
  artifactKey: Guid(289c1b55c9541489481df5cc06664110) Importer(815301076,1909f56bfc062723c751e8b465ee728b)
Start importing Assets/script/InputSystem_Actions.inputactions using Guid(289c1b55c9541489481df5cc06664110) Importer(815301076,1909f56bfc062723c751e8b465ee728b) (PreviewImporter) -> (artifact id: '23a5a69164e9af0ab93f66fcab3e027c') in 0.0120778 seconds
Number of updated asset objects reloaded before import = 0Number of asset objects unloaded after import = 21

========================================================================
Received Import Request.
  Time since last request: 3.113152 seconds.
  path: Assets/script/QTEEvent.cs
  artifactKey: Guid(3d75c01828357d8499f5042434a0475d) Importer(815301076,1909f56bfc062723c751e8b465ee728b)
Start importing Assets/script/QTEEvent.cs using Guid(3d75c01828357d8499f5042434a0475d) Importer(815301076,1909f56bfc062723c751e8b465ee728b) (PreviewImporter) -> (artifact id: 'a040f3abe63653c10f02d484c668ce1b') in 0.0012422 seconds
Number of updated asset objects reloaded before import = 0Number of asset objects unloaded after import = 0

========================================================================
Received Import Request.
  Time since last request: 24.076290 seconds.
  path: Assets/script/KillEventController.cs
  artifactKey: Guid(931b73da430698e468aa60ab758e2f5b) Importer(815301076,1909f56bfc062723c751e8b465ee728b)
Start importing Assets/script/KillEventController.cs using Guid(931b73da430698e468aa60ab758e2f5b) Importer(815301076,1909f56bfc062723c751e8b465ee728b) (PreviewImporter) -> (artifact id: 'a39a4af0afd39e3c3dd5505b231ee45c') in 0.0010121 seconds
Number of updated asset objects reloaded before import = 0Number of asset objects unloaded after import = 0

========================================================================
Received Import Request.
  Time since last request: 11.159021 seconds.
  path: Assets/script/CameraTrigger.cs
  artifactKey: Guid(f7afa9b7d752ea84a966bfab37edcd53) Importer(815301076,1909f56bfc062723c751e8b465ee728b)
Start importing Assets/script/CameraTrigger.cs using Guid(f7afa9b7d752ea84a966bfab37edcd53) Importer(815301076,1909f56bfc062723c751e8b465ee728b) (PreviewImporter) -> (artifact id: '26e22759336caa29fad06d7d6c4caeb3') in 0.0008061 seconds
Number of updated asset objects reloaded before import = 0Number of asset objects unloaded after import = 0

========================================================================
Received Import Request.
  Time since last request: 2.742294 seconds.
  path: Assets/script/DialogueSequence.cs
  artifactKey: Guid(457526e8871045b439a4bad11994302f) Importer(815301076,1909f56bfc062723c751e8b465ee728b)
Start importing Assets/script/DialogueSequence.cs using Guid(457526e8871045b439a4bad11994302f) Importer(815301076,1909f56bfc062723c751e8b465ee728b) (PreviewImporter) -> (artifact id: 'f45cb05d2714b51bae3ba30e7d59b148') in 0.0008529 seconds
Number of updated asset objects reloaded before import = 0Number of asset objects unloaded after import = 0

========================================================================
Received Import Request.
  Time since last request: 0.941828 seconds.
  path: Assets/script/ElevatorSequence.cs
  artifactKey: Guid(1bd0fe04cd98a854f84f3d007480d91b) Importer(815301076,1909f56bfc062723c751e8b465ee728b)
Start importing Assets/script/ElevatorSequence.cs using Guid(1bd0fe04cd98a854f84f3d007480d91b) Importer(815301076,1909f56bfc062723c751e8b465ee728b) (PreviewImporter) -> (artifact id: '1037ee0eddc4e0a660c93bfceb8722db') in 0.0007955 seconds
Number of updated asset objects reloaded before import = 0Number of asset objects unloaded after import = 0

========================================================================
Received Import Request.
  Time since last request: 9.509829 seconds.
  path: Assets/script/DialogueController.cs
  artifactKey: Guid(fba0d546404e73947bad2606a8e410cf) Importer(815301076,1909f56bfc062723c751e8b465ee728b)
Start importing Assets/script/DialogueController.cs using Guid(fba0d546404e73947bad2606a8e410cf) Importer(815301076,1909f56bfc062723c751e8b465ee728b) (PreviewImporter) -> (artifact id: 'd875703a68cf6a20cf3b5e716e315300') in 0.0008569 seconds
Number of updated asset objects reloaded before import = 0Number of asset objects unloaded after import = 0

========================================================================
Received Prepare
Begin MonoManager ReloadAssembly
[Licensing::Client] Successfully resolved entitlement details
- Loaded All Assemblies, in  1.648 seconds
Refreshing native plugins compatible for Editor in 2.88 ms, found 3 plugins.
Assertion failed on expression: 'pred(*previous, *i)'
Assertion failed on expression: 'pred(*previous, *i)'
Assertion failed on expression: 'pred(*previous, *i)'
Assertion failed on expression: 'pred(*previous, *i)'
Assertion failed on expression: 'pred(*previous, *i)'
Assertion failed on expression: 'pred(*previous, *i)'
Assertion failed on expression: 'pred(*previous, *i)'
Assertion failed on expression: 'pred(*previous, *i)'
Assertion failed on expression: 'pred(*previous, *i)'
Assertion failed on expression: 'pred(*previous, *i)'
Assertion failed on expression: 'pred(*previous, *i)'
Assertion failed on expression: 'pred(*previous, *i)'
Assertion failed on expression: 'pred(*previous, *i)'
Assertion failed on expression: 'pred(*previous, *i)'
Assertion failed on expression: 'pred(*previous, *i)'
Assertion failed on expression: 'pred(*previous, *i)'
Assertion failed on expression: 'pred(*previous, *i)'
Assertion failed on expression: 'pred(*previous, *i)'
Assertion failed on expression: 'pred(*previous, *i)'
Assertion failed on expression: 'pred(*previous, *i)'
Assertion failed on expression: 'pred(*previous, *i)'
Assertion failed on expression: 'pred(*previous, *i)'
Assertion failed on expression: 'pred(*previous, *i)'
Assertion failed on expression: 'pred(*previous, *i)'
Native extension for WindowsStandalone target not found
[Package Manager] Failed to launch server process. Reason: Unity was launched with the -noUpm command-line argument
[Package Manager] Unable to send message (not connected to server process).
[Package Manager] Cannot connect to Unity Package Manager local server
Mono: successfully reloaded assembly
- Finished resetting the current domain, in  2.012 seconds
Domain Reload Profiling: 3644ms
	BeginReloadAssembly (435ms)
		ExecutionOrderSort (0ms)
		DisableScriptedObjects (16ms)
		BackupInstance (0ms)
		ReleaseScriptingObjects (0ms)
		CreateAndSetChildDomain (83ms)
	RebuildCommonClasses (94ms)
	RebuildNativeTypeToScriptingClass (27ms)
	initialDomainReloadingComplete (110ms)
	LoadAllAssembliesAndSetupDomain (966ms)
		LoadAssemblies (791ms)
		RebuildTransferFunctionScriptingTraits (0ms)
		AnalyzeDomain (414ms)
			TypeCache.Refresh (22ms)
				TypeCache.ScanAssembly (2ms)
			BuildScriptInfoCaches (373ms)
			ResolveRequiredComponents (11ms)
	FinalizeReload (2013ms)
		ReleaseScriptCaches (0ms)
		RebuildScriptCaches (0ms)
		SetupLoadedEditorAssemblies (1741ms)
			LogAssemblyErrors (0ms)
			InitializePlatformSupportModulesInManaged (5ms)
			SetLoadedEditorAssemblies (8ms)
			BeforeProcessingInitializeOnLoad (342ms)
			ProcessInitializeOnLoadAttributes (1320ms)
			ProcessInitializeOnLoadMethodAttributes (54ms)
			AfterProcessingInitializeOnLoad (12ms)
			EditorAssembliesLoaded (1ms)
		ExecutionOrderSort2 (0ms)
		AwakeInstancesAfterBackupRestoration (14ms)
Refreshing native plugins compatible for Editor in 2.75 ms, found 3 plugins.
Preloading 0 native plugins for Editor in 0.00 ms.
Unloading 12 Unused Serialized files (Serialized files now loaded: 0)
Unloading 4081 unused Assets / (3.0 MB). Loaded Objects now: 4686.
Memory consumption went from 107.0 MB to 104.0 MB.
Total: 9.002000 ms (FindLiveObjects: 0.436000 ms CreateObjectMapping: 0.330000 ms MarkObjects: 6.490700 ms  DeleteObjects: 1.743800 ms)

Prepare: number of updated asset objects reloaded= 0
========================================================================
Received Prepare
Begin MonoManager ReloadAssembly
- Loaded All Assemblies, in  1.352 seconds
Refreshing native plugins compatible for Editor in 1.60 ms, found 3 plugins.
Assertion failed on expression: 'pred(*previous, *i)'
Assertion failed on expression: 'pred(*previous, *i)'
Assertion failed on expression: 'pred(*previous, *i)'
Assertion failed on expression: 'pred(*previous, *i)'
Assertion failed on expression: 'pred(*previous, *i)'
Assertion failed on expression: 'pred(*previous, *i)'
Assertion failed on expression: 'pred(*previous, *i)'
Assertion failed on expression: 'pred(*previous, *i)'
Assertion failed on expression: 'pred(*previous, *i)'
Assertion failed on expression: 'pred(*previous, *i)'
Assertion failed on expression: 'pred(*previous, *i)'
Assertion failed on expression: 'pred(*previous, *i)'
Assertion failed on expression: 'pred(*previous, *i)'
Assertion failed on expression: 'pred(*previous, *i)'
Assertion failed on expression: 'pred(*previous, *i)'
Assertion failed on expression: 'pred(*previous, *i)'
Assertion failed on expression: 'pred(*previous, *i)'
Assertion failed on expression: 'pred(*previous, *i)'
Assertion failed on expression: 'pred(*previous, *i)'
Assertion failed on expression: 'pred(*previous, *i)'
Assertion failed on expression: 'pred(*previous, *i)'
Assertion failed on expression: 'pred(*previous, *i)'
Assertion failed on expression: 'pred(*previous, *i)'
Assertion failed on expression: 'pred(*previous, *i)'
Native extension for WindowsStandalone target not found
[Package Manager] Failed to launch server process. Reason: Unity was launched with the -noUpm command-line argument
[Package Manager] Unable to send message (not connected to server process).
[Package Manager] Cannot connect to Unity Package Manager local server
Mono: successfully reloaded assembly
- Finished resetting the current domain, in  1.911 seconds
Domain Reload Profiling: 3261ms
	BeginReloadAssembly (403ms)
		ExecutionOrderSort (0ms)
		DisableScriptedObjects (8ms)
		BackupInstance (0ms)
		ReleaseScriptingObjects (0ms)
		CreateAndSetChildDomain (77ms)
	RebuildCommonClasses (83ms)
	RebuildNativeTypeToScriptingClass (38ms)
	initialDomainReloadingComplete (41ms)
	LoadAllAssembliesAndSetupDomain (783ms)
		LoadAssemblies (648ms)
		RebuildTransferFunctionScriptingTraits (0ms)
		AnalyzeDomain (372ms)
			TypeCache.Refresh (11ms)
				TypeCache.ScanAssembly (0ms)
			BuildScriptInfoCaches (337ms)
			ResolveRequiredComponents (11ms)
	FinalizeReload (1913ms)
		ReleaseScriptCaches (0ms)
		RebuildScriptCaches (0ms)
		SetupLoadedEditorAssemblies (1618ms)
			LogAssemblyErrors (0ms)
			InitializePlatformSupportModulesInManaged (5ms)
			SetLoadedEditorAssemblies (8ms)
			BeforeProcessingInitializeOnLoad (315ms)
			ProcessInitializeOnLoadAttributes (1209ms)
			ProcessInitializeOnLoadMethodAttributes (66ms)
			AfterProcessingInitializeOnLoad (14ms)
			EditorAssembliesLoaded (0ms)
		ExecutionOrderSort2 (0ms)
		AwakeInstancesAfterBackupRestoration (19ms)
Refreshing native plugins compatible for Editor in 2.48 ms, found 3 plugins.
Preloading 0 native plugins for Editor in 0.00 ms.
Unloading 12 Unused Serialized files (Serialized files now loaded: 0)
Unloading 4081 unused Assets / (2.5 MB). Loaded Objects now: 4687.
Memory consumption went from 107.0 MB to 104.5 MB.
Total: 14.561300 ms (FindLiveObjects: 0.992000 ms CreateObjectMapping: 0.884100 ms MarkObjects: 10.640400 ms  DeleteObjects: 2.042500 ms)

Prepare: number of updated asset objects reloaded= 0
========================================================================
Received Import Request.
  Time since last request: 1588.709906 seconds.
  path: Assets/script/fnbar-quicktimeevents-main
  artifactKey: Guid(8688e0155e931ce408a714282bb5f360) Importer(815301076,1909f56bfc062723c751e8b465ee728b)
Start importing Assets/script/fnbar-quicktimeevents-main using Guid(8688e0155e931ce408a714282bb5f360) Importer(815301076,1909f56bfc062723c751e8b465ee728b) (PreviewImporter) -> (artifact id: 'e63cce6a122c5c2a2d22c27e7594aed9') in 0.1725926 seconds
Number of updated asset objects reloaded before import = 0Number of asset objects unloaded after import = 0

========================================================================
Received Import Request.
  Time since last request: 1.103193 seconds.
  path: Assets/script/fnbar-quicktimeevents-main/nui
  artifactKey: Guid(73ebaf8d833cc574c97ed01382a2f189) Importer(815301076,1909f56bfc062723c751e8b465ee728b)
Start importing Assets/script/fnbar-quicktimeevents-main/nui using Guid(73ebaf8d833cc574c97ed01382a2f189) Importer(815301076,1909f56bfc062723c751e8b465ee728b) (PreviewImporter) -> (artifact id: 'c2aaff87bb612a540b975f3ac78c48ec') in 0.0013468 seconds
Number of updated asset objects reloaded before import = 0Number of asset objects unloaded after import = 0

========================================================================
Received Import Request.
  Time since last request: 1.389482 seconds.
  path: Assets/script/fnbar-quicktimeevents-main/README.md
  artifactKey: Guid(935a6194b7011d64c97e4b3cbe652bd9) Importer(815301076,1909f56bfc062723c751e8b465ee728b)
Start importing Assets/script/fnbar-quicktimeevents-main/README.md using Guid(935a6194b7011d64c97e4b3cbe652bd9) Importer(815301076,1909f56bfc062723c751e8b465ee728b) (PreviewImporter) -> (artifact id: '3a7f2a6131b1fa3f29b656e37e1bb607') in 0.1577388 seconds
Number of updated asset objects reloaded before import = 0Number of asset objects unloaded after import = 1

========================================================================
Received Import Request.
  Time since last request: 8.324292 seconds.
  path: Assets/script/fnbar-quicktimeevents-main/nui/script.js
  artifactKey: Guid(86ea7a571a86bd44185d15adf9223799) Importer(815301076,1909f56bfc062723c751e8b465ee728b)
Start importing Assets/script/fnbar-quicktimeevents-main/nui/script.js using Guid(86ea7a571a86bd44185d15adf9223799) Importer(815301076,1909f56bfc062723c751e8b465ee728b) (PreviewImporter) -> (artifact id: 'ef99da1cb7db8cdf8a4ed0ccfd9dfb7c') in 0.0016474 seconds
Number of updated asset objects reloaded before import = 0Number of asset objects unloaded after import = 1

========================================================================
Received Import Request.
  Time since last request: 2.350941 seconds.
  path: Assets/script/fnbar-quicktimeevents-main/nui/style.css
  artifactKey: Guid(bd974cfd941ee1443a711649c332bfe9) Importer(815301076,1909f56bfc062723c751e8b465ee728b)
Start importing Assets/script/fnbar-quicktimeevents-main/nui/style.css using Guid(bd974cfd941ee1443a711649c332bfe9) Importer(815301076,1909f56bfc062723c751e8b465ee728b) (PreviewImporter) -> (artifact id: '328622e66a53795fd797b2d3284f7632') in 0.0018956 seconds
Number of updated asset objects reloaded before import = 0Number of asset objects unloaded after import = 1

========================================================================
Received Import Request.
  Time since last request: 60.668024 seconds.
  path: Assets/script/fnbar-quicktimeevents-main/nui/index.html
  artifactKey: Guid(5ab0732856a771e43af758b89160ea78) Importer(815301076,1909f56bfc062723c751e8b465ee728b)
Start importing Assets/script/fnbar-quicktimeevents-main/nui/index.html using Guid(5ab0732856a771e43af758b89160ea78) Importer(815301076,1909f56bfc062723c751e8b465ee728b) (PreviewImporter) -> (artifact id: '8405c93a21175a70f582da48fd987290') in 0.0038276 seconds
Number of updated asset objects reloaded before import = 0Number of asset objects unloaded after import = 1

========================================================================
Received Import Request.
  Time since last request: 19.049318 seconds.
  path: Assets/script/fnbar-quicktimeevents-main/client.lua
  artifactKey: Guid(cf5d6dfaec8838f41b49226f3cb13426) Importer(815301076,1909f56bfc062723c751e8b465ee728b)
Start importing Assets/script/fnbar-quicktimeevents-main/client.lua using Guid(cf5d6dfaec8838f41b49226f3cb13426) Importer(815301076,1909f56bfc062723c751e8b465ee728b) (PreviewImporter) -> (artifact id: '063905f934ba54f4638c66cb481c2c01') in 0.0022663 seconds
Number of updated asset objects reloaded before import = 0Number of asset objects unloaded after import = 1

========================================================================
Received Import Request.
  Time since last request: 1.123215 seconds.
  path: Assets/script/fnbar-quicktimeevents-main/fxmanifest.lua
  artifactKey: Guid(8976659053530f343b217d988ad2fdfd) Importer(815301076,1909f56bfc062723c751e8b465ee728b)
Start importing Assets/script/fnbar-quicktimeevents-main/fxmanifest.lua using Guid(8976659053530f343b217d988ad2fdfd) Importer(815301076,1909f56bfc062723c751e8b465ee728b) (PreviewImporter) -> (artifact id: '46dfde9fe6952402917332d42a5f05d0') in 0.0024804 seconds
Number of updated asset objects reloaded before import = 0Number of asset objects unloaded after import = 1

========================================================================
Received Import Request.
  Time since last request: 18.797073 seconds.
  path: Assets/script/fnbar-quicktimeevents-main/LICENSE
  artifactKey: Guid(4a6be57d69cfc25429f444310c2aec2f) Importer(815301076,1909f56bfc062723c751e8b465ee728b)
Start importing Assets/script/fnbar-quicktimeevents-main/LICENSE using Guid(4a6be57d69cfc25429f444310c2aec2f) Importer(815301076,1909f56bfc062723c751e8b465ee728b) (PreviewImporter) -> (artifact id: '8882d155573b11952e438d44a5a3bba1') in 0.0051587 seconds
Number of updated asset objects reloaded before import = 0Number of asset objects unloaded after import = 1

========================================================================
Received Import Request.
  Time since last request: 21309.723399 seconds.
  path: Assets/script/QTEEvent.cs
  artifactKey: Guid(3d75c01828357d8499f5042434a0475d) Importer(815301076,1909f56bfc062723c751e8b465ee728b)
Start importing Assets/script/QTEEvent.cs using Guid(3d75c01828357d8499f5042434a0475d) Importer(815301076,1909f56bfc062723c751e8b465ee728b) (PreviewImporter) -> (artifact id: 'c5622802ff90cf287b8b4c677198c16f') in 0.0171549 seconds
Number of updated asset objects reloaded before import = 0Number of asset objects unloaded after import = 0

========================================================================
Received Import Request.
  Time since last request: 3.304230 seconds.
  path: Assets/script/QTEManager.cs
  artifactKey: Guid(4211db11e083a184fb108bcdd8557e0a) Importer(815301076,1909f56bfc062723c751e8b465ee728b)
Start importing Assets/script/QTEManager.cs using Guid(4211db11e083a184fb108bcdd8557e0a) Importer(815301076,1909f56bfc062723c751e8b465ee728b) (PreviewImporter) -> (artifact id: '97e92764ec14d539ed265a762fb6fbb4') in 0.0066447 seconds
Number of updated asset objects reloaded before import = 0Number of asset objects unloaded after import = 0

========================================================================
Received Prepare
Refreshing native plugins compatible for Editor in 1.52 ms, found 3 plugins.
Preloading 0 native plugins for Editor in 0.00 ms.
Unloading 12 Unused Serialized files (Serialized files now loaded: 0)
Unloading 4072 unused Assets / (2.2 MB). Loaded Objects now: 4685.
Memory consumption went from 107.2 MB to 105.0 MB.
Total: 287.886700 ms (FindLiveObjects: 1.766000 ms CreateObjectMapping: 0.343500 ms MarkObjects: 282.291000 ms  DeleteObjects: 3.484100 ms)

Prepare: number of updated asset objects reloaded= 0
========================================================================
Received Prepare
Refreshing native plugins compatible for Editor in 9.91 ms, found 3 plugins.
Preloading 0 native plugins for Editor in 0.00 ms.
Unloading 12 Unused Serialized files (Serialized files now loaded: 0)
Unloading 4072 unused Assets / (3.1 MB). Loaded Objects now: 4685.
Memory consumption went from 107.2 MB to 104.1 MB.
Total: 18.556700 ms (FindLiveObjects: 0.861400 ms CreateObjectMapping: 0.490000 ms MarkObjects: 14.160300 ms  DeleteObjects: 3.042200 ms)

Prepare: number of updated asset objects reloaded= 0
========================================================================
Received Prepare
Refreshing native plugins compatible for Editor in 1.76 ms, found 3 plugins.
Preloading 0 native plugins for Editor in 0.00 ms.
Unloading 12 Unused Serialized files (Serialized files now loaded: 0)
Unloading 4072 unused Assets / (3.2 MB). Loaded Objects now: 4685.
Memory consumption went from 107.2 MB to 104.0 MB.
Total: 13.636000 ms (FindLiveObjects: 0.413400 ms CreateObjectMapping: 0.332600 ms MarkObjects: 9.906600 ms  DeleteObjects: 2.980200 ms)

Prepare: number of updated asset objects reloaded= 0
========================================================================
Received Import Request.
  Time since last request: 305.138136 seconds.
  path: Assets/script/CameraZoom.cs
  artifactKey: Guid(977423bab8c1719479c3709358abef4d) Importer(2089858483,192608db42251d675da83286b1cce702)
Start importing Assets/script/CameraZoom.cs using Guid(977423bab8c1719479c3709358abef4d) Importer(2089858483,192608db42251d675da83286b1cce702) (ScriptedImporter) -> (artifact id: '8a47463d50422a0f357a3991011de798') in 0.8900513 seconds
Number of updated asset objects reloaded before import = 0Number of asset objects unloaded after import = 0

========================================================================
Received Import Request.
  Time since last request: 0.000181 seconds.
  path: Assets/office texture/office_sign_material1_Height.png
  artifactKey: Guid(04681a2e27a63c3438ad94b8535f3112) Importer(2089858483,192608db42251d675da83286b1cce702)
Start importing Assets/office texture/office_sign_material1_Height.png using Guid(04681a2e27a63c3438ad94b8535f3112) Importer(2089858483,192608db42251d675da83286b1cce702) (ScriptedImporter) -> (artifact id: '12c3d33d7a2859592f524e6b79c4a769') in 0.2599989 seconds
Number of updated asset objects reloaded before import = 0Number of asset objects unloaded after import = 1

========================================================================
Received Import Request.
  Time since last request: 0.000035 seconds.
  path: Assets/elevator texture/elevator_door_plaque_material_BaseColor.png
  artifactKey: Guid(b1c79bea122b9e345b6869bce50bec28) Importer(2089858483,192608db42251d675da83286b1cce702)
Start importing Assets/elevator texture/elevator_door_plaque_material_BaseColor.png using Guid(b1c79bea122b9e345b6869bce50bec28) Importer(2089858483,192608db42251d675da83286b1cce702) (ScriptedImporter) -> (artifact id: '08051cbb8a1572e59b3f8cb0cf698630') in 0.0753591 seconds
Number of updated asset objects reloaded before import = 0Number of asset objects unloaded after import = 1

========================================================================
Received Import Request.
  Time since last request: 0.000851 seconds.
  path: Assets/elevator texture/elevator_aiStandardSurface9_Roughness.png
  artifactKey: Guid(a7ae1cb14ed2b204a87d8337f36c2561) Importer(2089858483,192608db42251d675da83286b1cce702)
Start importing Assets/elevator texture/elevator_aiStandardSurface9_Roughness.png using Guid(a7ae1cb14ed2b204a87d8337f36c2561) Importer(2089858483,192608db42251d675da83286b1cce702) (ScriptedImporter) -> (artifact id: '90008a42e767448c92c2ae574f13235e') in 0.0693397 seconds
Number of updated asset objects reloaded before import = 0Number of asset objects unloaded after import = 1

========================================================================
Received Import Request.
  Time since last request: 0.001154 seconds.
  path: Assets/office texture/cardboard_boxes_Metallic.png
  artifactKey: Guid(f9cc2a603f98f984b97e354e28224d8a) Importer(2089858483,192608db42251d675da83286b1cce702)
Start importing Assets/office texture/cardboard_boxes_Metallic.png using Guid(f9cc2a603f98f984b97e354e28224d8a) Importer(2089858483,192608db42251d675da83286b1cce702) (ScriptedImporter) -> (artifact id: '99824e1c7f065c8436cbe209125708c4') in 0.0784786 seconds
Number of updated asset objects reloaded before import = 0Number of asset objects unloaded after import = 1

========================================================================
Received Import Request.
  Time since last request: 0.000034 seconds.
  path: Assets/Elevator hall/Elevator hall_wall_material_Metallic.png
  artifactKey: Guid(f336d6c514693964098c5bf6a6184a8a) Importer(2089858483,192608db42251d675da83286b1cce702)
Start importing Assets/Elevator hall/Elevator hall_wall_material_Metallic.png using Guid(f336d6c514693964098c5bf6a6184a8a) Importer(2089858483,192608db42251d675da83286b1cce702) (ScriptedImporter) -> (artifact id: '613842531d6c26f93e77a6c1cc792414') in 0.0791695 seconds
Number of updated asset objects reloaded before import = 0Number of asset objects unloaded after import = 1

========================================================================
Received Import Request.
  Time since last request: 0.000166 seconds.
  path: Assets/HazCone02.1.png
  artifactKey: Guid(3aad56f8b825f8e4b8da809739ec5f19) Importer(2089858483,192608db42251d675da83286b1cce702)
Start importing Assets/HazCone02.1.png using Guid(3aad56f8b825f8e4b8da809739ec5f19) Importer(2089858483,192608db42251d675da83286b1cce702) (ScriptedImporter) -> (artifact id: '4c7351034335430e8d360f0eb4a0b7a3') in 0.0793632 seconds
Number of updated asset objects reloaded before import = 0Number of asset objects unloaded after import = 1

========================================================================
Received Import Request.
  Time since last request: 0.000044 seconds.
  path: Assets/Materials/elevator-grip_bolt_material1.mat
  artifactKey: Guid(27a0512f26d646d4f9f3d0f13947b8ed) Importer(2089858483,192608db42251d675da83286b1cce702)
Start importing Assets/Materials/elevator-grip_bolt_material1.mat using Guid(27a0512f26d646d4f9f3d0f13947b8ed) Importer(2089858483,192608db42251d675da83286b1cce702) (ScriptedImporter) -> (artifact id: '541a126eca8a120b8264aa1faa7465bb') in 0.2694671 seconds
Number of updated asset objects reloaded before import = 0Number of asset objects unloaded after import = 5

========================================================================
Received Import Request.
  Time since last request: 0.000206 seconds.
  path: Assets/Elevator hall/Elevator hall_door_material_Height.png
  artifactKey: Guid(1ff2aa6a0595f26438b25105dd78d3ef) Importer(2089858483,192608db42251d675da83286b1cce702)
Start importing Assets/Elevator hall/Elevator hall_door_material_Height.png using Guid(1ff2aa6a0595f26438b25105dd78d3ef) Importer(2089858483,192608db42251d675da83286b1cce702) (ScriptedImporter) -> (artifact id: '1e88180b2d7002f717f53b276f5f3c4b') in 0.0681043 seconds
Number of updated asset objects reloaded before import = 0Number of asset objects unloaded after import = 1

========================================================================
Received Import Request.
  Time since last request: 0.000191 seconds.
  path: Assets/office texture/office_chair_material1_Metallic_Raw_ACEScg.png.tx
  artifactKey: Guid(2bf42e1c8aa068843b6e2d8de03ba222) Importer(2089858483,192608db42251d675da83286b1cce702)
Start importing Assets/office texture/office_chair_material1_Metallic_Raw_ACEScg.png.tx using Guid(2bf42e1c8aa068843b6e2d8de03ba222) Importer(2089858483,192608db42251d675da83286b1cce702) (ScriptedImporter) -> (artifact id: '9194b5fc1e6fb233a7a0187bd48b9026') in 0.0313445 seconds
Number of updated asset objects reloaded before import = 0Number of asset objects unloaded after import = 1

========================================================================
Received Import Request.
  Time since last request: 0.000038 seconds.
  path: Assets/office texture/office_photo_material_BaseColor.png
  artifactKey: Guid(f9bc15162f6ca9a4d957d080aae46450) Importer(2089858483,192608db42251d675da83286b1cce702)
Start importing Assets/office texture/office_photo_material_BaseColor.png using Guid(f9bc15162f6ca9a4d957d080aae46450) Importer(2089858483,192608db42251d675da83286b1cce702) (ScriptedImporter) -> (artifact id: '7f88d0c22613f74677823c985995427e') in 0.0698948 seconds
Number of updated asset objects reloaded before import = 0Number of asset objects unloaded after import = 1

========================================================================
Received Import Request.
  Time since last request: 0.000039 seconds.
  path: Assets/Materials/vending_machine_glass1.mat
  artifactKey: Guid(3a758970dcd38b94e908fc3ef2bcd231) Importer(2089858483,192608db42251d675da83286b1cce702)
Start importing Assets/Materials/vending_machine_glass1.mat using Guid(3a758970dcd38b94e908fc3ef2bcd231) Importer(2089858483,192608db42251d675da83286b1cce702) (ScriptedImporter) -> (artifact id: '89d0dd956e932cd7858ee720c972afa8') in 0.0828588 seconds
Number of updated asset objects reloaded before import = 0Number of asset objects unloaded after import = 2

========================================================================
Received Import Request.
  Time since last request: 0.000054 seconds.
  path: Assets/_Recovery/0.unity
  artifactKey: Guid(6c7e8a86608850f468aecbcab1160d55) Importer(2089858483,192608db42251d675da83286b1cce702)
Start importing Assets/_Recovery/0.unity using Guid(6c7e8a86608850f468aecbcab1160d55) Importer(2089858483,192608db42251d675da83286b1cce702) (ScriptedImporter) -> (artifact id: 'a24ba9c705938801c70db0b988f26171') in 0.0652122 seconds
Number of updated asset objects reloaded before import = 0Number of asset objects unloaded after import = 1

========================================================================
Received Import Request.
  Time since last request: 0.000222 seconds.
  path: Assets/office texture/office_elevator_frame_BaseColor.png
  artifactKey: Guid(8a9b93db0f1379347afdf6dca7a56cf3) Importer(2089858483,192608db42251d675da83286b1cce702)
Start importing Assets/office texture/office_elevator_frame_BaseColor.png using Guid(8a9b93db0f1379347afdf6dca7a56cf3) Importer(2089858483,192608db42251d675da83286b1cce702) (ScriptedImporter) -> (artifact id: '22580185d1904114848ea978358e7672') in 0.0507901 seconds
Number of updated asset objects reloaded before import = 0Number of asset objects unloaded after import = 1

========================================================================
Received Import Request.
  Time since last request: 0.000139 seconds.
  path: Assets/office texture/office_window_material_BaseColor_sRGB_ACEScg.png.tx
  artifactKey: Guid(7bf3f1c12a021ce46a1bf75a7e18316e) Importer(2089858483,192608db42251d675da83286b1cce702)
Start importing Assets/office texture/office_window_material_BaseColor_sRGB_ACEScg.png.tx using Guid(7bf3f1c12a021ce46a1bf75a7e18316e) Importer(2089858483,192608db42251d675da83286b1cce702) (ScriptedImporter) -> (artifact id: '31ef05c5f28b26ad566aefc39f9662d3') in 0.0348562 seconds
Number of updated asset objects reloaded before import = 0Number of asset objects unloaded after import = 1

========================================================================
Received Import Request.
  Time since last request: 0.000031 seconds.
  path: Assets/elevator texture/elevator_floor_material_Metallic.png
  artifactKey: Guid(59d80ca8946d11f4cbeffeddd47dc826) Importer(2089858483,192608db42251d675da83286b1cce702)
Start importing Assets/elevator texture/elevator_floor_material_Metallic.png using Guid(59d80ca8946d11f4cbeffeddd47dc826) Importer(2089858483,192608db42251d675da83286b1cce702) (ScriptedImporter) -> (artifact id: '023b19d0027b24c1ee5a7740197739d9') in 0.0689903 seconds
Number of updated asset objects reloaded before import = 0Number of asset objects unloaded after import = 1

========================================================================
Received Import Request.
  Time since last request: 0.000293 seconds.
  path: Assets/office texture/office_rug_material_BaseColor.png
  artifactKey: Guid(ad20f6e3d6c9542409ceff6abfc6fd43) Importer(2089858483,192608db42251d675da83286b1cce702)
Start importing Assets/office texture/office_rug_material_BaseColor.png using Guid(ad20f6e3d6c9542409ceff6abfc6fd43) Importer(2089858483,192608db42251d675da83286b1cce702) (ScriptedImporter) -> (artifact id: 'dfe93ab1021ecbf53200453d0017a5e4') in 0.0738931 seconds
Number of updated asset objects reloaded before import = 0Number of asset objects unloaded after import = 1

========================================================================
Received Import Request.
  Time since last request: 0.000041 seconds.
  path: Assets/office texture/office_chair_material1_Metallic.png
  artifactKey: Guid(b19ee5a976b69514a814ae0823b058c6) Importer(2089858483,192608db42251d675da83286b1cce702)
Start importing Assets/office texture/office_chair_material1_Metallic.png using Guid(b19ee5a976b69514a814ae0823b058c6) Importer(2089858483,192608db42251d675da83286b1cce702) (ScriptedImporter) -> (artifact id: 'ea7d97dc48f0fbe5c03ed1220cd6bb38') in 0.0702512 seconds
Number of updated asset objects reloaded before import = 0Number of asset objects unloaded after import = 1

========================================================================
Received Import Request.
  Time since last request: 0.000185 seconds.
  path: Assets/elevator texture/elevator_elevator_door_2_material_Normal.png
  artifactKey: Guid(4a7e397c23d048f4fb4635c079af2973) Importer(2089858483,192608db42251d675da83286b1cce702)
Start importing Assets/elevator texture/elevator_elevator_door_2_material_Normal.png using Guid(4a7e397c23d048f4fb4635c079af2973) Importer(2089858483,192608db42251d675da83286b1cce702) (ScriptedImporter) -> (artifact id: '5818535781f5a0ed84e5644639aac623') in 0.0760366 seconds
Number of updated asset objects reloaded before import = 0Number of asset objects unloaded after import = 1

========================================================================
Received Import Request.
  Time since last request: 0.000228 seconds.
  path: Assets/cone.mat
  artifactKey: Guid(79cf854c87a31b44788d176a44a5bbea) Importer(2089858483,192608db42251d675da83286b1cce702)
Start importing Assets/cone.mat using Guid(79cf854c87a31b44788d176a44a5bbea) Importer(2089858483,192608db42251d675da83286b1cce702) (ScriptedImporter) -> (artifact id: '55483f797dfab04f79645da5aee8385f') in 0.0898528 seconds
Number of updated asset objects reloaded before import = 0Number of asset objects unloaded after import = 2

========================================================================
Received Import Request.
  Time since last request: 0.000091 seconds.
  path: Assets/elevator texture/elevator_phone_doot_material_Roughness.png
  artifactKey: Guid(0077a7a7fdc9c054ea3832b95fbd6c2f) Importer(2089858483,192608db42251d675da83286b1cce702)
Start importing Assets/elevator texture/elevator_phone_doot_material_Roughness.png using Guid(0077a7a7fdc9c054ea3832b95fbd6c2f) Importer(2089858483,192608db42251d675da83286b1cce702) (ScriptedImporter) -> (artifact id: '5fc236cb2cf7fb94f12c4228b6ae7926') in 0.0859056 seconds
Number of updated asset objects reloaded before import = 0Number of asset objects unloaded after import = 1

========================================================================
Received Import Request.
  Time since last request: 0.000763 seconds.
  path: Assets/Materials/elevator-aiStandardSurface10.mat
  artifactKey: Guid(872391e9e04d40e408a541cf2fda1606) Importer(2089858483,192608db42251d675da83286b1cce702)
Start importing Assets/Materials/elevator-aiStandardSurface10.mat using Guid(872391e9e04d40e408a541cf2fda1606) Importer(2089858483,192608db42251d675da83286b1cce702) (ScriptedImporter) -> (artifact id: 'e758177cdc5b60ae44a87045766fce95') in 0.1005226 seconds
Number of updated asset objects reloaded before import = 0Number of asset objects unloaded after import = 5

========================================================================
Received Import Request.
  Time since last request: 0.000043 seconds.
  path: Assets/office texture/office_rug_2_material_Normal.png
  artifactKey: Guid(f61dd407373ee6947aff366c9576d103) Importer(2089858483,192608db42251d675da83286b1cce702)
Start importing Assets/office texture/office_rug_2_material_Normal.png using Guid(f61dd407373ee6947aff366c9576d103) Importer(2089858483,192608db42251d675da83286b1cce702) (ScriptedImporter) -> (artifact id: '2387050ef18062efc8ffcd4c1a4696c9') in 0.0717966 seconds
Number of updated asset objects reloaded before import = 0Number of asset objects unloaded after import = 1

========================================================================
Received Import Request.
  Time since last request: 0.000085 seconds.
  path: Assets/office texture/office_frame_material_BaseColor.png
  artifactKey: Guid(7286b910314c99e479e1fb83c2e2fdd6) Importer(2089858483,192608db42251d675da83286b1cce702)
Start importing Assets/office texture/office_frame_material_BaseColor.png using Guid(7286b910314c99e479e1fb83c2e2fdd6) Importer(2089858483,192608db42251d675da83286b1cce702) (ScriptedImporter) -> (artifact id: 'c5aeb3873baa6bbaae145a6d7c623dfd') in 0.0612546 seconds
Number of updated asset objects reloaded before import = 0Number of asset objects unloaded after import = 1

========================================================================
Received Import Request.
  Time since last request: 0.000030 seconds.
  path: Assets/elevator texture/elevator_elevator_door_1_material_Roughness.png
  artifactKey: Guid(e916fb1df8e33de4b839a9e0a6785f55) Importer(2089858483,192608db42251d675da83286b1cce702)
Start importing Assets/elevator texture/elevator_elevator_door_1_material_Roughness.png using Guid(e916fb1df8e33de4b839a9e0a6785f55) Importer(2089858483,192608db42251d675da83286b1cce702) (ScriptedImporter) -> (artifact id: '9e1cf9a0e715e979b8cf9ae6d76a041f') in 0.0675201 seconds
Number of updated asset objects reloaded before import = 0Number of asset objects unloaded after import = 1

========================================================================
Received Import Request.
  Time since last request: 0.000154 seconds.
  path: Assets/office texture/office_elevator_door1_Normal_Raw_ACEScg.png.tx
  artifactKey: Guid(af97d6cb3e46e2e48919fbdaea1273b5) Importer(2089858483,192608db42251d675da83286b1cce702)
Start importing Assets/office texture/office_elevator_door1_Normal_Raw_ACEScg.png.tx using Guid(af97d6cb3e46e2e48919fbdaea1273b5) Importer(2089858483,192608db42251d675da83286b1cce702) (ScriptedImporter) -> (artifact id: '7e01aa8780006eee4c766b6c30f209e7') in 0.0282977 seconds
Number of updated asset objects reloaded before import = 0Number of asset objects unloaded after import = 1

========================================================================
Received Import Request.
  Time since last request: 0.000044 seconds.
  path: Assets/Main Camera Profile.asset
  artifactKey: Guid(97c81450bc30d834d8ebf9fe7a201745) Importer(2089858483,192608db42251d675da83286b1cce702)
Start importing Assets/Main Camera Profile.asset using Guid(97c81450bc30d834d8ebf9fe7a201745) Importer(2089858483,192608db42251d675da83286b1cce702) (ScriptedImporter) -> (artifact id: '2877309d40c504567c7aaf7aa3d81f2e') in 0.1486671 seconds
Number of updated asset objects reloaded before import = 0Number of asset objects unloaded after import = 7

========================================================================
Received Import Request.
  Time since last request: 0.000144 seconds.
  path: Assets/elevator texture/elevator_screen_material_Height.png
  artifactKey: Guid(66c00776b56a9874e8c480c6a652d98a) Importer(2089858483,192608db42251d675da83286b1cce702)
Start importing Assets/elevator texture/elevator_screen_material_Height.png using Guid(66c00776b56a9874e8c480c6a652d98a) Importer(2089858483,192608db42251d675da83286b1cce702) (ScriptedImporter) -> (artifact id: '2d4c7bd2582f28b7d20d666e86a2ffbe') in 0.0713526 seconds
Number of updated asset objects reloaded before import = 0Number of asset objects unloaded after import = 1

========================================================================
Received Import Request.
  Time since last request: 0.000218 seconds.
  path: Assets/office texture/office_floor_material_Metallic.png
  artifactKey: Guid(3182be8172ea37c4ea85d7a7be3d8007) Importer(2089858483,192608db42251d675da83286b1cce702)
Start importing Assets/office texture/office_floor_material_Metallic.png using Guid(3182be8172ea37c4ea85d7a7be3d8007) Importer(2089858483,192608db42251d675da83286b1cce702) (ScriptedImporter) -> (artifact id: '3913f7e5dac3f0fa7dca31b844bb4653') in 0.0529748 seconds
Number of updated asset objects reloaded before import = 0Number of asset objects unloaded after import = 1

========================================================================
Received Import Request.
  Time since last request: 0.000878 seconds.
  path: Assets/office texture/office_tv_material_Normal_Raw_ACEScg.png.tx
  artifactKey: Guid(417fa2eb1c1b4df42b2fd05fa5e930d4) Importer(2089858483,192608db42251d675da83286b1cce702)
Start importing Assets/office texture/office_tv_material_Normal_Raw_ACEScg.png.tx using Guid(417fa2eb1c1b4df42b2fd05fa5e930d4) Importer(2089858483,192608db42251d675da83286b1cce702) (ScriptedImporter) -> (artifact id: 'bae745a2797c7eb359851f062b4b6fd4') in 0.0281455 seconds
Number of updated asset objects reloaded before import = 0Number of asset objects unloaded after import = 1

========================================================================
Received Import Request.
  Time since last request: 0.000043 seconds.
  path: Assets/office texture/office_sign_material1_BaseColor.png
  artifactKey: Guid(7b948668de2fc60479d254366d4e9ea2) Importer(2089858483,192608db42251d675da83286b1cce702)
Start importing Assets/office texture/office_sign_material1_BaseColor.png using Guid(7b948668de2fc60479d254366d4e9ea2) Importer(2089858483,192608db42251d675da83286b1cce702) (ScriptedImporter) -> (artifact id: 'da740038b69229754d8fb4d24f19d908') in 0.0607376 seconds
Number of updated asset objects reloaded before import = 0Number of asset objects unloaded after import = 1

========================================================================
Received Import Request.
  Time since last request: 0.000304 seconds.
  path: Assets/elevator texture/elevator_grip_bolt_material_Height.png
  artifactKey: Guid(40682530a06799c4685eff1240e43aaa) Importer(2089858483,192608db42251d675da83286b1cce702)
Start importing Assets/elevator texture/elevator_grip_bolt_material_Height.png using Guid(40682530a06799c4685eff1240e43aaa) Importer(2089858483,192608db42251d675da83286b1cce702) (ScriptedImporter) -> (artifact id: 'b513a4b7112fe481e6ac212c189a40d2') in 0.0689431 seconds
Number of updated asset objects reloaded before import = 0Number of asset objects unloaded after import = 1

========================================================================
Received Prepare
Refreshing native plugins compatible for Editor in 2.10 ms, found 3 plugins.
Preloading 0 native plugins for Editor in 0.00 ms.
Unloading 12 Unused Serialized files (Serialized files now loaded: 0)
Unloading 4073 unused Assets / (2.6 MB). Loaded Objects now: 4686.
Memory consumption went from 107.5 MB to 104.9 MB.
Total: 27.483700 ms (FindLiveObjects: 0.547200 ms CreateObjectMapping: 0.502400 ms MarkObjects: 21.462800 ms  DeleteObjects: 4.968500 ms)

Prepare: number of updated asset objects reloaded= 0
========================================================================
Received Import Request.
  Time since last request: 0.757607 seconds.
  path: Assets/Materials/keyhole_material.mat
  artifactKey: Guid(84de162d1636f0e4a9706857d85583b5) Importer(2089858483,192608db42251d675da83286b1cce702)
Start importing Assets/Materials/keyhole_material.mat using Guid(84de162d1636f0e4a9706857d85583b5) Importer(2089858483,192608db42251d675da83286b1cce702) (ScriptedImporter) -> (artifact id: 'bcef723cecbfbd768b0c70f4ce1869b7') in 0.1232977 seconds
Number of updated asset objects reloaded before import = 0Number of asset objects unloaded after import = 4

========================================================================
Received Import Request.
  Time since last request: 0.000045 seconds.
  path: Assets/elevator texture/elevator_wall_material_Metallic.png
  artifactKey: Guid(0ba5be11b2073774f84c6c641cd60521) Importer(2089858483,192608db42251d675da83286b1cce702)
Start importing Assets/elevator texture/elevator_wall_material_Metallic.png using Guid(0ba5be11b2073774f84c6c641cd60521) Importer(2089858483,192608db42251d675da83286b1cce702) (ScriptedImporter) -> (artifact id: '22826b97ed8d6e5c764c659a8c1b7403') in 0.063454 seconds
Number of updated asset objects reloaded before import = 0Number of asset objects unloaded after import = 1

========================================================================
Received Import Request.
  Time since last request: 0.000040 seconds.
  path: Assets/script/QTESystem.cs
  artifactKey: Guid(b8f4b23faab25c544a34eba364c502fe) Importer(815301076,1909f56bfc062723c751e8b465ee728b)
Start importing Assets/script/QTESystem.cs using Guid(b8f4b23faab25c544a34eba364c502fe) Importer(815301076,1909f56bfc062723c751e8b465ee728b) (PreviewImporter) -> (artifact id: '322854caba8952f30142034df282a78d') in 0.0052228 seconds
Number of updated asset objects reloaded before import = 0Number of asset objects unloaded after import = 0

========================================================================
Received Import Request.
  Time since last request: 0.000081 seconds.
  path: Assets/office texture/office_key_hole_material_BaseColor.png
  artifactKey: Guid(aa86993b33d895845b49eccc3f7dcd3e) Importer(2089858483,192608db42251d675da83286b1cce702)
Start importing Assets/office texture/office_key_hole_material_BaseColor.png using Guid(aa86993b33d895845b49eccc3f7dcd3e) Importer(2089858483,192608db42251d675da83286b1cce702) (ScriptedImporter) -> (artifact id: 'c3bf2971b2395827a8975bb94e2e67ce') in 0.0789076 seconds
Number of updated asset objects reloaded before import = 0Number of asset objects unloaded after import = 1

========================================================================
Received Import Request.
  Time since last request: 0.000247 seconds.
  path: Assets/Materials/office-door_material1.mat
  artifactKey: Guid(d1e9af42ea36fc442864c93a349afb45) Importer(2089858483,192608db42251d675da83286b1cce702)
Start importing Assets/Materials/office-door_material1.mat using Guid(d1e9af42ea36fc442864c93a349afb45) Importer(2089858483,192608db42251d675da83286b1cce702) (ScriptedImporter) -> (artifact id: 'eef4e9f06885f62745736c44c449acfd') in 0.1279321 seconds
Number of updated asset objects reloaded before import = 0Number of asset objects unloaded after import = 5

========================================================================
Received Import Request.
  Time since last request: 0.000040 seconds.
  path: Assets/elevator texture/elevator_screen_material_BaseColor.png
  artifactKey: Guid(58d3636970e8628428b845c9d9c583fc) Importer(2089858483,192608db42251d675da83286b1cce702)
Start importing Assets/elevator texture/elevator_screen_material_BaseColor.png using Guid(58d3636970e8628428b845c9d9c583fc) Importer(2089858483,192608db42251d675da83286b1cce702) (ScriptedImporter) -> (artifact id: 'bf2ece64060f2550bb3fa5302fd1fab0') in 0.0667615 seconds
Number of updated asset objects reloaded before import = 0Number of asset objects unloaded after import = 1

========================================================================
Received Import Request.
  Time since last request: 0.000319 seconds.
  path: Assets/elevator texture/elevator_emergency_button_material_Normal.png
  artifactKey: Guid(a40a14cceb8bc4f46aea4f5a2e6c3ae3) Importer(2089858483,192608db42251d675da83286b1cce702)
Start importing Assets/elevator texture/elevator_emergency_button_material_Normal.png using Guid(a40a14cceb8bc4f46aea4f5a2e6c3ae3) Importer(2089858483,192608db42251d675da83286b1cce702) (ScriptedImporter) -> (artifact id: 'd73fcebde60c985a075789882f3fd296') in 0.0659816 seconds
Number of updated asset objects reloaded before import = 0Number of asset objects unloaded after import = 1

========================================================================
Received Import Request.
  Time since last request: 0.000039 seconds.
  path: Assets/Elevator hall/Elevator hall_door_1_material_Normal.png
  artifactKey: Guid(8b4e708e3c0f0ba45be0c0eb5b1fe809) Importer(2089858483,192608db42251d675da83286b1cce702)
Start importing Assets/Elevator hall/Elevator hall_door_1_material_Normal.png using Guid(8b4e708e3c0f0ba45be0c0eb5b1fe809) Importer(2089858483,192608db42251d675da83286b1cce702) (ScriptedImporter) -> (artifact id: 'f19c7dc2e8710fe7c04f71bb796e6682') in 0.0719519 seconds
Number of updated asset objects reloaded before import = 0Number of asset objects unloaded after import = 1

========================================================================
Received Import Request.
  Time since last request: 0.000044 seconds.
  path: Assets/office texture/office_door_material_Roughness_Raw_ACEScg.png.tx
  artifactKey: Guid(06bd924f9d6b8c842b917fb2d913e7ee) Importer(2089858483,192608db42251d675da83286b1cce702)
Start importing Assets/office texture/office_door_material_Roughness_Raw_ACEScg.png.tx using Guid(06bd924f9d6b8c842b917fb2d913e7ee) Importer(2089858483,192608db42251d675da83286b1cce702) (ScriptedImporter) -> (artifact id: '97fd5f5de3035cadff46786b84136ab4') in 0.0347527 seconds
Number of updated asset objects reloaded before import = 0Number of asset objects unloaded after import = 1

========================================================================
Received Import Request.
  Time since last request: 0.000051 seconds.
  path: Assets/office texture/office_table_material_Metallic.png
  artifactKey: Guid(d2228c8c62a2bdb4c9ba1fef52d48e74) Importer(2089858483,192608db42251d675da83286b1cce702)
Start importing Assets/office texture/office_table_material_Metallic.png using Guid(d2228c8c62a2bdb4c9ba1fef52d48e74) Importer(2089858483,192608db42251d675da83286b1cce702) (ScriptedImporter) -> (artifact id: 'f9bb21002a440faabd4ecd2b02a969e2') in 0.0721896 seconds
Number of updated asset objects reloaded before import = 0Number of asset objects unloaded after import = 1

========================================================================
Received Import Request.
  Time since last request: 0.000153 seconds.
  path: Assets/office texture/cardboard_boxes_Normal.png
  artifactKey: Guid(4cb399db182b6214badb3dff70a652f2) Importer(2089858483,192608db42251d675da83286b1cce702)
Start importing Assets/office texture/cardboard_boxes_Normal.png using Guid(4cb399db182b6214badb3dff70a652f2) Importer(2089858483,192608db42251d675da83286b1cce702) (ScriptedImporter) -> (artifact id: '8f3778fc0107503ca857ca1a09800b1b') in 0.0969309 seconds
Number of updated asset objects reloaded before import = 0Number of asset objects unloaded after import = 1

========================================================================
Received Import Request.
  Time since last request: 0.000097 seconds.
  path: Assets/Materials/HazardCone1-HazCone2_groupMat.mat
  artifactKey: Guid(96001decdd62bb747b31c55c6ee1f87d) Importer(2089858483,192608db42251d675da83286b1cce702)
Start importing Assets/Materials/HazardCone1-HazCone2_groupMat.mat using Guid(96001decdd62bb747b31c55c6ee1f87d) Importer(2089858483,192608db42251d675da83286b1cce702) (ScriptedImporter) -> (artifact id: '70e3a35b872dff576393e2c56b9166be') in 0.0551822 seconds
Number of updated asset objects reloaded before import = 0Number of asset objects unloaded after import = 1

========================================================================
Received Import Request.
  Time since last request: 0.000036 seconds.
  path: Assets/office texture/office_wall_material_BaseColor.png
  artifactKey: Guid(47021b642e03b8846a13d846391c7b2d) Importer(2089858483,192608db42251d675da83286b1cce702)
Start importing Assets/office texture/office_wall_material_BaseColor.png using Guid(47021b642e03b8846a13d846391c7b2d) Importer(2089858483,192608db42251d675da83286b1cce702) (ScriptedImporter) -> (artifact id: '2ed8302785b1010f9c51886dfe992f30') in 0.069192 seconds
Number of updated asset objects reloaded before import = 0Number of asset objects unloaded after import = 1

========================================================================
Received Import Request.
  Time since last request: 0.000041 seconds.
  path: Assets/Materials/office-floor_material1.mat
  artifactKey: Guid(2253b645c01dfc8478b1863cf58d11f9) Importer(2089858483,192608db42251d675da83286b1cce702)
Start importing Assets/Materials/office-floor_material1.mat using Guid(2253b645c01dfc8478b1863cf58d11f9) Importer(2089858483,192608db42251d675da83286b1cce702) (ScriptedImporter) -> (artifact id: '7010bc4894fc5b85ef0a95c0fd028a51') in 0.1470936 seconds
Number of updated asset objects reloaded before import = 0Number of asset objects unloaded after import = 5

========================================================================
Received Import Request.
  Time since last request: 0.000050 seconds.
  path: Assets/elevator texture/elevator_grip_material_BaseColor.png
  artifactKey: Guid(68a789a9a7be84848af8151d5b7f2244) Importer(2089858483,192608db42251d675da83286b1cce702)
Start importing Assets/elevator texture/elevator_grip_material_BaseColor.png using Guid(68a789a9a7be84848af8151d5b7f2244) Importer(2089858483,192608db42251d675da83286b1cce702) (ScriptedImporter) -> (artifact id: 'c1a7bd7b82b161fab1b06a5afbec8613') in 0.0836611 seconds
Number of updated asset objects reloaded before import = 0Number of asset objects unloaded after import = 1

========================================================================
Received Import Request.
  Time since last request: 0.000144 seconds.
  path: Assets/office texture/office_plant_material_BaseColor.png
  artifactKey: Guid(0fcbdd18f643a974f8529545104d50fb) Importer(2089858483,192608db42251d675da83286b1cce702)
Start importing Assets/office texture/office_plant_material_BaseColor.png using Guid(0fcbdd18f643a974f8529545104d50fb) Importer(2089858483,192608db42251d675da83286b1cce702) (ScriptedImporter) -> (artifact id: '0a038d29e93bdacfcc107d72072745ff') in 0.0626521 seconds
Number of updated asset objects reloaded before import = 0Number of asset objects unloaded after import = 1

========================================================================
Received Import Request.
  Time since last request: 0.000040 seconds.
  path: Assets/elevator texture/elevator_floor_button_material_Height.png
  artifactKey: Guid(2b6cd7d205978684c875cd373c4e082a) Importer(2089858483,192608db42251d675da83286b1cce702)
Start importing Assets/elevator texture/elevator_floor_button_material_Height.png using Guid(2b6cd7d205978684c875cd373c4e082a) Importer(2089858483,192608db42251d675da83286b1cce702) (ScriptedImporter) -> (artifact id: 'cd693cbf0cba182470ea8a952246bd33') in 0.0736447 seconds
Number of updated asset objects reloaded before import = 0Number of asset objects unloaded after import = 1

========================================================================
Received Import Request.
  Time since last request: 0.000042 seconds.
  path: Assets/office texture/office_vending_machine_material_Metallic.png
  artifactKey: Guid(a56db1bae7460fc4486f55e128b4c30c) Importer(2089858483,192608db42251d675da83286b1cce702)
Start importing Assets/office texture/office_vending_machine_material_Metallic.png using Guid(a56db1bae7460fc4486f55e128b4c30c) Importer(2089858483,192608db42251d675da83286b1cce702) (ScriptedImporter) -> (artifact id: '1a7c3c9c369fd237cff8f0e86d192889') in 0.0691377 seconds
Number of updated asset objects reloaded before import = 0Number of asset objects unloaded after import = 1

========================================================================
Received Import Request.
  Time since last request: 0.000122 seconds.
  path: Assets/office texture/office_elevator_frame_Height.png
  artifactKey: Guid(291091ebf2b345d42a69faf33e352b3a) Importer(2089858483,192608db42251d675da83286b1cce702)
Start importing Assets/office texture/office_elevator_frame_Height.png using Guid(291091ebf2b345d42a69faf33e352b3a) Importer(2089858483,192608db42251d675da83286b1cce702) (ScriptedImporter) -> (artifact id: '9a6a200fccdd4978b11e404579fc2946') in 0.1012761 seconds
Number of updated asset objects reloaded before import = 0Number of asset objects unloaded after import = 1

========================================================================
Received Import Request.
  Time since last request: 0.000039 seconds.
  path: Assets/office texture/cardboard_boxes_Roughness.png
  artifactKey: Guid(eb64597282828a846a55f0c47e3f1719) Importer(2089858483,192608db42251d675da83286b1cce702)
Start importing Assets/office texture/cardboard_boxes_Roughness.png using Guid(eb64597282828a846a55f0c47e3f1719) Importer(2089858483,192608db42251d675da83286b1cce702) (ScriptedImporter) -> (artifact id: 'ca23f7495429d6ebf55ac438bf53ec77') in 0.1963597 seconds
Number of updated asset objects reloaded before import = 0Number of asset objects unloaded after import = 1

========================================================================
Received Import Request.
  Time since last request: 0.000045 seconds.
  path: Assets/office texture/office_window_material_Metallic.png
  artifactKey: Guid(f01aa1a18c46e3d41a7f3f81d31c6fe4) Importer(2089858483,192608db42251d675da83286b1cce702)
Start importing Assets/office texture/office_window_material_Metallic.png using Guid(f01aa1a18c46e3d41a7f3f81d31c6fe4) Importer(2089858483,192608db42251d675da83286b1cce702) (ScriptedImporter) -> (artifact id: '14aef3b7cd1e972771c8796dbef43ce0') in 0.0871581 seconds
Number of updated asset objects reloaded before import = 0Number of asset objects unloaded after import = 1

========================================================================
Received Import Request.
  Time since last request: 0.000153 seconds.
  path: Assets/office texture/office_vending_machine_material_Height.png
  artifactKey: Guid(2b1edeedae7a6be4ebc5eb25bb651a6d) Importer(2089858483,192608db42251d675da83286b1cce702)
Start importing Assets/office texture/office_vending_machine_material_Height.png using Guid(2b1edeedae7a6be4ebc5eb25bb651a6d) Importer(2089858483,192608db42251d675da83286b1cce702) (ScriptedImporter) -> (artifact id: 'c451e5491202e3ac2761094e10ec9219') in 0.1106421 seconds
Number of updated asset objects reloaded before import = 0Number of asset objects unloaded after import = 1

========================================================================
Received Import Request.
  Time since last request: 0.000046 seconds.
  path: Assets/Materials/Elevator hall-wall_material.mat
  artifactKey: Guid(dddf94cba28a38a4e841be021cb78377) Importer(2089858483,192608db42251d675da83286b1cce702)
Start importing Assets/Materials/Elevator hall-wall_material.mat using Guid(dddf94cba28a38a4e841be021cb78377) Importer(2089858483,192608db42251d675da83286b1cce702) (ScriptedImporter) -> (artifact id: 'be130b59dec5fbedb4e6cf8ffa42683c') in 0.0603437 seconds
Number of updated asset objects reloaded before import = 0Number of asset objects unloaded after import = 1

========================================================================
Received Import Request.
  Time since last request: 0.000553 seconds.
  path: Assets/elevator texture/elevator_door_plaque_material_Height.png
  artifactKey: Guid(c040be1424c0ed54c9d73452b1eec67b) Importer(2089858483,192608db42251d675da83286b1cce702)
Start importing Assets/elevator texture/elevator_door_plaque_material_Height.png using Guid(c040be1424c0ed54c9d73452b1eec67b) Importer(2089858483,192608db42251d675da83286b1cce702) (ScriptedImporter) -> (artifact id: 'eeb71f78abb115fc6a06861d79127e88') in 0.08378 seconds
Number of updated asset objects reloaded before import = 0Number of asset objects unloaded after import = 1

========================================================================
Received Import Request.
  Time since last request: 0.000051 seconds.
  path: Assets/office texture/office_floor_material_Roughness_Raw_ACEScg.png.tx
  artifactKey: Guid(bc1ac06fba1ba0345baccc0a5917352b) Importer(2089858483,192608db42251d675da83286b1cce702)
Start importing Assets/office texture/office_floor_material_Roughness_Raw_ACEScg.png.tx using Guid(bc1ac06fba1ba0345baccc0a5917352b) Importer(2089858483,192608db42251d675da83286b1cce702) (ScriptedImporter) -> (artifact id: '6ddd6732af42fe09ec9158c7c1765098') in 0.0423514 seconds
Number of updated asset objects reloaded before import = 0Number of asset objects unloaded after import = 1

========================================================================
Received Import Request.
  Time since last request: 0.000050 seconds.
  path: Assets/Materials/elevator_door2.mat
  artifactKey: Guid(1fa36225271a9834690bbcf32b90a999) Importer(2089858483,192608db42251d675da83286b1cce702)
Start importing Assets/Materials/elevator_door2.mat using Guid(1fa36225271a9834690bbcf32b90a999) Importer(2089858483,192608db42251d675da83286b1cce702) (ScriptedImporter) -> (artifact id: 'c0b698160e52bd3b224bb4c8995fea1c') in 0.1392731 seconds
Number of updated asset objects reloaded before import = 0Number of asset objects unloaded after import = 4

========================================================================
Received Import Request.
  Time since last request: 0.000045 seconds.
  path: Assets/elevator texture/elevator_wall_material_Normal.png
  artifactKey: Guid(06425745ffcd8e34088c28270d9067be) Importer(2089858483,192608db42251d675da83286b1cce702)
Start importing Assets/elevator texture/elevator_wall_material_Normal.png using Guid(06425745ffcd8e34088c28270d9067be) Importer(2089858483,192608db42251d675da83286b1cce702) (ScriptedImporter) -> (artifact id: 'e120cf823167afce11c05b58bdbd5adc') in 0.0776485 seconds
Number of updated asset objects reloaded before import = 0Number of asset objects unloaded after import = 1

========================================================================
Received Import Request.
  Time since last request: 0.000052 seconds.
  path: Assets/script/CameraTrigger.cs
  artifactKey: Guid(f7afa9b7d752ea84a966bfab37edcd53) Importer(2089858483,192608db42251d675da83286b1cce702)
Start importing Assets/script/CameraTrigger.cs using Guid(f7afa9b7d752ea84a966bfab37edcd53) Importer(2089858483,192608db42251d675da83286b1cce702) (ScriptedImporter) -> (artifact id: 'cf7655bc83b692247db2969dc3708b6f') in 0.0378168 seconds
Number of updated asset objects reloaded before import = 0Number of asset objects unloaded after import = 0

========================================================================
Received Import Request.
  Time since last request: 0.000168 seconds.
  path: Assets/elevator texture/elevator_elevator_door_1_material_Metallic.png
  artifactKey: Guid(c60ebfcc935d5bc41a88152127173729) Importer(2089858483,192608db42251d675da83286b1cce702)
Start importing Assets/elevator texture/elevator_elevator_door_1_material_Metallic.png using Guid(c60ebfcc935d5bc41a88152127173729) Importer(2089858483,192608db42251d675da83286b1cce702) (ScriptedImporter) -> (artifact id: '8d240149d9c2428afd3f2a67ca8b4e19') in 0.0850687 seconds
Number of updated asset objects reloaded before import = 0Number of asset objects unloaded after import = 1

========================================================================
Received Import Request.
  Time since last request: 0.000037 seconds.
  path: Assets/office texture/office_mail_box_material_Metallic.png
  artifactKey: Guid(1cd204ce8119ee941b61ea69ad392ac4) Importer(2089858483,192608db42251d675da83286b1cce702)
Start importing Assets/office texture/office_mail_box_material_Metallic.png using Guid(1cd204ce8119ee941b61ea69ad392ac4) Importer(2089858483,192608db42251d675da83286b1cce702) (ScriptedImporter) -> (artifact id: 'fb89475a249a78f80fef527c88d5596c') in 0.0783353 seconds
Number of updated asset objects reloaded before import = 0Number of asset objects unloaded after import = 1

========================================================================
Received Import Request.
  Time since last request: 0.000035 seconds.
  path: Assets/office texture/office_chair_material1_Roughness.png
  artifactKey: Guid(12b2bfe6dd6d3864c91c2edbef9cae08) Importer(2089858483,192608db42251d675da83286b1cce702)
Start importing Assets/office texture/office_chair_material1_Roughness.png using Guid(12b2bfe6dd6d3864c91c2edbef9cae08) Importer(2089858483,192608db42251d675da83286b1cce702) (ScriptedImporter) -> (artifact id: '2e6dc1b90a9a0144813ff239d780bfba') in 0.0675475 seconds
Number of updated asset objects reloaded before import = 0Number of asset objects unloaded after import = 1

========================================================================
Received Import Request.
  Time since last request: 0.000052 seconds.
  path: Assets/Materials/office-rug_2_material1.mat
  artifactKey: Guid(3f3c76e0152b05541b8e788c7df673be) Importer(2089858483,192608db42251d675da83286b1cce702)
Start importing Assets/Materials/office-rug_2_material1.mat using Guid(3f3c76e0152b05541b8e788c7df673be) Importer(2089858483,192608db42251d675da83286b1cce702) (ScriptedImporter) -> (artifact id: 'bacc764a62d42200f50e23880dae4cb0') in 0.1090052 seconds
Number of updated asset objects reloaded before import = 0Number of asset objects unloaded after import = 5

========================================================================
Received Import Request.
  Time since last request: 0.000051 seconds.
  path: Assets/Materials/Elevator hall-door_1_material.mat
  artifactKey: Guid(d7a7a428135bcc648ae7a7c2eb9a5cbf) Importer(2089858483,192608db42251d675da83286b1cce702)
Start importing Assets/Materials/Elevator hall-door_1_material.mat using Guid(d7a7a428135bcc648ae7a7c2eb9a5cbf) Importer(2089858483,192608db42251d675da83286b1cce702) (ScriptedImporter) -> (artifact id: 'bd3961a621ea00d5d82f8c6a87461f6b') in 0.0550619 seconds
Number of updated asset objects reloaded before import = 0Number of asset objects unloaded after import = 1

========================================================================
Received Import Request.
  Time since last request: 0.000079 seconds.
  path: Assets/elevator_wall_material_BaseColor.png
  artifactKey: Guid(c0f8527efad33424a985a2a86e57f1b4) Importer(2089858483,192608db42251d675da83286b1cce702)
Start importing Assets/elevator_wall_material_BaseColor.png using Guid(c0f8527efad33424a985a2a86e57f1b4) Importer(2089858483,192608db42251d675da83286b1cce702) (ScriptedImporter) -> (artifact id: '8c89d3c2f4669b6ad44ca5b35f8726b9') in 0.0442517 seconds
Number of updated asset objects reloaded before import = 0Number of asset objects unloaded after import = 1

========================================================================
Received Import Request.
  Time since last request: 0.000107 seconds.
  path: Assets/office texture/office_elevator_frame_Roughness.png
  artifactKey: Guid(ad85e494487a61943b45d2f162a4915f) Importer(2089858483,192608db42251d675da83286b1cce702)
Start importing Assets/office texture/office_elevator_frame_Roughness.png using Guid(ad85e494487a61943b45d2f162a4915f) Importer(2089858483,192608db42251d675da83286b1cce702) (ScriptedImporter) -> (artifact id: '2dc8f588cf8c4672b1d291a2bcc8a803') in 0.0425775 seconds
Number of updated asset objects reloaded before import = 0Number of asset objects unloaded after import = 1

========================================================================
Received Import Request.
  Time since last request: 0.000036 seconds.
  path: Assets/office texture/office_table_material_Roughness_Raw_ACEScg.png.tx
  artifactKey: Guid(f9b6131445da96147b7071223b620c17) Importer(2089858483,192608db42251d675da83286b1cce702)
Start importing Assets/office texture/office_table_material_Roughness_Raw_ACEScg.png.tx using Guid(f9b6131445da96147b7071223b620c17) Importer(2089858483,192608db42251d675da83286b1cce702) (ScriptedImporter) -> (artifact id: '731df557536ae840b5c912fbf3b8105b') in 0.0380481 seconds
Number of updated asset objects reloaded before import = 0Number of asset objects unloaded after import = 1

========================================================================
Received Import Request.
  Time since last request: 0.000168 seconds.
  path: Assets/Bicycle.obj
  artifactKey: Guid(208d69edc2df4164e9cc5ae150af0b56) Importer(2089858483,192608db42251d675da83286b1cce702)
Start importing Assets/Bicycle.obj using Guid(208d69edc2df4164e9cc5ae150af0b56) Importer(2089858483,192608db42251d675da83286b1cce702) (ScriptedImporter) -> (artifact id: '3438d6ce3b04bb4196e854a643c87f78') in 0.7845686 seconds
Number of updated asset objects reloaded before import = 0Number of asset objects unloaded after import = 586

========================================================================
Received Import Request.
  Time since last request: 0.000048 seconds.
  path: Assets/office texture/office_key_hole_material_Normal_Raw_ACEScg.png.tx
  artifactKey: Guid(6b801e834887e1c4d8e0c69a3ccaa576) Importer(2089858483,192608db42251d675da83286b1cce702)
Start importing Assets/office texture/office_key_hole_material_Normal_Raw_ACEScg.png.tx using Guid(6b801e834887e1c4d8e0c69a3ccaa576) Importer(2089858483,192608db42251d675da83286b1cce702) (ScriptedImporter) -> (artifact id: '47f4a6df1972258777bb229745db8be9') in 0.0326203 seconds
Number of updated asset objects reloaded before import = 0Number of asset objects unloaded after import = 1

========================================================================
Received Import Request.
  Time since last request: 0.000114 seconds.
  path: Assets/Materials/elevator-screw_material1.mat
  artifactKey: Guid(9e482003fcfc6be40a49e539cd5c79ae) Importer(2089858483,192608db42251d675da83286b1cce702)
Start importing Assets/Materials/elevator-screw_material1.mat using Guid(9e482003fcfc6be40a49e539cd5c79ae) Importer(2089858483,192608db42251d675da83286b1cce702) (ScriptedImporter) -> (artifact id: '393e88d9e5bb686127d572b3d0182ed1') in 0.0707074 seconds
Number of updated asset objects reloaded before import = 0Number of asset objects unloaded after import = 4

========================================================================
Received Import Request.
  Time since last request: 0.000047 seconds.
  path: Assets/elevator texture/elevator_elevator_door_1_metal1_Normal.png
  artifactKey: Guid(536667acd7ad2c4469430ff1b866b6ab) Importer(2089858483,192608db42251d675da83286b1cce702)
Start importing Assets/elevator texture/elevator_elevator_door_1_metal1_Normal.png using Guid(536667acd7ad2c4469430ff1b866b6ab) Importer(2089858483,192608db42251d675da83286b1cce702) (ScriptedImporter) -> (artifact id: 'b044fad5e565dbd625ce52bb8bc6d98a') in 0.1284102 seconds
Number of updated asset objects reloaded before import = 0Number of asset objects unloaded after import = 1

========================================================================
Received Import Request.
  Time since last request: 0.000034 seconds.
  path: Assets/office texture/office_plant_material_Roughness.png
  artifactKey: Guid(5b8718519626c42469d9d56beb995630) Importer(2089858483,192608db42251d675da83286b1cce702)
Start importing Assets/office texture/office_plant_material_Roughness.png using Guid(5b8718519626c42469d9d56beb995630) Importer(2089858483,192608db42251d675da83286b1cce702) (ScriptedImporter) -> (artifact id: '408e0064ab88f743df155337af75246d') in 0.1218568 seconds
Number of updated asset objects reloaded before import = 0Number of asset objects unloaded after import = 1

========================================================================
Received Import Request.
  Time since last request: 0.000041 seconds.
  path: Assets/Materials/Potted_plants.mat
  artifactKey: Guid(9acb6bdc729363d4aaf2851d2d97da09) Importer(2089858483,192608db42251d675da83286b1cce702)
Start importing Assets/Materials/Potted_plants.mat using Guid(9acb6bdc729363d4aaf2851d2d97da09) Importer(2089858483,192608db42251d675da83286b1cce702) (ScriptedImporter) -> (artifact id: 'a2d973e9068f3bb7f13cd63214ffdffd') in 0.1386562 seconds
Number of updated asset objects reloaded before import = 0Number of asset objects unloaded after import = 2

========================================================================
Received Import Request.
  Time since last request: 0.000080 seconds.
  path: Assets/office texture/office_frame_material_Roughness_Raw_ACEScg.png.tx
  artifactKey: Guid(ac84add2ed7527944a23fd7c0bc225c1) Importer(2089858483,192608db42251d675da83286b1cce702)
Start importing Assets/office texture/office_frame_material_Roughness_Raw_ACEScg.png.tx using Guid(ac84add2ed7527944a23fd7c0bc225c1) Importer(2089858483,192608db42251d675da83286b1cce702) (ScriptedImporter) -> (artifact id: 'e32e2b2cf3b4837bb495cf985dd0a70f') in 0.0578269 seconds
Number of updated asset objects reloaded before import = 0Number of asset objects unloaded after import = 1

========================================================================
Received Import Request.
  Time since last request: 0.000050 seconds.
  path: Assets/office texture/office_mail_box_material_Metallic_Raw_ACEScg.png.tx
  artifactKey: Guid(9d357f65d2c4f3d429d3bd850d3601b0) Importer(2089858483,192608db42251d675da83286b1cce702)
Start importing Assets/office texture/office_mail_box_material_Metallic_Raw_ACEScg.png.tx using Guid(9d357f65d2c4f3d429d3bd850d3601b0) Importer(2089858483,192608db42251d675da83286b1cce702) (ScriptedImporter) -> (artifact id: '0d71a6993f50c71bf1ea48c99f11bd88') in 0.1145986 seconds
Number of updated asset objects reloaded before import = 0Number of asset objects unloaded after import = 1

========================================================================
Received Import Request.
  Time since last request: 0.000177 seconds.
  path: Assets/elevator texture/elevator_elevator_door_2_material_BaseColor.png
  artifactKey: Guid(569260b6b552de14bbfea8c477f9dd5a) Importer(2089858483,192608db42251d675da83286b1cce702)
Start importing Assets/elevator texture/elevator_elevator_door_2_material_BaseColor.png using Guid(569260b6b552de14bbfea8c477f9dd5a) Importer(2089858483,192608db42251d675da83286b1cce702) (ScriptedImporter) -> (artifact id: '65599138d18568f0450d5bb7012dbd94') in 0.1164641 seconds
Number of updated asset objects reloaded before import = 0Number of asset objects unloaded after import = 1

========================================================================
Received Import Request.
  Time since last request: 0.000280 seconds.
  path: Assets/trash.mat
  artifactKey: Guid(7e21a4171af1e1a48b298589133ecd6d) Importer(2089858483,192608db42251d675da83286b1cce702)
Start importing Assets/trash.mat using Guid(7e21a4171af1e1a48b298589133ecd6d) Importer(2089858483,192608db42251d675da83286b1cce702) (ScriptedImporter) -> (artifact id: 'db6454ae5fac90c97a63969ca3079fc4') in 0.0617228 seconds
Number of updated asset objects reloaded before import = 0Number of asset objects unloaded after import = 1

========================================================================
Received Import Request.
  Time since last request: 0.000238 seconds.
  path: Assets/Materials/plant_material1.mat
  artifactKey: Guid(9ad6db480908ccf47bb4dca1c2656fef) Importer(2089858483,192608db42251d675da83286b1cce702)
Start importing Assets/Materials/plant_material1.mat using Guid(9ad6db480908ccf47bb4dca1c2656fef) Importer(2089858483,192608db42251d675da83286b1cce702) (ScriptedImporter) -> (artifact id: '2326eb2a63cf03b86907e18f6eac058b') in 0.0783336 seconds
Number of updated asset objects reloaded before import = 0Number of asset objects unloaded after import = 4

========================================================================
Received Import Request.
  Time since last request: 0.000041 seconds.
  path: Assets/Materials/Elevator hall-floro_material.mat
  artifactKey: Guid(827d90c1b35e8ed4791786abfb26baf3) Importer(2089858483,192608db42251d675da83286b1cce702)
Start importing Assets/Materials/Elevator hall-floro_material.mat using Guid(827d90c1b35e8ed4791786abfb26baf3) Importer(2089858483,192608db42251d675da83286b1cce702) (ScriptedImporter) -> (artifact id: 'fbd327d6b9b3b3e752545160975d5fbe') in 0.0870491 seconds
Number of updated asset objects reloaded before import = 0Number of asset objects unloaded after import = 1

========================================================================
Received Import Request.
  Time since last request: 0.000051 seconds.
  path: Assets/office texture/office_door_material_Height.png
  artifactKey: Guid(7c540130d0147de4ba57d0b04f6ad57c) Importer(2089858483,192608db42251d675da83286b1cce702)
Start importing Assets/office texture/office_door_material_Height.png using Guid(7c540130d0147de4ba57d0b04f6ad57c) Importer(2089858483,192608db42251d675da83286b1cce702) (ScriptedImporter) -> (artifact id: '05c7ad64819af3df29a556849707c071') in 0.1061516 seconds
Number of updated asset objects reloaded before import = 0Number of asset objects unloaded after import = 1

========================================================================
Received Import Request.
  Time since last request: 0.000062 seconds.
  path: Assets/office texture/office_rug_material_Metallic_Raw_ACEScg.png.tx
  artifactKey: Guid(11a309e83d0a28b4ca52c382da2fb7a6) Importer(2089858483,192608db42251d675da83286b1cce702)
Start importing Assets/office texture/office_rug_material_Metallic_Raw_ACEScg.png.tx using Guid(11a309e83d0a28b4ca52c382da2fb7a6) Importer(2089858483,192608db42251d675da83286b1cce702) (ScriptedImporter) -> (artifact id: '21a38bf8833403bbd35dc9dd4ee2986b') in 0.0350278 seconds
Number of updated asset objects reloaded before import = 0Number of asset objects unloaded after import = 1

========================================================================
Received Import Request.
  Time since last request: 0.000043 seconds.
  path: Assets/elevator texture/elevator_elevator_door_1_material_Height.png
  artifactKey: Guid(c790ffa9be8c84348a7f4d438ca16b44) Importer(2089858483,192608db42251d675da83286b1cce702)
Start importing Assets/elevator texture/elevator_elevator_door_1_material_Height.png using Guid(c790ffa9be8c84348a7f4d438ca16b44) Importer(2089858483,192608db42251d675da83286b1cce702) (ScriptedImporter) -> (artifact id: '85554bae8c365368c8e57b8befc2aa88') in 0.0960159 seconds
Number of updated asset objects reloaded before import = 0Number of asset objects unloaded after import = 1

========================================================================
Received Import Request.
  Time since last request: 0.000190 seconds.
  path: Assets/elevator texture/elevator_grip_material_Normal.png
  artifactKey: Guid(30f90af807cdd1547ac22956108e6e23) Importer(2089858483,192608db42251d675da83286b1cce702)
Start importing Assets/elevator texture/elevator_grip_material_Normal.png using Guid(30f90af807cdd1547ac22956108e6e23) Importer(2089858483,192608db42251d675da83286b1cce702) (ScriptedImporter) -> (artifact id: '1c0540b6fe16fa80de55dba55fd1a968') in 0.1052706 seconds
Number of updated asset objects reloaded before import = 0Number of asset objects unloaded after import = 1

========================================================================
Received Import Request.
  Time since last request: 0.000107 seconds.
  path: Assets/Materials/box_material.mat
  artifactKey: Guid(a9ea28403cca6644ebef35699349c644) Importer(2089858483,192608db42251d675da83286b1cce702)
Start importing Assets/Materials/box_material.mat using Guid(a9ea28403cca6644ebef35699349c644) Importer(2089858483,192608db42251d675da83286b1cce702) (ScriptedImporter) -> (artifact id: '6e06e98b236e88ca74214f3cf5d0f9f2') in 0.0839568 seconds
Number of updated asset objects reloaded before import = 0Number of asset objects unloaded after import = 4

========================================================================
Received Import Request.
  Time since last request: 0.000069 seconds.
  path: Assets/Materials/window_material1.mat
  artifactKey: Guid(e3f408b64c59d3349a6ff5095ae5c32f) Importer(2089858483,192608db42251d675da83286b1cce702)
Start importing Assets/Materials/window_material1.mat using Guid(e3f408b64c59d3349a6ff5095ae5c32f) Importer(2089858483,192608db42251d675da83286b1cce702) (ScriptedImporter) -> (artifact id: 'da18c8dfb19d7f6dfad47552d9b0cbde') in 0.0819293 seconds
Number of updated asset objects reloaded before import = 0Number of asset objects unloaded after import = 4

========================================================================
Received Import Request.
  Time since last request: 0.000044 seconds.
  path: Assets/office texture/office_photo_material_Height.png
  artifactKey: Guid(cd06df06645635a4abd2390e5f204a7a) Importer(2089858483,192608db42251d675da83286b1cce702)
Start importing Assets/office texture/office_photo_material_Height.png using Guid(cd06df06645635a4abd2390e5f204a7a) Importer(2089858483,192608db42251d675da83286b1cce702) (ScriptedImporter) -> (artifact id: '1f671d5207cbadfb8737f72db66e9184') in 0.0779448 seconds
Number of updated asset objects reloaded before import = 0Number of asset objects unloaded after import = 1

========================================================================
Received Import Request.
  Time since last request: 0.000060 seconds.
  path: Assets/office texture/office_frame_material_Height.png
  artifactKey: Guid(cf5f044864b65d74280bdde924361c97) Importer(2089858483,192608db42251d675da83286b1cce702)
Start importing Assets/office texture/office_frame_material_Height.png using Guid(cf5f044864b65d74280bdde924361c97) Importer(2089858483,192608db42251d675da83286b1cce702) (ScriptedImporter) -> (artifact id: 'a3f50137970fceee94871a21346b6ff7') in 0.1096503 seconds
Number of updated asset objects reloaded before import = 0Number of asset objects unloaded after import = 1

========================================================================
Received Import Request.
  Time since last request: 0.000111 seconds.
  path: Assets/office texture/office_front_desk_material_BaseColor_sRGB_ACEScg.png.tx
  artifactKey: Guid(ce85bba8613af2e4ebccc98d265b9ee6) Importer(2089858483,192608db42251d675da83286b1cce702)
Start importing Assets/office texture/office_front_desk_material_BaseColor_sRGB_ACEScg.png.tx using Guid(ce85bba8613af2e4ebccc98d265b9ee6) Importer(2089858483,192608db42251d675da83286b1cce702) (ScriptedImporter) -> (artifact id: '019bdaeaedc042b69210d32dbcadf616') in 0.0503062 seconds
Number of updated asset objects reloaded before import = 0Number of asset objects unloaded after import = 1

========================================================================
Received Import Request.
  Time since last request: 0.000082 seconds.
  path: Assets/office texture/office_mail_box_material_BaseColor.png
  artifactKey: Guid(3cea108b8e3e42e4394f087617499b71) Importer(2089858483,192608db42251d675da83286b1cce702)
Start importing Assets/office texture/office_mail_box_material_BaseColor.png using Guid(3cea108b8e3e42e4394f087617499b71) Importer(2089858483,192608db42251d675da83286b1cce702) (ScriptedImporter) -> (artifact id: '3c1b501d8f3bd335759fdce8eb7938c6') in 0.0842931 seconds
Number of updated asset objects reloaded before import = 0Number of asset objects unloaded after import = 1

========================================================================
Received Import Request.
  Time since last request: 0.000093 seconds.
  path: Assets/Materials/rug_material1.mat
  artifactKey: Guid(4dc6ac6877e24ad4d85f882e18a17b28) Importer(2089858483,192608db42251d675da83286b1cce702)
Start importing Assets/Materials/rug_material1.mat using Guid(4dc6ac6877e24ad4d85f882e18a17b28) Importer(2089858483,192608db42251d675da83286b1cce702) (ScriptedImporter) -> (artifact id: '6425825db50c2e46d59ae4048d698d52') in 0.0800408 seconds
Number of updated asset objects reloaded before import = 0Number of asset objects unloaded after import = 4

========================================================================
Received Import Request.
  Time since last request: 0.000051 seconds.
  path: Assets/elevator texture/elevator_phone_doot_material_Normal.png
  artifactKey: Guid(9510d55b63dc7964a82c1edc541c6069) Importer(2089858483,192608db42251d675da83286b1cce702)
Start importing Assets/elevator texture/elevator_phone_doot_material_Normal.png using Guid(9510d55b63dc7964a82c1edc541c6069) Importer(2089858483,192608db42251d675da83286b1cce702) (ScriptedImporter) -> (artifact id: 'bb4fbec23a2156825ef670bf40e329c2') in 0.1014734 seconds
Number of updated asset objects reloaded before import = 0Number of asset objects unloaded after import = 1

========================================================================
Received Import Request.
  Time since last request: 0.000043 seconds.
  path: Assets/Materials/wall_material1.mat
  artifactKey: Guid(34eb5176e773a5340a7efa0958187738) Importer(2089858483,192608db42251d675da83286b1cce702)
Start importing Assets/Materials/wall_material1.mat using Guid(34eb5176e773a5340a7efa0958187738) Importer(2089858483,192608db42251d675da83286b1cce702) (ScriptedImporter) -> (artifact id: 'a75b2263fa6f5a082cc1a684a1e8bf9a') in 0.1004536 seconds
Number of updated asset objects reloaded before import = 0Number of asset objects unloaded after import = 4

========================================================================
Received Import Request.
  Time since last request: 0.000101 seconds.
  path: Assets/elevator texture/elevator_aiStandardSurface9_BaseColor.png
  artifactKey: Guid(47bafb2f8299d554385f6e8ada4276a7) Importer(2089858483,192608db42251d675da83286b1cce702)
Start importing Assets/elevator texture/elevator_aiStandardSurface9_BaseColor.png using Guid(47bafb2f8299d554385f6e8ada4276a7) Importer(2089858483,192608db42251d675da83286b1cce702) (ScriptedImporter) -> (artifact id: 'a60613421d3c529eb50b991a09802430') in 0.0692572 seconds
Number of updated asset objects reloaded before import = 0Number of asset objects unloaded after import = 1

========================================================================
Received Import Request.
  Time since last request: 0.000090 seconds.
  path: Assets/elevator texture/elevator_elevator_metal_door_2_material_BaseColor.png
  artifactKey: Guid(1495b6ca2dff19541a0be214cccc0f54) Importer(2089858483,192608db42251d675da83286b1cce702)
Start importing Assets/elevator texture/elevator_elevator_metal_door_2_material_BaseColor.png using Guid(1495b6ca2dff19541a0be214cccc0f54) Importer(2089858483,192608db42251d675da83286b1cce702) (ScriptedImporter) -> (artifact id: '33df63eb167e976999f4bfb746e5867d') in 0.0868839 seconds
Number of updated asset objects reloaded before import = 0Number of asset objects unloaded after import = 1

========================================================================
Received Import Request.
  Time since last request: 0.000182 seconds.
  path: Assets/office texture/office_tv_screen_material_Metallic.png
  artifactKey: Guid(c506143441a854640823bfeed87ba17d) Importer(2089858483,192608db42251d675da83286b1cce702)
Start importing Assets/office texture/office_tv_screen_material_Metallic.png using Guid(c506143441a854640823bfeed87ba17d) Importer(2089858483,192608db42251d675da83286b1cce702) (ScriptedImporter) -> (artifact id: 'f2ce7fe752f7fc48787a4d3bbc485fdc') in 0.0964331 seconds
Number of updated asset objects reloaded before import = 0Number of asset objects unloaded after import = 1

========================================================================
Received Import Request.
  Time since last request: 0.000037 seconds.
  path: Assets/elevator texture/elevator_phone_doot_material_Height.png
  artifactKey: Guid(896253b62b88a874caa7e3c2c02811d3) Importer(2089858483,192608db42251d675da83286b1cce702)
Start importing Assets/elevator texture/elevator_phone_doot_material_Height.png using Guid(896253b62b88a874caa7e3c2c02811d3) Importer(2089858483,192608db42251d675da83286b1cce702) (ScriptedImporter) -> (artifact id: 'bc6134fcc75689647b3f491f74ac703c') in 0.0815573 seconds
Number of updated asset objects reloaded before import = 0Number of asset objects unloaded after import = 1

========================================================================
Received Import Request.
  Time since last request: 0.000044 seconds.
  path: Assets/Materials/office-box_material.mat
  artifactKey: Guid(f87a086aeaf2b0b4da3ad4437f65900b) Importer(2089858483,192608db42251d675da83286b1cce702)
Start importing Assets/Materials/office-box_material.mat using Guid(f87a086aeaf2b0b4da3ad4437f65900b) Importer(2089858483,192608db42251d675da83286b1cce702) (ScriptedImporter) -> (artifact id: '455a7a90c5c6e0df86f632ee91dfcc19') in 0.0968719 seconds
Number of updated asset objects reloaded before import = 0Number of asset objects unloaded after import = 5

========================================================================
Received Import Request.
  Time since last request: 0.000066 seconds.
  path: Assets/elevator texture/elevator_emergency_button_material_Height.png
  artifactKey: Guid(5ad25302c380e6b419940e798613e9a4) Importer(2089858483,192608db42251d675da83286b1cce702)
Start importing Assets/elevator texture/elevator_emergency_button_material_Height.png using Guid(5ad25302c380e6b419940e798613e9a4) Importer(2089858483,192608db42251d675da83286b1cce702) (ScriptedImporter) -> (artifact id: '4ca5a10990bd6d80f54217f1c18fa8d4') in 0.1211538 seconds
Number of updated asset objects reloaded before import = 0Number of asset objects unloaded after import = 1

========================================================================
Received Import Request.
  Time since last request: 0.000151 seconds.
  path: Assets/office texture/office_elevator_frame_Roughness_Raw_ACEScg.png.tx
  artifactKey: Guid(6792624ae4159b448a782cd5ff41b1ea) Importer(2089858483,192608db42251d675da83286b1cce702)
Start importing Assets/office texture/office_elevator_frame_Roughness_Raw_ACEScg.png.tx using Guid(6792624ae4159b448a782cd5ff41b1ea) Importer(2089858483,192608db42251d675da83286b1cce702) (ScriptedImporter) -> (artifact id: 'c93f8eec37848e1551eac7a50b32d5ea') in 0.0436355 seconds
Number of updated asset objects reloaded before import = 0Number of asset objects unloaded after import = 1

========================================================================
Received Import Request.
  Time since last request: 0.000135 seconds.
  path: Assets/office texture/office_photo_material_Metallic.png
  artifactKey: Guid(dc9975d14d753c3429b33f727bc199f9) Importer(2089858483,192608db42251d675da83286b1cce702)
Start importing Assets/office texture/office_photo_material_Metallic.png using Guid(dc9975d14d753c3429b33f727bc199f9) Importer(2089858483,192608db42251d675da83286b1cce702) (ScriptedImporter) -> (artifact id: 'e60be1d46276f5adfdeca96529473dd4') in 0.135872 seconds
Number of updated asset objects reloaded before import = 0Number of asset objects unloaded after import = 1

========================================================================
Received Import Request.
  Time since last request: 0.000177 seconds.
  path: Assets/office texture/office_wall_material_Metallic.png
  artifactKey: Guid(db49b17d0bc49f94ca06005544daee71) Importer(2089858483,192608db42251d675da83286b1cce702)
Start importing Assets/office texture/office_wall_material_Metallic.png using Guid(db49b17d0bc49f94ca06005544daee71) Importer(2089858483,192608db42251d675da83286b1cce702) (ScriptedImporter) -> (artifact id: '3e69e6a6306156a9c6da6adf05e06ff0') in 0.0899256 seconds
Number of updated asset objects reloaded before import = 0Number of asset objects unloaded after import = 1

========================================================================
Received Import Request.
  Time since last request: 0.000130 seconds.
  path: Assets/office texture/office_window_material_Metallic_Raw_ACEScg.png.tx
  artifactKey: Guid(b8ee698f4ba662f4ab47a22b6fb7258d) Importer(2089858483,192608db42251d675da83286b1cce702)
Start importing Assets/office texture/office_window_material_Metallic_Raw_ACEScg.png.tx using Guid(b8ee698f4ba662f4ab47a22b6fb7258d) Importer(2089858483,192608db42251d675da83286b1cce702) (ScriptedImporter) -> (artifact id: '47a33cd7faa7a733c43f1e4cfd14bba5') in 0.0376892 seconds
Number of updated asset objects reloaded before import = 0Number of asset objects unloaded after import = 1

========================================================================
Received Import Request.
  Time since last request: 0.000034 seconds.
  path: Assets/office texture/office_table_material_BaseColor.png
  artifactKey: Guid(1582091feea63394c96a475a394f66ed) Importer(2089858483,192608db42251d675da83286b1cce702)
Start importing Assets/office texture/office_table_material_BaseColor.png using Guid(1582091feea63394c96a475a394f66ed) Importer(2089858483,192608db42251d675da83286b1cce702) (ScriptedImporter) -> (artifact id: '5d62ee8fa9f44eb2e62ec708cfff1fa0') in 0.0952134 seconds
Number of updated asset objects reloaded before import = 0Number of asset objects unloaded after import = 1

========================================================================
Received Import Request.
  Time since last request: 0.000042 seconds.
  path: Assets/office texture/office_elevator_door1_BaseColor_sRGB_ACEScg.png.tx
  artifactKey: Guid(69a953dd1a48c4a429dd5a4a2dc12255) Importer(2089858483,192608db42251d675da83286b1cce702)
Start importing Assets/office texture/office_elevator_door1_BaseColor_sRGB_ACEScg.png.tx using Guid(69a953dd1a48c4a429dd5a4a2dc12255) Importer(2089858483,192608db42251d675da83286b1cce702) (ScriptedImporter) -> (artifact id: '7a27381ba22be1b990579067830e03fe') in 0.0371637 seconds
Number of updated asset objects reloaded before import = 0Number of asset objects unloaded after import = 1

========================================================================
Received Import Request.
  Time since last request: 0.000262 seconds.
  path: Assets/office texture/leaves-plant-green-texture-11570344614j16ktkk2z8.jpg
  artifactKey: Guid(d47220e49a576084e8b1a038db6899db) Importer(2089858483,192608db42251d675da83286b1cce702)
Start importing Assets/office texture/leaves-plant-green-texture-11570344614j16ktkk2z8.jpg using Guid(d47220e49a576084e8b1a038db6899db) Importer(2089858483,192608db42251d675da83286b1cce702) (ScriptedImporter) -> (artifact id: '585e5f80900a2fd6a37c3a9d93af8732') in 0.1293982 seconds
Number of updated asset objects reloaded before import = 0Number of asset objects unloaded after import = 1

========================================================================
Received Import Request.
  Time since last request: 0.000041 seconds.
  path: Assets/office texture/office_window_material_Normal.png
  artifactKey: Guid(62434f1973a36204b94eb1645716b696) Importer(2089858483,192608db42251d675da83286b1cce702)
Start importing Assets/office texture/office_window_material_Normal.png using Guid(62434f1973a36204b94eb1645716b696) Importer(2089858483,192608db42251d675da83286b1cce702) (ScriptedImporter) -> (artifact id: '8dc8c7dec403e3ba2de02ef3be0adabb') in 0.0999098 seconds
Number of updated asset objects reloaded before import = 0Number of asset objects unloaded after import = 1

========================================================================
Received Import Request.
  Time since last request: 0.000055 seconds.
  path: Assets/elevator texture/elevator_emergency_button_material_Metallic.png
  artifactKey: Guid(d78851e5e434a5146a402804ed9827cd) Importer(2089858483,192608db42251d675da83286b1cce702)
Start importing Assets/elevator texture/elevator_emergency_button_material_Metallic.png using Guid(d78851e5e434a5146a402804ed9827cd) Importer(2089858483,192608db42251d675da83286b1cce702) (ScriptedImporter) -> (artifact id: '58e06b4b11e3fdda533534aeec96a2f4') in 0.0840773 seconds
Number of updated asset objects reloaded before import = 0Number of asset objects unloaded after import = 1

========================================================================
Received Import Request.
  Time since last request: 0.000083 seconds.
  path: Assets/office texture/office_chair_material1_BaseColor_sRGB_ACEScg.png.tx
  artifactKey: Guid(5f5a184dcc60d344d94b6fb343ddbfa5) Importer(2089858483,192608db42251d675da83286b1cce702)
Start importing Assets/office texture/office_chair_material1_BaseColor_sRGB_ACEScg.png.tx using Guid(5f5a184dcc60d344d94b6fb343ddbfa5) Importer(2089858483,192608db42251d675da83286b1cce702) (ScriptedImporter) -> (artifact id: '111ae8f2c5d425bcf9bf950c159043e6') in 0.0366088 seconds
Number of updated asset objects reloaded before import = 0Number of asset objects unloaded after import = 1

========================================================================
Received Import Request.
  Time since last request: 0.000178 seconds.
  path: Assets/elevator texture
  artifactKey: Guid(003ee21185ea5864a946661792c1d574) Importer(2089858483,192608db42251d675da83286b1cce702)
Start importing Assets/elevator texture using Guid(003ee21185ea5864a946661792c1d574) Importer(2089858483,192608db42251d675da83286b1cce702) (ScriptedImporter) -> (artifact id: 'ab38204da82c8e5d118cfa7e5232ccc1') in 0.0358013 seconds
Number of updated asset objects reloaded before import = 0Number of asset objects unloaded after import = 1

========================================================================
Received Import Request.
  Time since last request: 0.000136 seconds.
  path: Assets/Materials/Elevator hall-plaque_material1.mat
  artifactKey: Guid(a26297a5e88acc3488f980f827723e66) Importer(2089858483,192608db42251d675da83286b1cce702)
Start importing Assets/Materials/Elevator hall-plaque_material1.mat using Guid(a26297a5e88acc3488f980f827723e66) Importer(2089858483,192608db42251d675da83286b1cce702) (ScriptedImporter) -> (artifact id: '61e3b4f040a30b8b5cfad310f411bb0f') in 0.1041123 seconds
Number of updated asset objects reloaded before import = 0Number of asset objects unloaded after import = 5

========================================================================
Received Import Request.
  Time since last request: 0.000044 seconds.
  path: Assets/office texture/office_tv_screen_material_Height.png
  artifactKey: Guid(a196795841cf86d4991b83642729a581) Importer(2089858483,192608db42251d675da83286b1cce702)
Start importing Assets/office texture/office_tv_screen_material_Height.png using Guid(a196795841cf86d4991b83642729a581) Importer(2089858483,192608db42251d675da83286b1cce702) (ScriptedImporter) -> (artifact id: '1b23b5a8d1a085a752d47481c59be2e3') in 0.0792233 seconds
Number of updated asset objects reloaded before import = 0Number of asset objects unloaded after import = 1

========================================================================
Received Import Request.
  Time since last request: 0.000152 seconds.
  path: Assets/plant.mat
  artifactKey: Guid(fce09ffb330f6cc40b04aac97fc11998) Importer(2089858483,192608db42251d675da83286b1cce702)
Start importing Assets/plant.mat using Guid(fce09ffb330f6cc40b04aac97fc11998) Importer(2089858483,192608db42251d675da83286b1cce702) (ScriptedImporter) -> (artifact id: 'be69e6071d9cdfe31ec57c1ab9552a4c') in 0.0661959 seconds
Number of updated asset objects reloaded before import = 0Number of asset objects unloaded after import = 2

========================================================================
Received Import Request.
  Time since last request: 0.000048 seconds.
  path: Assets/office texture/office_wall_material_Metallic_Raw_ACEScg.png.tx
  artifactKey: Guid(8170f87e723a8c64f855757dd34c4e47) Importer(2089858483,192608db42251d675da83286b1cce702)
Start importing Assets/office texture/office_wall_material_Metallic_Raw_ACEScg.png.tx using Guid(8170f87e723a8c64f855757dd34c4e47) Importer(2089858483,192608db42251d675da83286b1cce702) (ScriptedImporter) -> (artifact id: 'f81b0043d301ce863e5b620321b5d623') in 0.0346934 seconds
Number of updated asset objects reloaded before import = 0Number of asset objects unloaded after import = 1

========================================================================
Received Import Request.
  Time since last request: 0.000144 seconds.
  path: Assets/Materials/street .png
  artifactKey: Guid(9db2f3c5e9580ff4bb4bc7ae2cfb97e5) Importer(2089858483,192608db42251d675da83286b1cce702)
Start importing Assets/Materials/street .png using Guid(9db2f3c5e9580ff4bb4bc7ae2cfb97e5) Importer(2089858483,192608db42251d675da83286b1cce702) (ScriptedImporter) -> (artifact id: '8b14444fe61767bea84f96a28d9bc43b') in 0.0834425 seconds
Number of updated asset objects reloaded before import = 0Number of asset objects unloaded after import = 1

========================================================================
Received Import Request.
  Time since last request: 0.000066 seconds.
  path: Assets/Elevator hall/Elevator hall_floor_material_Metallic.png
  artifactKey: Guid(63afeb6a21e0e4947a8958096092142a) Importer(2089858483,192608db42251d675da83286b1cce702)
Start importing Assets/Elevator hall/Elevator hall_floor_material_Metallic.png using Guid(63afeb6a21e0e4947a8958096092142a) Importer(2089858483,192608db42251d675da83286b1cce702) (ScriptedImporter) -> (artifact id: 'cd4cacd3898ad68f324165bd0fed74f9') in 0.2150146 seconds
Number of updated asset objects reloaded before import = 0Number of asset objects unloaded after import = 1

========================================================================
Received Import Request.
  Time since last request: 0.000060 seconds.
  path: Assets/office texture/office_key_hole_material_BaseColor_sRGB_ACEScg.png.tx
  artifactKey: Guid(79779a815d1b4244cabb8421d6c33c7a) Importer(2089858483,192608db42251d675da83286b1cce702)
Start importing Assets/office texture/office_key_hole_material_BaseColor_sRGB_ACEScg.png.tx using Guid(79779a815d1b4244cabb8421d6c33c7a) Importer(2089858483,192608db42251d675da83286b1cce702) (ScriptedImporter) -> (artifact id: '1d46479eeec73598eb4dee7d73b80b5c') in 0.0389445 seconds
Number of updated asset objects reloaded before import = 0Number of asset objects unloaded after import = 1

========================================================================
Received Import Request.
  Time since last request: 0.000052 seconds.
  path: Assets/office texture/office_frame_material_Roughness.png
  artifactKey: Guid(d7f6fc5e00c4379439b736a49641c9ff) Importer(2089858483,192608db42251d675da83286b1cce702)
Start importing Assets/office texture/office_frame_material_Roughness.png using Guid(d7f6fc5e00c4379439b736a49641c9ff) Importer(2089858483,192608db42251d675da83286b1cce702) (ScriptedImporter) -> (artifact id: '7af9d2840489fd282fab23f783b58bf5') in 0.1005358 seconds
Number of updated asset objects reloaded before import = 0Number of asset objects unloaded after import = 1

========================================================================
Received Import Request.
  Time since last request: 0.000046 seconds.
  path: Assets/Materials/tv_material2.mat
  artifactKey: Guid(143d9a201ec15324c9c3be2b0678e90b) Importer(2089858483,192608db42251d675da83286b1cce702)
Start importing Assets/Materials/tv_material2.mat using Guid(143d9a201ec15324c9c3be2b0678e90b) Importer(2089858483,192608db42251d675da83286b1cce702) (ScriptedImporter) -> (artifact id: '8810b1ad7b41157e8a912fd72735a6a3') in 0.0931911 seconds
Number of updated asset objects reloaded before import = 0Number of asset objects unloaded after import = 4

========================================================================
Received Import Request.
  Time since last request: 0.000374 seconds.
  path: Assets/Materials/Elevator hall-door_material1.mat
  artifactKey: Guid(25da68aa2be50ac4893710532ccc7d0b) Importer(2089858483,192608db42251d675da83286b1cce702)
Start importing Assets/Materials/Elevator hall-door_material1.mat using Guid(25da68aa2be50ac4893710532ccc7d0b) Importer(2089858483,192608db42251d675da83286b1cce702) (ScriptedImporter) -> (artifact id: '0e90dc7fca767db3eacd9c850a581bf5') in 0.0745065 seconds
Number of updated asset objects reloaded before import = 0Number of asset objects unloaded after import = 5

========================================================================
Received Import Request.
  Time since last request: 0.000060 seconds.
  path: Assets/office texture/office_table_material_Metallic_Raw_ACEScg.png.tx
  artifactKey: Guid(87ad37edba3c2624293128b9bead8c98) Importer(2089858483,192608db42251d675da83286b1cce702)
Start importing Assets/office texture/office_table_material_Metallic_Raw_ACEScg.png.tx using Guid(87ad37edba3c2624293128b9bead8c98) Importer(2089858483,192608db42251d675da83286b1cce702) (ScriptedImporter) -> (artifact id: 'adbcdc47fd283ee9a21df056929ae911') in 0.0428657 seconds
Number of updated asset objects reloaded before import = 0Number of asset objects unloaded after import = 1

========================================================================
Received Import Request.
  Time since last request: 0.000249 seconds.
  path: Assets/office texture/office_table_material_Normal.png
  artifactKey: Guid(2e7826b2add77a042b4beb458085a4ed) Importer(2089858483,192608db42251d675da83286b1cce702)
Start importing Assets/office texture/office_table_material_Normal.png using Guid(2e7826b2add77a042b4beb458085a4ed) Importer(2089858483,192608db42251d675da83286b1cce702) (ScriptedImporter) -> (artifact id: '439e1cd429b2e21b83601f7e618f0097') in 0.1431194 seconds
Number of updated asset objects reloaded before import = 0Number of asset objects unloaded after import = 1

========================================================================
Received Import Request.
  Time since last request: 0.000041 seconds.
  path: Assets/Materials/Elevator hall-plaque_material.mat
  artifactKey: Guid(c1ac23699a1c554459de512aaf7851c7) Importer(2089858483,192608db42251d675da83286b1cce702)
Start importing Assets/Materials/Elevator hall-plaque_material.mat using Guid(c1ac23699a1c554459de512aaf7851c7) Importer(2089858483,192608db42251d675da83286b1cce702) (ScriptedImporter) -> (artifact id: 'f705548d056909644a6b0e4eb893183e') in 0.0899029 seconds
Number of updated asset objects reloaded before import = 0Number of asset objects unloaded after import = 1

========================================================================
Received Import Request.
  Time since last request: 0.000209 seconds.
  path: Assets/Elevator hall/Elevator hall_plaque_material_BaseColor.png
  artifactKey: Guid(599e3c4e4a340d143b723d1f25bcd70f) Importer(2089858483,192608db42251d675da83286b1cce702)
Start importing Assets/Elevator hall/Elevator hall_plaque_material_BaseColor.png using Guid(599e3c4e4a340d143b723d1f25bcd70f) Importer(2089858483,192608db42251d675da83286b1cce702) (ScriptedImporter) -> (artifact id: 'b77dc9f2540d19a0b86774ad889a652a') in 0.0962356 seconds
Number of updated asset objects reloaded before import = 0Number of asset objects unloaded after import = 1

========================================================================
Received Import Request.
  Time since last request: 0.000179 seconds.
  path: Assets/office texture/office_floor_material_Metallic_Raw_ACEScg.png.tx
  artifactKey: Guid(60acb9bf8c4b4a343ab9e309e54fbfea) Importer(2089858483,192608db42251d675da83286b1cce702)
Start importing Assets/office texture/office_floor_material_Metallic_Raw_ACEScg.png.tx using Guid(60acb9bf8c4b4a343ab9e309e54fbfea) Importer(2089858483,192608db42251d675da83286b1cce702) (ScriptedImporter) -> (artifact id: '1901b13cb65b6c69aad6e69300b19785') in 0.0764229 seconds
Number of updated asset objects reloaded before import = 0Number of asset objects unloaded after import = 1

========================================================================
Received Import Request.
  Time since last request: 0.000312 seconds.
  path: Assets/office texture/office_sign_material1_Roughness_Raw_ACEScg.png.tx
  artifactKey: Guid(6c97bc37f6284ef419aa5b535c934733) Importer(2089858483,192608db42251d675da83286b1cce702)
Start importing Assets/office texture/office_sign_material1_Roughness_Raw_ACEScg.png.tx using Guid(6c97bc37f6284ef419aa5b535c934733) Importer(2089858483,192608db42251d675da83286b1cce702) (ScriptedImporter) -> (artifact id: 'b1dc03e8440a46e192baf7f4cae08384') in 0.06059 seconds
Number of updated asset objects reloaded before import = 0Number of asset objects unloaded after import = 1

========================================================================
Received Import Request.
  Time since last request: 0.008728 seconds.
  path: Assets/elevator texture/elevator_grip_bolt_material_Normal.png
  artifactKey: Guid(d8b2d451c8fdde642865cf60738e8a1b) Importer(2089858483,192608db42251d675da83286b1cce702)
Start importing Assets/elevator texture/elevator_grip_bolt_material_Normal.png using Guid(d8b2d451c8fdde642865cf60738e8a1b) Importer(2089858483,192608db42251d675da83286b1cce702) (ScriptedImporter) -> (artifact id: '68ddf79ab445b744a18d161b7f87b162') in 0.2750996 seconds
Number of updated asset objects reloaded before import = 0Number of asset objects unloaded after import = 1

========================================================================
Received Import Request.
  Time since last request: 0.000047 seconds.
  path: Assets/Elevator hall/Elevator hall_door_knob_material_Height.png
  artifactKey: Guid(0b8e6e9d458def844993cbefd4d91979) Importer(2089858483,192608db42251d675da83286b1cce702)
Start importing Assets/Elevator hall/Elevator hall_door_knob_material_Height.png using Guid(0b8e6e9d458def844993cbefd4d91979) Importer(2089858483,192608db42251d675da83286b1cce702) (ScriptedImporter) -> (artifact id: 'c7d8e6cf02e974a9897c7d8d2cf942f4') in 0.1125268 seconds
Number of updated asset objects reloaded before import = 0Number of asset objects unloaded after import = 1

========================================================================
Received Import Request.
  Time since last request: 0.000058 seconds.
  path: Assets/office texture/office_chair_material1_Normal_Raw_ACEScg.png.tx
  artifactKey: Guid(7e4f4fe368c111748b94fc142480fdd0) Importer(2089858483,192608db42251d675da83286b1cce702)
Start importing Assets/office texture/office_chair_material1_Normal_Raw_ACEScg.png.tx using Guid(7e4f4fe368c111748b94fc142480fdd0) Importer(2089858483,192608db42251d675da83286b1cce702) (ScriptedImporter) -> (artifact id: '075c6dee3e0630d48d22c04e701d3686') in 0.0318575 seconds
Number of updated asset objects reloaded before import = 0Number of asset objects unloaded after import = 1

========================================================================
Received Import Request.
  Time since last request: 0.000143 seconds.
  path: Assets/office texture/office_photo_material_Roughness.png
  artifactKey: Guid(cf4f3d5a031029642928e223917b5223) Importer(2089858483,192608db42251d675da83286b1cce702)
Start importing Assets/office texture/office_photo_material_Roughness.png using Guid(cf4f3d5a031029642928e223917b5223) Importer(2089858483,192608db42251d675da83286b1cce702) (ScriptedImporter) -> (artifact id: 'ae26ca6d1a233002a1ea75fe5bf4c43c') in 0.0920266 seconds
Number of updated asset objects reloaded before import = 0Number of asset objects unloaded after import = 1

========================================================================
Received Import Request.
  Time since last request: 0.000042 seconds.
  path: Assets/Elevator hall/Elevator hall_door_material_Metallic.png
  artifactKey: Guid(edabe30ba06bd264f8912d9602790baf) Importer(2089858483,192608db42251d675da83286b1cce702)
Start importing Assets/Elevator hall/Elevator hall_door_material_Metallic.png using Guid(edabe30ba06bd264f8912d9602790baf) Importer(2089858483,192608db42251d675da83286b1cce702) (ScriptedImporter) -> (artifact id: '3d1220294f55519f9d7f12a5c8ae3220') in 0.0837228 seconds
Number of updated asset objects reloaded before import = 0Number of asset objects unloaded after import = 1

========================================================================
Received Import Request.
  Time since last request: 0.000143 seconds.
  path: Assets/office texture/office_mail_box_material_Height.png
  artifactKey: Guid(bb62e2937c42975488a67ffbb04ca7d1) Importer(2089858483,192608db42251d675da83286b1cce702)
Start importing Assets/office texture/office_mail_box_material_Height.png using Guid(bb62e2937c42975488a67ffbb04ca7d1) Importer(2089858483,192608db42251d675da83286b1cce702) (ScriptedImporter) -> (artifact id: '11b7e6f730727044896fa5f6d19e6385') in 0.0898233 seconds
Number of updated asset objects reloaded before import = 0Number of asset objects unloaded after import = 1

========================================================================
Received Import Request.
  Time since last request: 0.000103 seconds.
  path: Assets/office texture/office_rug_material_Roughness_Raw_ACEScg.png.tx
  artifactKey: Guid(88c89689b3c2db6428cf4274d1088738) Importer(2089858483,192608db42251d675da83286b1cce702)
Start importing Assets/office texture/office_rug_material_Roughness_Raw_ACEScg.png.tx using Guid(88c89689b3c2db6428cf4274d1088738) Importer(2089858483,192608db42251d675da83286b1cce702) (ScriptedImporter) -> (artifact id: '69e743227f53dcdc43042fa2e86d6a19') in 0.0328109 seconds
Number of updated asset objects reloaded before import = 0Number of asset objects unloaded after import = 1

========================================================================
Received Import Request.
  Time since last request: 0.000140 seconds.
  path: Assets/office texture/office_elevator_door1_Metallic_Raw_ACEScg.png.tx
  artifactKey: Guid(241b19e142e62004fb57b9831961dd71) Importer(2089858483,192608db42251d675da83286b1cce702)
Start importing Assets/office texture/office_elevator_door1_Metallic_Raw_ACEScg.png.tx using Guid(241b19e142e62004fb57b9831961dd71) Importer(2089858483,192608db42251d675da83286b1cce702) (ScriptedImporter) -> (artifact id: '2da33066d1c9fa67124caeb7fd0653c2') in 0.0332839 seconds
Number of updated asset objects reloaded before import = 0Number of asset objects unloaded after import = 1

========================================================================
Received Import Request.
  Time since last request: 0.000043 seconds.
  path: Assets/elevator texture/elevator_grip_bolt_material_Metallic.png
  artifactKey: Guid(58a0e66e81330be4f9bc65c5c13771ca) Importer(2089858483,192608db42251d675da83286b1cce702)
Start importing Assets/elevator texture/elevator_grip_bolt_material_Metallic.png using Guid(58a0e66e81330be4f9bc65c5c13771ca) Importer(2089858483,192608db42251d675da83286b1cce702) (ScriptedImporter) -> (artifact id: 'dbcafb79d23e0c99d9c33689a3ad26b5') in 0.0676331 seconds
Number of updated asset objects reloaded before import = 0Number of asset objects unloaded after import = 1

========================================================================
Received Import Request.
  Time since last request: 0.000152 seconds.
  path: Assets/office texture/office_elevator_door1_Metallic.png
  artifactKey: Guid(e6586166f8c25f04b8727de1761490fc) Importer(2089858483,192608db42251d675da83286b1cce702)
Start importing Assets/office texture/office_elevator_door1_Metallic.png using Guid(e6586166f8c25f04b8727de1761490fc) Importer(2089858483,192608db42251d675da83286b1cce702) (ScriptedImporter) -> (artifact id: '64125993256f1b36cddeb311e2691f76') in 0.0887874 seconds
Number of updated asset objects reloaded before import = 0Number of asset objects unloaded after import = 1

========================================================================
Received Import Request.
  Time since last request: 0.000260 seconds.
  path: Assets/Materials/office-keyhole_material.mat
  artifactKey: Guid(5c58ff7dda49ebb4fb44e7d65d7e213d) Importer(2089858483,192608db42251d675da83286b1cce702)
Start importing Assets/Materials/office-keyhole_material.mat using Guid(5c58ff7dda49ebb4fb44e7d65d7e213d) Importer(2089858483,192608db42251d675da83286b1cce702) (ScriptedImporter) -> (artifact id: '2601e9ad62c492c56b7784a85f13dfea') in 0.0511378 seconds
Number of updated asset objects reloaded before import = 0Number of asset objects unloaded after import = 5

========================================================================
Received Import Request.
  Time since last request: 0.000044 seconds.
  path: Assets/office texture/office_mail_box_material_Normal_Raw_ACEScg.png.tx
  artifactKey: Guid(4240aea2f9354a34da25dc6b0d77d131) Importer(2089858483,192608db42251d675da83286b1cce702)
Start importing Assets/office texture/office_mail_box_material_Normal_Raw_ACEScg.png.tx using Guid(4240aea2f9354a34da25dc6b0d77d131) Importer(2089858483,192608db42251d675da83286b1cce702) (ScriptedImporter) -> (artifact id: '5aa0f626ab584b2dcb17ab6ce7b003ab') in 0.0330797 seconds
Number of updated asset objects reloaded before import = 0Number of asset objects unloaded after import = 1

========================================================================
Received Import Request.
  Time since last request: 0.001097 seconds.
  path: Assets/script/CameraFollow.cs
  artifactKey: Guid(02648f18b6801fc48a1e1db051f064c0) Importer(2089858483,192608db42251d675da83286b1cce702)
Start importing Assets/script/CameraFollow.cs using Guid(02648f18b6801fc48a1e1db051f064c0) Importer(2089858483,192608db42251d675da83286b1cce702) (ScriptedImporter) -> (artifact id: 'e55b4443f56deed4cf7ec347c9e931c6') in 0.0404682 seconds
Number of updated asset objects reloaded before import = 0Number of asset objects unloaded after import = 0

========================================================================
Received Import Request.
  Time since last request: 0.000237 seconds.
  path: Assets/Materials/elevator-phone_door_material.mat
  artifactKey: Guid(61e82a52d1ee6364a862845bd5002e37) Importer(2089858483,192608db42251d675da83286b1cce702)
Start importing Assets/Materials/elevator-phone_door_material.mat using Guid(61e82a52d1ee6364a862845bd5002e37) Importer(2089858483,192608db42251d675da83286b1cce702) (ScriptedImporter) -> (artifact id: 'f41daadfcc76b689a61fac32efcbca66') in 0.1200167 seconds
Number of updated asset objects reloaded before import = 0Number of asset objects unloaded after import = 5

========================================================================
Received Import Request.
  Time since last request: 0.000047 seconds.
  path: Assets/office texture/cardboard_boxes_BaseColor.png
  artifactKey: Guid(9a33111fb194bdc4da91ca4101dfdd1e) Importer(2089858483,192608db42251d675da83286b1cce702)
Start importing Assets/office texture/cardboard_boxes_BaseColor.png using Guid(9a33111fb194bdc4da91ca4101dfdd1e) Importer(2089858483,192608db42251d675da83286b1cce702) (ScriptedImporter) -> (artifact id: 'eae5440b74341e8881f967ab700eb121') in 0.0822205 seconds
Number of updated asset objects reloaded before import = 0Number of asset objects unloaded after import = 1

========================================================================
Received Import Request.
  Time since last request: 0.000057 seconds.
  path: Assets/elevator texture/elevator_grip_material_Height.png
  artifactKey: Guid(053f7cb7d36062246a7e28272514529b) Importer(2089858483,192608db42251d675da83286b1cce702)
Start importing Assets/elevator texture/elevator_grip_material_Height.png using Guid(053f7cb7d36062246a7e28272514529b) Importer(2089858483,192608db42251d675da83286b1cce702) (ScriptedImporter) -> (artifact id: '932394619a70fb710f1fa2d0432cbbbe') in 0.0950652 seconds
Number of updated asset objects reloaded before import = 0Number of asset objects unloaded after import = 1

========================================================================
Received Import Request.
  Time since last request: 0.000156 seconds.
  path: Assets/office texture/office_window_material_Roughness_Raw_ACEScg.png.tx
  artifactKey: Guid(b81cf44a3f4d1ff46b243066825e3524) Importer(2089858483,192608db42251d675da83286b1cce702)
Start importing Assets/office texture/office_window_material_Roughness_Raw_ACEScg.png.tx using Guid(b81cf44a3f4d1ff46b243066825e3524) Importer(2089858483,192608db42251d675da83286b1cce702) (ScriptedImporter) -> (artifact id: '719cf563a60076148f8bdcd4bad69ca7') in 0.0317227 seconds
Number of updated asset objects reloaded before import = 0Number of asset objects unloaded after import = 1

========================================================================
Received Import Request.
  Time since last request: 0.000060 seconds.
  path: Assets/office texture/trash_bin_D.tga
  artifactKey: Guid(9ff7579dfa792ea4f8b93783ccf5ea02) Importer(2089858483,192608db42251d675da83286b1cce702)
Start importing Assets/office texture/trash_bin_D.tga using Guid(9ff7579dfa792ea4f8b93783ccf5ea02) Importer(2089858483,192608db42251d675da83286b1cce702) (ScriptedImporter) -> (artifact id: 'f6ccd6a1e307fe2adf0682e45472de1b') in 0.0641228 seconds
Number of updated asset objects reloaded before import = 0Number of asset objects unloaded after import = 1

========================================================================
Received Import Request.
  Time since last request: 0.000038 seconds.
  path: Assets/Elevator hall/Elevator hall_wall_material_Roughness.png
  artifactKey: Guid(8692f941b133acd40a964ed044d2d77a) Importer(2089858483,192608db42251d675da83286b1cce702)
Start importing Assets/Elevator hall/Elevator hall_wall_material_Roughness.png using Guid(8692f941b133acd40a964ed044d2d77a) Importer(2089858483,192608db42251d675da83286b1cce702) (ScriptedImporter) -> (artifact id: '6b38d0ac92fe6f214fa1f8761923e011') in 0.0812961 seconds
Number of updated asset objects reloaded before import = 0Number of asset objects unloaded after import = 1

========================================================================
Received Import Request.
  Time since last request: 0.000043 seconds.
  path: Assets/office texture/office_elevator_door1_BaseColor.png
  artifactKey: Guid(ff5f313fc1f202045a355daffbb52ca5) Importer(2089858483,192608db42251d675da83286b1cce702)
Start importing Assets/office texture/office_elevator_door1_BaseColor.png using Guid(ff5f313fc1f202045a355daffbb52ca5) Importer(2089858483,192608db42251d675da83286b1cce702) (ScriptedImporter) -> (artifact id: '4c12780fba96f74ae230ee016ab87e2f') in 0.0849582 seconds
Number of updated asset objects reloaded before import = 0Number of asset objects unloaded after import = 1

========================================================================
Received Import Request.
  Time since last request: 0.000100 seconds.
  path: Assets/office texture/office_sign_material1_Normal_Raw_ACEScg.png.tx
  artifactKey: Guid(87d7e7e97ba982c4ab23ab662e5b5b7e) Importer(2089858483,192608db42251d675da83286b1cce702)
Start importing Assets/office texture/office_sign_material1_Normal_Raw_ACEScg.png.tx using Guid(87d7e7e97ba982c4ab23ab662e5b5b7e) Importer(2089858483,192608db42251d675da83286b1cce702) (ScriptedImporter) -> (artifact id: 'f82e761a26125a19f7db5d95187a5fa2') in 0.0360428 seconds
Number of updated asset objects reloaded before import = 0Number of asset objects unloaded after import = 1

========================================================================
Received Import Request.
  Time since last request: 0.000447 seconds.
  path: Assets/Materials/office-aiStandardSurface5.mat
  artifactKey: Guid(19ea176a43ae0e44c958e73bcfd0ca3f) Importer(2089858483,192608db42251d675da83286b1cce702)
Start importing Assets/Materials/office-aiStandardSurface5.mat using Guid(19ea176a43ae0e44c958e73bcfd0ca3f) Importer(2089858483,192608db42251d675da83286b1cce702) (ScriptedImporter) -> (artifact id: '7a97d9c43c872f9bdbe098654d449116') in 0.0566365 seconds
Number of updated asset objects reloaded before import = 0Number of asset objects unloaded after import = 2

========================================================================
Received Import Request.
  Time since last request: 0.000040 seconds.
  path: Assets/Materials/elevator-emergency_button_material1.mat
  artifactKey: Guid(7d539925b443a8e468ac6746c910db5a) Importer(2089858483,192608db42251d675da83286b1cce702)
Start importing Assets/Materials/elevator-emergency_button_material1.mat using Guid(7d539925b443a8e468ac6746c910db5a) Importer(2089858483,192608db42251d675da83286b1cce702) (ScriptedImporter) -> (artifact id: '040b4867bc640957a6cb08d385c2f883') in 0.0840478 seconds
Number of updated asset objects reloaded before import = 0Number of asset objects unloaded after import = 5

========================================================================
Received Import Request.
  Time since last request: 0.000042 seconds.
  path: Assets/Materials/office-vending_machine_glass1.mat
  artifactKey: Guid(b6b1ae5df4f0ddf419ab9a03c204893d) Importer(2089858483,192608db42251d675da83286b1cce702)
Start importing Assets/Materials/office-vending_machine_glass1.mat using Guid(b6b1ae5df4f0ddf419ab9a03c204893d) Importer(2089858483,192608db42251d675da83286b1cce702) (ScriptedImporter) -> (artifact id: '8c3d9d2c59b32efb84d050ca9f5734bc') in 0.0505601 seconds
Number of updated asset objects reloaded before import = 0Number of asset objects unloaded after import = 2

========================================================================
Received Import Request.
  Time since last request: 0.000052 seconds.
  path: Assets/Materials/street.mat
  artifactKey: Guid(9ab0e5eafbb0a0c499de6b024a5fd812) Importer(2089858483,192608db42251d675da83286b1cce702)
Start importing Assets/Materials/street.mat using Guid(9ab0e5eafbb0a0c499de6b024a5fd812) Importer(2089858483,192608db42251d675da83286b1cce702) (ScriptedImporter) -> (artifact id: '9a824924e87d543d06c81f78c15937db') in 0.0747856 seconds
Number of updated asset objects reloaded before import = 0Number of asset objects unloaded after import = 2

========================================================================
Received Import Request.
  Time since last request: 0.000061 seconds.
  path: Assets/Materials/vending_machine_material1.mat
  artifactKey: Guid(5ab1aacb7a7aeee4980357441611befb) Importer(2089858483,192608db42251d675da83286b1cce702)
Start importing Assets/Materials/vending_machine_material1.mat using Guid(5ab1aacb7a7aeee4980357441611befb) Importer(2089858483,192608db42251d675da83286b1cce702) (ScriptedImporter) -> (artifact id: '4924f2ad80f7eab26ca890c55a195c82') in 0.0819217 seconds
Number of updated asset objects reloaded before import = 0Number of asset objects unloaded after import = 4

========================================================================
Received Import Request.
  Time since last request: 0.000052 seconds.
  path: Assets/Elevator hall/Elevator hall_door_1_material_Height.png
  artifactKey: Guid(a704294c4d6ba7644a04a4e77a03b2b1) Importer(2089858483,192608db42251d675da83286b1cce702)
Start importing Assets/Elevator hall/Elevator hall_door_1_material_Height.png using Guid(a704294c4d6ba7644a04a4e77a03b2b1) Importer(2089858483,192608db42251d675da83286b1cce702) (ScriptedImporter) -> (artifact id: '2b01074feb88566fb319fd69454031b4') in 0.0946571 seconds
Number of updated asset objects reloaded before import = 0Number of asset objects unloaded after import = 1

========================================================================
Received Import Request.
  Time since last request: 0.000156 seconds.
  path: Assets/Materials/Elevator hall-floor_material.mat
  artifactKey: Guid(903bb538e62742949aa95f4d36d31210) Importer(2089858483,192608db42251d675da83286b1cce702)
Start importing Assets/Materials/Elevator hall-floor_material.mat using Guid(903bb538e62742949aa95f4d36d31210) Importer(2089858483,192608db42251d675da83286b1cce702) (ScriptedImporter) -> (artifact id: '1a975ba2de04606c8a752b249f73cf19') in 0.0989259 seconds
Number of updated asset objects reloaded before import = 0Number of asset objects unloaded after import = 5

========================================================================
Received Import Request.
  Time since last request: 0.000058 seconds.
  path: Assets/trash_bag.obj
  artifactKey: Guid(aeecdf6847e21de4f833f052200a37a4) Importer(2089858483,192608db42251d675da83286b1cce702)
Start importing Assets/trash_bag.obj using Guid(aeecdf6847e21de4f833f052200a37a4) Importer(2089858483,192608db42251d675da83286b1cce702) (ScriptedImporter) -> (artifact id: '46f735f61773ed39438574a27af4a878') in 0.4537322 seconds
Number of updated asset objects reloaded before import = 0Number of asset objects unloaded after import = 10

========================================================================
Received Import Request.
  Time since last request: 0.000056 seconds.
  path: Assets/Materials/Elevator hall-door_material2.mat
  artifactKey: Guid(084b4d45678fcb44986c35b72a2ec75f) Importer(2089858483,192608db42251d675da83286b1cce702)
Start importing Assets/Materials/Elevator hall-door_material2.mat using Guid(084b4d45678fcb44986c35b72a2ec75f) Importer(2089858483,192608db42251d675da83286b1cce702) (ScriptedImporter) -> (artifact id: '1b99b14f11813f9786dda2766be7f385') in 0.2141224 seconds
Number of updated asset objects reloaded before import = 0Number of asset objects unloaded after import = 5

========================================================================
Received Import Request.
  Time since last request: 0.000062 seconds.
  path: Assets/office texture/office_window_material_BaseColor.png
  artifactKey: Guid(d63f7905d693d104f887245ce6f37fd7) Importer(2089858483,192608db42251d675da83286b1cce702)
Start importing Assets/office texture/office_window_material_BaseColor.png using Guid(d63f7905d693d104f887245ce6f37fd7) Importer(2089858483,192608db42251d675da83286b1cce702) (ScriptedImporter) -> (artifact id: 'c8c7b6949cc5c7f202505efe67777329') in 0.1116222 seconds
Number of updated asset objects reloaded before import = 0Number of asset objects unloaded after import = 1

========================================================================
Received Import Request.
  Time since last request: 0.000064 seconds.
  path: Assets/Small_potted_plants.obj
  artifactKey: Guid(8a3e0ba113bded144802a917cc41e305) Importer(2089858483,192608db42251d675da83286b1cce702)
Start importing Assets/Small_potted_plants.obj using Guid(8a3e0ba113bded144802a917cc41e305) Importer(2089858483,192608db42251d675da83286b1cce702) (ScriptedImporter) -> (artifact id: 'dafe7c7ff3101d30fc3398fa77ec9f0e') in 0.0871864 seconds
Number of updated asset objects reloaded before import = 0Number of asset objects unloaded after import = 9

========================================================================
Received Import Request.
  Time since last request: 0.000038 seconds.
  path: Assets/office texture/office_key_hole_material_Roughness_Raw_ACEScg.png.tx
  artifactKey: Guid(fc4c0defff28b944ba1a0be55c8a8061) Importer(2089858483,192608db42251d675da83286b1cce702)
Start importing Assets/office texture/office_key_hole_material_Roughness_Raw_ACEScg.png.tx using Guid(fc4c0defff28b944ba1a0be55c8a8061) Importer(2089858483,192608db42251d675da83286b1cce702) (ScriptedImporter) -> (artifact id: '85567988543968ad1af32fdad287cbaf') in 0.032119 seconds
Number of updated asset objects reloaded before import = 0Number of asset objects unloaded after import = 1

========================================================================
Received Import Request.
  Time since last request: 0.000119 seconds.
  path: Assets/office texture/office_floor_material_BaseColor.png
  artifactKey: Guid(a29a30a007f1c6042a3afa9159f359d0) Importer(2089858483,192608db42251d675da83286b1cce702)
Start importing Assets/office texture/office_floor_material_BaseColor.png using Guid(a29a30a007f1c6042a3afa9159f359d0) Importer(2089858483,192608db42251d675da83286b1cce702) (ScriptedImporter) -> (artifact id: '00ee1b44212fc73834c8cbb17d2ae54c') in 0.0761168 seconds
Number of updated asset objects reloaded before import = 0Number of asset objects unloaded after import = 1

========================================================================
Received Import Request.
  Time since last request: 0.000058 seconds.
  path: Assets/office texture/office_floor_material_Normal_Raw_ACEScg.png.tx
  artifactKey: Guid(3e62f308f88b7014598b983314b40dfc) Importer(2089858483,192608db42251d675da83286b1cce702)
Start importing Assets/office texture/office_floor_material_Normal_Raw_ACEScg.png.tx using Guid(3e62f308f88b7014598b983314b40dfc) Importer(2089858483,192608db42251d675da83286b1cce702) (ScriptedImporter) -> (artifact id: '4b7753ec6b8baf7b698a15b95417a141') in 0.0303627 seconds
Number of updated asset objects reloaded before import = 0Number of asset objects unloaded after import = 1

========================================================================
Received Import Request.
  Time since last request: 0.000145 seconds.
  path: Assets/office texture/office_front_desk_material_Normal.png
  artifactKey: Guid(382b45bbc40c16d4db7f7d9e3d9f87b4) Importer(2089858483,192608db42251d675da83286b1cce702)
Start importing Assets/office texture/office_front_desk_material_Normal.png using Guid(382b45bbc40c16d4db7f7d9e3d9f87b4) Importer(2089858483,192608db42251d675da83286b1cce702) (ScriptedImporter) -> (artifact id: '2a184e148f69c95b082d4d72f4011a1f') in 0.0677248 seconds
Number of updated asset objects reloaded before import = 0Number of asset objects unloaded after import = 1

========================================================================
Received Import Request.
  Time since last request: 0.000052 seconds.
  path: Assets/office texture/office_table_material_BaseColor_sRGB_ACEScg.png.tx
  artifactKey: Guid(db9871f4ff0b3644fbbcd8b020ca7d85) Importer(2089858483,192608db42251d675da83286b1cce702)
Start importing Assets/office texture/office_table_material_BaseColor_sRGB_ACEScg.png.tx using Guid(db9871f4ff0b3644fbbcd8b020ca7d85) Importer(2089858483,192608db42251d675da83286b1cce702) (ScriptedImporter) -> (artifact id: '2c2d1f9a52d8af6d4ab79dc3f3449428') in 0.0288748 seconds
Number of updated asset objects reloaded before import = 0Number of asset objects unloaded after import = 1

========================================================================
Received Import Request.
  Time since last request: 0.000088 seconds.
  path: Assets/elevator texture/elevator_screen_material_Roughness.png
  artifactKey: Guid(04b7c5367d89b0d49bb9229d18ea1508) Importer(2089858483,192608db42251d675da83286b1cce702)
Start importing Assets/elevator texture/elevator_screen_material_Roughness.png using Guid(04b7c5367d89b0d49bb9229d18ea1508) Importer(2089858483,192608db42251d675da83286b1cce702) (ScriptedImporter) -> (artifact id: '89fc90255ab33bc20cec05075224f8a8') in 0.0884105 seconds
Number of updated asset objects reloaded before import = 0Number of asset objects unloaded after import = 1

========================================================================
Received Import Request.
  Time since last request: 0.000205 seconds.
  path: Assets/office texture/trash_bin_N.tga
  artifactKey: Guid(18de1bfb7b138744395108a62ae710e4) Importer(2089858483,192608db42251d675da83286b1cce702)
Start importing Assets/office texture/trash_bin_N.tga using Guid(18de1bfb7b138744395108a62ae710e4) Importer(2089858483,192608db42251d675da83286b1cce702) (ScriptedImporter) -> (artifact id: 'aa2916eb3095e4a5040cf6290353a979') in 0.0605028 seconds
Number of updated asset objects reloaded before import = 0Number of asset objects unloaded after import = 1

========================================================================
Received Import Request.
  Time since last request: 0.000042 seconds.
  path: Assets/apartment/Materials/window_frame.mat
  artifactKey: Guid(219861a18486dbb43954a587608d2645) Importer(2089858483,192608db42251d675da83286b1cce702)
Start importing Assets/apartment/Materials/window_frame.mat using Guid(219861a18486dbb43954a587608d2645) Importer(2089858483,192608db42251d675da83286b1cce702) (ScriptedImporter) -> (artifact id: 'bad813357398418746d8771b35d86b41') in 0.0598063 seconds
Number of updated asset objects reloaded before import = 0Number of asset objects unloaded after import = 1

========================================================================
Received Import Request.
  Time since last request: 0.000057 seconds.
  path: Assets/office texture/office_wall_material_Roughness_Raw_ACEScg.png.tx
  artifactKey: Guid(b95ff70091f30084a8343bd29c777b70) Importer(2089858483,192608db42251d675da83286b1cce702)
Start importing Assets/office texture/office_wall_material_Roughness_Raw_ACEScg.png.tx using Guid(b95ff70091f30084a8343bd29c777b70) Importer(2089858483,192608db42251d675da83286b1cce702) (ScriptedImporter) -> (artifact id: '3b485296123e06305e79a00f7b448866') in 0.031839 seconds
Number of updated asset objects reloaded before import = 0Number of asset objects unloaded after import = 1

========================================================================
Received Import Request.
  Time since last request: 0.000068 seconds.
  path: Assets/Scenes 1/6TakeTheTrashOut.unity
  artifactKey: Guid(7b5adc328eb0a9f46ac2ec97753e9f61) Importer(2089858483,192608db42251d675da83286b1cce702)
Start importing Assets/Scenes 1/6TakeTheTrashOut.unity using Guid(7b5adc328eb0a9f46ac2ec97753e9f61) Importer(2089858483,192608db42251d675da83286b1cce702) (ScriptedImporter) -> (artifact id: '88235951031dd3f4cbbd343be33f7e16') in 0.1004976 seconds
Number of updated asset objects reloaded before import = 0Number of asset objects unloaded after import = 1

========================================================================
Received Import Request.
  Time since last request: 0.000041 seconds.
  path: Assets/Materials/office-sign_material.mat
  artifactKey: Guid(47b43aac0f3ba0347ab983e9fed0cf4f) Importer(2089858483,192608db42251d675da83286b1cce702)
Start importing Assets/Materials/office-sign_material.mat using Guid(47b43aac0f3ba0347ab983e9fed0cf4f) Importer(2089858483,192608db42251d675da83286b1cce702) (ScriptedImporter) -> (artifact id: 'f2bac1769ebe1fdebcf03636defbaacb') in 0.0583066 seconds
Number of updated asset objects reloaded before import = 0Number of asset objects unloaded after import = 5

========================================================================
Received Import Request.
  Time since last request: 0.000095 seconds.
  path: Assets/Materials/office-tv_material2.mat
  artifactKey: Guid(29765b5fc8ed567489d53f9a1a48af9e) Importer(2089858483,192608db42251d675da83286b1cce702)
Start importing Assets/Materials/office-tv_material2.mat using Guid(29765b5fc8ed567489d53f9a1a48af9e) Importer(2089858483,192608db42251d675da83286b1cce702) (ScriptedImporter) -> (artifact id: '628fdf1ae3af08c26038fc09a887d1f6') in 0.093852 seconds
Number of updated asset objects reloaded before import = 0Number of asset objects unloaded after import = 5

========================================================================
Received Import Request.
  Time since last request: 0.000045 seconds.
  path: Assets/office texture/office_plant_material_BaseColor_sRGB_ACEScg.png.tx
  artifactKey: Guid(c09b33f53b72b6248b1c26d4a92c2891) Importer(2089858483,192608db42251d675da83286b1cce702)
Start importing Assets/office texture/office_plant_material_BaseColor_sRGB_ACEScg.png.tx using Guid(c09b33f53b72b6248b1c26d4a92c2891) Importer(2089858483,192608db42251d675da83286b1cce702) (ScriptedImporter) -> (artifact id: 'a0b0566d3f8965fe917f07f9c494e1ad') in 0.0464555 seconds
Number of updated asset objects reloaded before import = 0Number of asset objects unloaded after import = 1

========================================================================
Received Import Request.
  Time since last request: 0.000063 seconds.
  path: Assets/office texture/office_vending_machine_glass1_BaseColor.png
  artifactKey: Guid(0b0cf2387e97c7a49b1b4d0c46af08f5) Importer(2089858483,192608db42251d675da83286b1cce702)
Start importing Assets/office texture/office_vending_machine_glass1_BaseColor.png using Guid(0b0cf2387e97c7a49b1b4d0c46af08f5) Importer(2089858483,192608db42251d675da83286b1cce702) (ScriptedImporter) -> (artifact id: 'de2c8d90d6860597c21e42832f3c470b') in 0.0765459 seconds
Number of updated asset objects reloaded before import = 0Number of asset objects unloaded after import = 1

========================================================================
Received Import Request.
  Time since last request: 0.000076 seconds.
  path: Assets/office texture/office_window_material_Height.png
  artifactKey: Guid(ad4d2ee3f99b8b045915e98a73fd2dec) Importer(2089858483,192608db42251d675da83286b1cce702)
Start importing Assets/office texture/office_window_material_Height.png using Guid(ad4d2ee3f99b8b045915e98a73fd2dec) Importer(2089858483,192608db42251d675da83286b1cce702) (ScriptedImporter) -> (artifact id: '3ccd5006e67b1aaec702d16bd730c5d3') in 0.0865788 seconds
Number of updated asset objects reloaded before import = 0Number of asset objects unloaded after import = 1

========================================================================
Received Import Request.
  Time since last request: 0.000103 seconds.
  path: Assets/elevator texture/elevator_elevator_metal_door_2_material_Metallic.png
  artifactKey: Guid(63bca955185e81440a1d4d54c8e01694) Importer(2089858483,192608db42251d675da83286b1cce702)
Start importing Assets/elevator texture/elevator_elevator_metal_door_2_material_Metallic.png using Guid(63bca955185e81440a1d4d54c8e01694) Importer(2089858483,192608db42251d675da83286b1cce702) (ScriptedImporter) -> (artifact id: 'ad3f2352a4f0124aab030295a85f1baa') in 0.1166646 seconds
Number of updated asset objects reloaded before import = 0Number of asset objects unloaded after import = 1

========================================================================
Received Import Request.
  Time since last request: 0.000149 seconds.
  path: Assets/Super Retro Compact Pack/Highway Set/Materials/Road_Shoulder.mat
  artifactKey: Guid(95f64259fb8d2994a8429a64ac9a83b6) Importer(2089858483,192608db42251d675da83286b1cce702)
Start importing Assets/Super Retro Compact Pack/Highway Set/Materials/Road_Shoulder.mat using Guid(95f64259fb8d2994a8429a64ac9a83b6) Importer(2089858483,192608db42251d675da83286b1cce702) (ScriptedImporter) -> (artifact id: '2c9865fb040867b3e1440b7a098429a6') in 0.076116 seconds
Number of updated asset objects reloaded before import = 0Number of asset objects unloaded after import = 2

========================================================================
Received Import Request.
  Time since last request: 0.000037 seconds.
  path: Assets/apartment/Materials/fridge.mat
  artifactKey: Guid(294724c13c07f6947964f3c9f4703812) Importer(2089858483,192608db42251d675da83286b1cce702)
Start importing Assets/apartment/Materials/fridge.mat using Guid(294724c13c07f6947964f3c9f4703812) Importer(2089858483,192608db42251d675da83286b1cce702) (ScriptedImporter) -> (artifact id: 'dee35b493ebebda4d96d23edb60a1c37') in 0.0568033 seconds
Number of updated asset objects reloaded before import = 0Number of asset objects unloaded after import = 1

========================================================================
Received Import Request.
  Time since last request: 0.000036 seconds.
  path: Assets/Dance3.controller
  artifactKey: Guid(e77544aa9299d1243b36df32ffe9b697) Importer(2089858483,192608db42251d675da83286b1cce702)
Start importing Assets/Dance3.controller using Guid(e77544aa9299d1243b36df32ffe9b697) Importer(2089858483,192608db42251d675da83286b1cce702) (ScriptedImporter) -> (artifact id: 'ea8c019438d29b2b9fa799bafbdeeee0') in 0.1153059 seconds
Number of updated asset objects reloaded before import = 0Number of asset objects unloaded after import = 4

========================================================================
Received Import Request.
  Time since last request: 0.000048 seconds.
  path: Assets/chinese-take-out-boxes/source
  artifactKey: Guid(5c5707b6e39bdc44a81760d7bc0a37d2) Importer(2089858483,192608db42251d675da83286b1cce702)
Start importing Assets/chinese-take-out-boxes/source using Guid(5c5707b6e39bdc44a81760d7bc0a37d2) Importer(2089858483,192608db42251d675da83286b1cce702) (ScriptedImporter) -> (artifact id: '1d352d2e2731199c9f4ea2faa6f8b97e') in 0.0488035 seconds
Number of updated asset objects reloaded before import = 0Number of asset objects unloaded after import = 1

========================================================================
Received Import Request.
  Time since last request: 0.000611 seconds.
  path: Assets/apartment/Materials/apartment-window.mat
  artifactKey: Guid(ff1782fbe73b12b42b734d4acde18234) Importer(2089858483,192608db42251d675da83286b1cce702)
Start importing Assets/apartment/Materials/apartment-window.mat using Guid(ff1782fbe73b12b42b734d4acde18234) Importer(2089858483,192608db42251d675da83286b1cce702) (ScriptedImporter) -> (artifact id: 'b8dd0313b0ecd107709e06817e7ace01') in 0.3857474 seconds
Number of updated asset objects reloaded before import = 0Number of asset objects unloaded after import = 4

========================================================================
Received Import Request.
  Time since last request: 0.000039 seconds.
  path: Assets/apartment/apartment_couch_Normal.png
  artifactKey: Guid(199bce7cea9a39f4ebfea66290964f75) Importer(2089858483,192608db42251d675da83286b1cce702)
Start importing Assets/apartment/apartment_couch_Normal.png using Guid(199bce7cea9a39f4ebfea66290964f75) Importer(2089858483,192608db42251d675da83286b1cce702) (ScriptedImporter) -> (artifact id: 'a71ca480d8dc70f968e49d1769f0579c') in 0.0792269 seconds
Number of updated asset objects reloaded before import = 0Number of asset objects unloaded after import = 1

========================================================================
Received Import Request.
  Time since last request: 0.000060 seconds.
  path: Assets/hitbar
  artifactKey: Guid(76a7d9b1623df144fbf744a71c31a262) Importer(2089858483,192608db42251d675da83286b1cce702)
Start importing Assets/hitbar using Guid(76a7d9b1623df144fbf744a71c31a262) Importer(2089858483,192608db42251d675da83286b1cce702) (ScriptedImporter) -> (artifact id: '28b3eec7c9632dd239298ebd7db6aa9b') in 0.0290783 seconds
Number of updated asset objects reloaded before import = 0Number of asset objects unloaded after import = 1

========================================================================
Received Import Request.
  Time since last request: 0.000142 seconds.
  path: Assets/apartment/apartment_curtain_Normal.png
  artifactKey: Guid(ed21fc1956acd384ba9cc2626d953041) Importer(2089858483,192608db42251d675da83286b1cce702)
Start importing Assets/apartment/apartment_curtain_Normal.png using Guid(ed21fc1956acd384ba9cc2626d953041) Importer(2089858483,192608db42251d675da83286b1cce702) (ScriptedImporter) -> (artifact id: 'e6bae42137f63aa96b92ec5f0aba4c00') in 0.0924331 seconds
Number of updated asset objects reloaded before import = 0Number of asset objects unloaded after import = 1

========================================================================
Received Import Request.
  Time since last request: 0.000248 seconds.
  path: Assets/script/CameraFollowOverride.cs
  artifactKey: Guid(20f010ebb621dcd45bc0df4ae01d6fe7) Importer(2089858483,192608db42251d675da83286b1cce702)
Start importing Assets/script/CameraFollowOverride.cs using Guid(20f010ebb621dcd45bc0df4ae01d6fe7) Importer(2089858483,192608db42251d675da83286b1cce702) (ScriptedImporter) -> (artifact id: 'b68a391def563c578b847ea24e47f01b') in 0.0313704 seconds
Number of updated asset objects reloaded before import = 0Number of asset objects unloaded after import = 0

========================================================================
Received Import Request.
  Time since last request: 0.000043 seconds.
  path: Assets/Elevator hall/Elevator hall_door_1_material_BaseColor.png
  artifactKey: Guid(31611ad8985975b44be334fce679e365) Importer(2089858483,192608db42251d675da83286b1cce702)
Start importing Assets/Elevator hall/Elevator hall_door_1_material_BaseColor.png using Guid(31611ad8985975b44be334fce679e365) Importer(2089858483,192608db42251d675da83286b1cce702) (ScriptedImporter) -> (artifact id: '971cb4bb9dc5c9d133a7c941056f183f') in 0.0700671 seconds
Number of updated asset objects reloaded before import = 0Number of asset objects unloaded after import = 1

========================================================================
Received Import Request.
  Time since last request: 0.000040 seconds.
  path: Assets/psx-bong/textures
  artifactKey: Guid(6846b9aa4e267864c9529581385c8d2a) Importer(2089858483,192608db42251d675da83286b1cce702)
Start importing Assets/psx-bong/textures using Guid(6846b9aa4e267864c9529581385c8d2a) Importer(2089858483,192608db42251d675da83286b1cce702) (ScriptedImporter) -> (artifact id: '5ecc3cc601be5a7ed36791cb5a742fb8') in 0.0331843 seconds
Number of updated asset objects reloaded before import = 0Number of asset objects unloaded after import = 1

========================================================================
Received Import Request.
  Time since last request: 0.000054 seconds.
  path: Assets/office texture/office_wall_material_Height.png
  artifactKey: Guid(521680339ffdc2b488a4fee2ff54209b) Importer(2089858483,192608db42251d675da83286b1cce702)
Start importing Assets/office texture/office_wall_material_Height.png using Guid(521680339ffdc2b488a4fee2ff54209b) Importer(2089858483,192608db42251d675da83286b1cce702) (ScriptedImporter) -> (artifact id: '774886ed5b2dacd4443e3dc82e578cf9') in 0.0779544 seconds
Number of updated asset objects reloaded before import = 0Number of asset objects unloaded after import = 1

========================================================================
Received Import Request.
  Time since last request: 0.000080 seconds.
  path: Assets/elevator texture/elevator_wall_material_Roughness.png
  artifactKey: Guid(ebce67c19c64a8d4a92d1f45bc587df6) Importer(2089858483,192608db42251d675da83286b1cce702)
Start importing Assets/elevator texture/elevator_wall_material_Roughness.png using Guid(ebce67c19c64a8d4a92d1f45bc587df6) Importer(2089858483,192608db42251d675da83286b1cce702) (ScriptedImporter) -> (artifact id: '534351c93530b0e813b7cb017d4ba518') in 0.0660787 seconds
Number of updated asset objects reloaded before import = 0Number of asset objects unloaded after import = 1

========================================================================
Received Import Request.
  Time since last request: 0.000079 seconds.
  path: Assets/Scenes 1/Scenes.unity
  artifactKey: Guid(ab0f20b0a6ce5274bb78a2de7b68a69f) Importer(2089858483,192608db42251d675da83286b1cce702)
Start importing Assets/Scenes 1/Scenes.unity using Guid(ab0f20b0a6ce5274bb78a2de7b68a69f) Importer(2089858483,192608db42251d675da83286b1cce702) (ScriptedImporter) -> (artifact id: 'f34f638644c80633d27450b5bf276a1b') in 0.1918111 seconds
Number of updated asset objects reloaded before import = 0Number of asset objects unloaded after import = 1

========================================================================
Received Import Request.
  Time since last request: 0.000088 seconds.
  path: Assets/office texture/office_tv_material_BaseColor.png
  artifactKey: Guid(380404f2f152b6e45b05c88ab504e8b7) Importer(2089858483,192608db42251d675da83286b1cce702)
Start importing Assets/office texture/office_tv_material_BaseColor.png using Guid(380404f2f152b6e45b05c88ab504e8b7) Importer(2089858483,192608db42251d675da83286b1cce702) (ScriptedImporter) -> (artifact id: '800fcb7dd3ab5ad69871d587bfb375e1') in 0.0778003 seconds
Number of updated asset objects reloaded before import = 0Number of asset objects unloaded after import = 1

========================================================================
Received Import Request.
  Time since last request: 0.000382 seconds.
  path: Assets/Materials/elevator-elevator_door_1_metal_material.mat
  artifactKey: Guid(5ed5a27cfdf4f9448a0707bb1c144fd9) Importer(2089858483,192608db42251d675da83286b1cce702)
Start importing Assets/Materials/elevator-elevator_door_1_metal_material.mat using Guid(5ed5a27cfdf4f9448a0707bb1c144fd9) Importer(2089858483,192608db42251d675da83286b1cce702) (ScriptedImporter) -> (artifact id: 'd3ba2a35da3c03a1a0d982eb69806a52') in 0.1180124 seconds
Number of updated asset objects reloaded before import = 0Number of asset objects unloaded after import = 5

========================================================================
Received Import Request.
  Time since last request: 0.000051 seconds.
  path: Assets/psx-bong/source/Bong/BongDirty.jpg
  artifactKey: Guid(6fb4225c8e29466418dc7171b6da02e2) Importer(2089858483,192608db42251d675da83286b1cce702)
Start importing Assets/psx-bong/source/Bong/BongDirty.jpg using Guid(6fb4225c8e29466418dc7171b6da02e2) Importer(2089858483,192608db42251d675da83286b1cce702) (ScriptedImporter) -> (artifact id: '7daacfb7d69a74d599be9e76fdeb167a') in 0.0832195 seconds
Number of updated asset objects reloaded before import = 0Number of asset objects unloaded after import = 1

========================================================================
Received Import Request.
  Time since last request: 0.000055 seconds.
  path: Assets/apartment/apartment_wall_Roughness.png
  artifactKey: Guid(40eeab1601c48c846ade63b9821cb447) Importer(2089858483,192608db42251d675da83286b1cce702)
Start importing Assets/apartment/apartment_wall_Roughness.png using Guid(40eeab1601c48c846ade63b9821cb447) Importer(2089858483,192608db42251d675da83286b1cce702) (ScriptedImporter) -> (artifact id: 'ab173b2dbf2f8fca2c485e9853d97906') in 0.0720793 seconds
Number of updated asset objects reloaded before import = 0Number of asset objects unloaded after import = 1

========================================================================
Received Import Request.
  Time since last request: 0.000041 seconds.
  path: Assets/office texture/office_elevator_frame_Normal.png
  artifactKey: Guid(c9df14e55667ca74ba26300f3940250d) Importer(2089858483,192608db42251d675da83286b1cce702)
Start importing Assets/office texture/office_elevator_frame_Normal.png using Guid(c9df14e55667ca74ba26300f3940250d) Importer(2089858483,192608db42251d675da83286b1cce702) (ScriptedImporter) -> (artifact id: '68a306d07aacbf298f8c1c6ad5314ba0') in 0.0660056 seconds
Number of updated asset objects reloaded before import = 0Number of asset objects unloaded after import = 1

========================================================================
Received Import Request.
  Time since last request: 0.000084 seconds.
  path: Assets/elevator texture/elevator_ceetification_material_BaseColor.png
  artifactKey: Guid(6d359dd9cb383fe478ed59ffada6f81d) Importer(2089858483,192608db42251d675da83286b1cce702)
Start importing Assets/elevator texture/elevator_ceetification_material_BaseColor.png using Guid(6d359dd9cb383fe478ed59ffada6f81d) Importer(2089858483,192608db42251d675da83286b1cce702) (ScriptedImporter) -> (artifact id: '7a33fe7eed07e9dffefc3cd829db9f50') in 0.0714981 seconds
Number of updated asset objects reloaded before import = 0Number of asset objects unloaded after import = 1

========================================================================
Received Import Request.
  Time since last request: 0.000060 seconds.
  path: Assets/office texture/office_floor_material_Roughness.png
  artifactKey: Guid(e4c25939996c2c548acf98c57a3b16f0) Importer(2089858483,192608db42251d675da83286b1cce702)
Start importing Assets/office texture/office_floor_material_Roughness.png using Guid(e4c25939996c2c548acf98c57a3b16f0) Importer(2089858483,192608db42251d675da83286b1cce702) (ScriptedImporter) -> (artifact id: 'f6ad6486acdeeff1045d694ed7f013f7') in 0.0800397 seconds
Number of updated asset objects reloaded before import = 0Number of asset objects unloaded after import = 1

========================================================================
Received Import Request.
  Time since last request: 0.000098 seconds.
  path: Assets/elevator texture/elevator_elevator_door_2_material_Height.png
  artifactKey: Guid(5386f58db6d3b7548bf03cd7f03cd279) Importer(2089858483,192608db42251d675da83286b1cce702)
Start importing Assets/elevator texture/elevator_elevator_door_2_material_Height.png using Guid(5386f58db6d3b7548bf03cd7f03cd279) Importer(2089858483,192608db42251d675da83286b1cce702) (ScriptedImporter) -> (artifact id: '5c885fe95c03dbb20e4bba91837a1535') in 0.1091019 seconds
Number of updated asset objects reloaded before import = 0Number of asset objects unloaded after import = 1

========================================================================
Received Import Request.
  Time since last request: 0.000039 seconds.
  path: Assets/elevator texture/elevator_floor_material_Normal.png
  artifactKey: Guid(9eacf8b912d170c429ca5a97b85f2b95) Importer(2089858483,192608db42251d675da83286b1cce702)
Start importing Assets/elevator texture/elevator_floor_material_Normal.png using Guid(9eacf8b912d170c429ca5a97b85f2b95) Importer(2089858483,192608db42251d675da83286b1cce702) (ScriptedImporter) -> (artifact id: 'ac4c4e07062963e509949b44a79bd347') in 0.0657741 seconds
Number of updated asset objects reloaded before import = 0Number of asset objects unloaded after import = 1

========================================================================
Received Import Request.
  Time since last request: 0.000036 seconds.
  path: Assets/office texture/Materials/office_rug_material_BaseColor.mat
  artifactKey: Guid(7d23517f39f520d40a35baa9ba56476f) Importer(2089858483,192608db42251d675da83286b1cce702)
Start importing Assets/office texture/Materials/office_rug_material_BaseColor.mat using Guid(7d23517f39f520d40a35baa9ba56476f) Importer(2089858483,192608db42251d675da83286b1cce702) (ScriptedImporter) -> (artifact id: 'e8d71a89440910e7e296b866f865f52b') in 0.06253 seconds
Number of updated asset objects reloaded before import = 0Number of asset objects unloaded after import = 2

========================================================================
Received Import Request.
  Time since last request: 0.000046 seconds.
  path: Assets/apartment/Materials/apartment-trash.mat
  artifactKey: Guid(0b47989f5eb66f94b80aa88febdc673d) Importer(2089858483,192608db42251d675da83286b1cce702)
Start importing Assets/apartment/Materials/apartment-trash.mat using Guid(0b47989f5eb66f94b80aa88febdc673d) Importer(2089858483,192608db42251d675da83286b1cce702) (ScriptedImporter) -> (artifact id: 'ab89af9f719b7f70669849abcc00f1a5') in 0.1879543 seconds
Number of updated asset objects reloaded before import = 0Number of asset objects unloaded after import = 5

========================================================================
Received Import Request.
  Time since last request: 0.000060 seconds.
  path: Assets/apartment/apartment_counter sink_Roughness.png
  artifactKey: Guid(35148adcb73876542ae1ae9eca9cc6a0) Importer(2089858483,192608db42251d675da83286b1cce702)
Start importing Assets/apartment/apartment_counter sink_Roughness.png using Guid(35148adcb73876542ae1ae9eca9cc6a0) Importer(2089858483,192608db42251d675da83286b1cce702) (ScriptedImporter) -> (artifact id: '111dff1c51707c261f072432b9d59439') in 0.088579 seconds
Number of updated asset objects reloaded before import = 0Number of asset objects unloaded after import = 1

========================================================================
Received Import Request.
  Time since last request: 0.000091 seconds.
  path: Assets/apartment/Materials/tv_stand.mat
  artifactKey: Guid(8c1df3efa5043e34d8c2ec020674303a) Importer(2089858483,192608db42251d675da83286b1cce702)
Start importing Assets/apartment/Materials/tv_stand.mat using Guid(8c1df3efa5043e34d8c2ec020674303a) Importer(2089858483,192608db42251d675da83286b1cce702) (ScriptedImporter) -> (artifact id: '02bdd01fd9dd1d51e9f98de75a3b1ed6') in 0.0778961 seconds
Number of updated asset objects reloaded before import = 0Number of asset objects unloaded after import = 1

========================================================================
Received Import Request.
  Time since last request: 0.000055 seconds.
  path: Assets/elevator texture/elevator_panel_material_Metallic.png
  artifactKey: Guid(4532fd21d73425244922b7c13f6f6d35) Importer(2089858483,192608db42251d675da83286b1cce702)
Start importing Assets/elevator texture/elevator_panel_material_Metallic.png using Guid(4532fd21d73425244922b7c13f6f6d35) Importer(2089858483,192608db42251d675da83286b1cce702) (ScriptedImporter) -> (artifact id: '813cab205c1dc4773f53a50bfb72b4e9') in 0.0759821 seconds
Number of updated asset objects reloaded before import = 0Number of asset objects unloaded after import = 1

========================================================================
Received Import Request.
  Time since last request: 0.000048 seconds.
  path: Assets/script/ObjectiveUi.cs
  artifactKey: Guid(a308f96bcc310f14595bc248ad826f86) Importer(2089858483,192608db42251d675da83286b1cce702)
Start importing Assets/script/ObjectiveUi.cs using Guid(a308f96bcc310f14595bc248ad826f86) Importer(2089858483,192608db42251d675da83286b1cce702) (ScriptedImporter) -> (artifact id: '0a5e3d5dcab304344eb646a80a507fde') in 0.0328352 seconds
Number of updated asset objects reloaded before import = 0Number of asset objects unloaded after import = 0

========================================================================
Received Import Request.
  Time since last request: 0.000165 seconds.
  path: Assets/apartment/apartment_fridge_BaseColor.png
  artifactKey: Guid(db8de5ea921e31849ac0065efcf5d49c) Importer(2089858483,192608db42251d675da83286b1cce702)
Start importing Assets/apartment/apartment_fridge_BaseColor.png using Guid(db8de5ea921e31849ac0065efcf5d49c) Importer(2089858483,192608db42251d675da83286b1cce702) (ScriptedImporter) -> (artifact id: '0bf43fb04792486574601365b0ba5123') in 0.0814878 seconds
Number of updated asset objects reloaded before import = 0Number of asset objects unloaded after import = 1

========================================================================
Received Import Request.
  Time since last request: 0.000090 seconds.
  path: Assets/apartment/apartment_chair_Normal.png
  artifactKey: Guid(b7ca8ae1a81ff5e42a2f7c9a67bba5fa) Importer(2089858483,192608db42251d675da83286b1cce702)
Start importing Assets/apartment/apartment_chair_Normal.png using Guid(b7ca8ae1a81ff5e42a2f7c9a67bba5fa) Importer(2089858483,192608db42251d675da83286b1cce702) (ScriptedImporter) -> (artifact id: 'b1a914dd63a97c4ec4e1a41491e65672') in 0.0815869 seconds
Number of updated asset objects reloaded before import = 0Number of asset objects unloaded after import = 1

========================================================================
Received Import Request.
  Time since last request: 0.000036 seconds.
  path: Assets/apartment/apartment_window_Normal.png
  artifactKey: Guid(9133587c09c324448893fc31c4e0df83) Importer(2089858483,192608db42251d675da83286b1cce702)
Start importing Assets/apartment/apartment_window_Normal.png using Guid(9133587c09c324448893fc31c4e0df83) Importer(2089858483,192608db42251d675da83286b1cce702) (ScriptedImporter) -> (artifact id: 'dd5a53447103a1954a7f566467674dd2') in 0.2078779 seconds
Number of updated asset objects reloaded before import = 0Number of asset objects unloaded after import = 1

========================================================================
Received Import Request.
  Time since last request: 0.000443 seconds.
  path: Assets/videoplayback.mp4
  artifactKey: Guid(1ef8c179c23dd9d4698e045784cff416) Importer(2089858483,192608db42251d675da83286b1cce702)
Start importing Assets/videoplayback.mp4 using Guid(1ef8c179c23dd9d4698e045784cff416) Importer(2089858483,192608db42251d675da83286b1cce702) (ScriptedImporter) -> (artifact id: 'e9ce33e5ddded3e4be137609f95f53cd') in 0.1041772 seconds
Number of updated asset objects reloaded before import = 0Number of asset objects unloaded after import = 1

========================================================================
Received Import Request.
  Time since last request: 0.000036 seconds.
  path: Assets/apartment/Materials/apartment-counter.mat
  artifactKey: Guid(438b026042b9c614cace161da70f5b66) Importer(2089858483,192608db42251d675da83286b1cce702)
Start importing Assets/apartment/Materials/apartment-counter.mat using Guid(438b026042b9c614cace161da70f5b66) Importer(2089858483,192608db42251d675da83286b1cce702) (ScriptedImporter) -> (artifact id: 'b54161e2983a18907c1e1886b2ec2767') in 0.3176578 seconds
Number of updated asset objects reloaded before import = 0Number of asset objects unloaded after import = 4

========================================================================
Received Import Request.
  Time since last request: 0.000049 seconds.
  path: Assets/Ui/Ui/Anger.png
  artifactKey: Guid(94777b7e9bb004949b43b099eef847db) Importer(2089858483,192608db42251d675da83286b1cce702)
Start importing Assets/Ui/Ui/Anger.png using Guid(94777b7e9bb004949b43b099eef847db) Importer(2089858483,192608db42251d675da83286b1cce702) (ScriptedImporter) -> (artifact id: 'a5a45f27c81d9719e31bc1f58972d2c9') in 0.146178 seconds
Number of updated asset objects reloaded before import = 0Number of asset objects unloaded after import = 3

========================================================================
Received Import Request.
  Time since last request: 0.000068 seconds.
  path: Assets/Materials/door_material1.mat
  artifactKey: Guid(35344d3ccd1f8c240b41cf5813d73096) Importer(2089858483,192608db42251d675da83286b1cce702)
Start importing Assets/Materials/door_material1.mat using Guid(35344d3ccd1f8c240b41cf5813d73096) Importer(2089858483,192608db42251d675da83286b1cce702) (ScriptedImporter) -> (artifact id: '0a97447b0d35c4bb98416b8ed790cd63') in 0.1038071 seconds
Number of updated asset objects reloaded before import = 0Number of asset objects unloaded after import = 4

========================================================================
Received Import Request.
  Time since last request: 0.000059 seconds.
  path: Assets/Super Retro Compact Pack/Scenes/Highway_Pieces_01.unity
  artifactKey: Guid(e2cb9bb1d4d38364a99c8f0e9ccb61c8) Importer(2089858483,192608db42251d675da83286b1cce702)
Start importing Assets/Super Retro Compact Pack/Scenes/Highway_Pieces_01.unity using Guid(e2cb9bb1d4d38364a99c8f0e9ccb61c8) Importer(2089858483,192608db42251d675da83286b1cce702) (ScriptedImporter) -> (artifact id: '0f3c54e346c002c3b0b3f3e240e20e4d') in 0.0691587 seconds
Number of updated asset objects reloaded before import = 0Number of asset objects unloaded after import = 1

========================================================================
Received Import Request.
  Time since last request: 0.000045 seconds.
  path: Assets/PSX City/PSX City/Textures/Roof.png
  artifactKey: Guid(093f70b41ae41864b880ca560031a272) Importer(2089858483,192608db42251d675da83286b1cce702)
Start importing Assets/PSX City/PSX City/Textures/Roof.png using Guid(093f70b41ae41864b880ca560031a272) Importer(2089858483,192608db42251d675da83286b1cce702) (ScriptedImporter) -> (artifact id: 'ade34995ea97fcd5c8a5ba15c2679eac') in 0.109382 seconds
Number of updated asset objects reloaded before import = 0Number of asset objects unloaded after import = 1

========================================================================
Received Import Request.
  Time since last request: 0.000058 seconds.
  path: Assets/office texture/office_front_desk_material_Height.png
  artifactKey: Guid(a57cc5c984ec4474883455b073def314) Importer(2089858483,192608db42251d675da83286b1cce702)
Start importing Assets/office texture/office_front_desk_material_Height.png using Guid(a57cc5c984ec4474883455b073def314) Importer(2089858483,192608db42251d675da83286b1cce702) (ScriptedImporter) -> (artifact id: '2f6ef130a82fcf13fd81d3dce4333af1') in 0.1399597 seconds
Number of updated asset objects reloaded before import = 0Number of asset objects unloaded after import = 1

========================================================================
Received Import Request.
  Time since last request: 0.000060 seconds.
  path: Assets/elevator texture/elevator_grip_bolt_material_Roughness.png
  artifactKey: Guid(234d6fc68877f8b48bc0a332283acabb) Importer(2089858483,192608db42251d675da83286b1cce702)
Start importing Assets/elevator texture/elevator_grip_bolt_material_Roughness.png using Guid(234d6fc68877f8b48bc0a332283acabb) Importer(2089858483,192608db42251d675da83286b1cce702) (ScriptedImporter) -> (artifact id: '3e966fd1fb9545c94243b044ed354908') in 0.0717886 seconds
Number of updated asset objects reloaded before import = 0Number of asset objects unloaded after import = 1

========================================================================
Received Import Request.
  Time since last request: 0.000046 seconds.
  path: Assets/apartment/Materials/curtain.mat
  artifactKey: Guid(a2a9e6025a2c68942a5ac5b54076f5d8) Importer(2089858483,192608db42251d675da83286b1cce702)
Start importing Assets/apartment/Materials/curtain.mat using Guid(a2a9e6025a2c68942a5ac5b54076f5d8) Importer(2089858483,192608db42251d675da83286b1cce702) (ScriptedImporter) -> (artifact id: 'a0824055e316dccb7df0737fb5be098a') in 0.1177774 seconds
Number of updated asset objects reloaded before import = 0Number of asset objects unloaded after import = 1

========================================================================
Received Import Request.
  Time since last request: 0.000058 seconds.
  path: Assets/Super Retro Compact Pack/Highway Set/Models/Barrier_01.fbx
  artifactKey: Guid(9b63c2c86c646894b873fd47ec750e46) Importer(2089858483,192608db42251d675da83286b1cce702)
Start importing Assets/Super Retro Compact Pack/Highway Set/Models/Barrier_01.fbx using Guid(9b63c2c86c646894b873fd47ec750e46) Importer(2089858483,192608db42251d675da83286b1cce702) (ScriptedImporter) -> (artifact id: 'eb8426825641d085d8884e1ed0db96e1') in 0.3432807 seconds
Number of updated asset objects reloaded before import = 0Number of asset objects unloaded after import = 8

========================================================================
Received Import Request.
  Time since last request: 0.000071 seconds.
  path: Assets/Footsteps - Essentials
  artifactKey: Guid(ff82dd22314a8af419e06aed29322a68) Importer(2089858483,192608db42251d675da83286b1cce702)
Start importing Assets/Footsteps - Essentials using Guid(ff82dd22314a8af419e06aed29322a68) Importer(2089858483,192608db42251d675da83286b1cce702) (ScriptedImporter) -> (artifact id: '142c24a4f6283b30bc31e29ef0819c2a') in 0.043065 seconds
Number of updated asset objects reloaded before import = 0Number of asset objects unloaded after import = 1

========================================================================
Received Import Request.
  Time since last request: 0.000054 seconds.
  path: Assets/5 Minutes of Rain and Thunderstorm Sounds For Focus, Relaxing and Sleep  Epidemic ASMR.mp3
  artifactKey: Guid(b74271889d2760d49b975b1507df8c96) Importer(2089858483,192608db42251d675da83286b1cce702)
Start importing Assets/5 Minutes of Rain and Thunderstorm Sounds For Focus, Relaxing and Sleep  Epidemic ASMR.mp3 using Guid(b74271889d2760d49b975b1507df8c96) Importer(2089858483,192608db42251d675da83286b1cce702) (ScriptedImporter) -> (artifact id: '3e1009be9384f8918c9a018990a2a558') in 0.3438494 seconds
Number of updated asset objects reloaded before import = 0Number of asset objects unloaded after import = 1

========================================================================
Received Import Request.
  Time since last request: 0.000153 seconds.
  path: Assets/office texture/office_chair_material1_BaseColor.png
  artifactKey: Guid(2e28fde5108e83547971e35332b43556) Importer(2089858483,192608db42251d675da83286b1cce702)
Start importing Assets/office texture/office_chair_material1_BaseColor.png using Guid(2e28fde5108e83547971e35332b43556) Importer(2089858483,192608db42251d675da83286b1cce702) (ScriptedImporter) -> (artifact id: 'e31bf0b1c66ee78199c76c2e9fb7e26b') in 0.0803502 seconds
Number of updated asset objects reloaded before import = 0Number of asset objects unloaded after import = 1

========================================================================
Received Import Request.
  Time since last request: 0.000042 seconds.
  path: Assets/Kevin MacLeod_ Local Forecast - Elevator.wav
  artifactKey: Guid(9a998d7934db7fe4f9b969246a9f7bf6) Importer(2089858483,192608db42251d675da83286b1cce702)
Start importing Assets/Kevin MacLeod_ Local Forecast - Elevator.wav using Guid(9a998d7934db7fe4f9b969246a9f7bf6) Importer(2089858483,192608db42251d675da83286b1cce702) (ScriptedImporter) -> (artifact id: '8ab78f9b11734481c96e66d0a702994e') in 0.2067851 seconds
Number of updated asset objects reloaded before import = 0Number of asset objects unloaded after import = 1

========================================================================
Received Import Request.
  Time since last request: 0.000149 seconds.
  path: Assets/script/CharController.cs
  artifactKey: Guid(d082733551f27a942b53d0dced91c915) Importer(2089858483,192608db42251d675da83286b1cce702)
Start importing Assets/script/CharController.cs using Guid(d082733551f27a942b53d0dced91c915) Importer(2089858483,192608db42251d675da83286b1cce702) (ScriptedImporter) -> (artifact id: '2fb61e47694fe499922528d0370db948') in 0.0288645 seconds
Number of updated asset objects reloaded before import = 0Number of asset objects unloaded after import = 0

========================================================================
Received Import Request.
  Time since last request: 0.000044 seconds.
  path: Assets/chinese-take-out-boxes/Materials/food3.mat
  artifactKey: Guid(53e49d8c64d1cc04588198616bb0b10d) Importer(2089858483,192608db42251d675da83286b1cce702)
Start importing Assets/chinese-take-out-boxes/Materials/food3.mat using Guid(53e49d8c64d1cc04588198616bb0b10d) Importer(2089858483,192608db42251d675da83286b1cce702) (ScriptedImporter) -> (artifact id: 'd78bc1defcdd411b365870afe59bd5c6') in 0.0736131 seconds
Number of updated asset objects reloaded before import = 0Number of asset objects unloaded after import = 2

========================================================================
Received Import Request.
  Time since last request: 0.000042 seconds.
  path: Assets/Super Retro Compact Pack/Highway Set/Models/Gate_01.fbx
  artifactKey: Guid(d6c27db64f76ba144800e0768d66cbe4) Importer(2089858483,192608db42251d675da83286b1cce702)
Start importing Assets/Super Retro Compact Pack/Highway Set/Models/Gate_01.fbx using Guid(d6c27db64f76ba144800e0768d66cbe4) Importer(2089858483,192608db42251d675da83286b1cce702) (ScriptedImporter) -> (artifact id: 'b1106e55fe84d78436cdb58a95fb8b59') in 0.1248027 seconds
Number of updated asset objects reloaded before import = 0Number of asset objects unloaded after import = 21

========================================================================
Received Import Request.
  Time since last request: 0.000050 seconds.
  path: Assets/Super Retro Compact Pack/Models
  artifactKey: Guid(5a38820d262724a41bb03fd92f295d37) Importer(2089858483,192608db42251d675da83286b1cce702)
Start importing Assets/Super Retro Compact Pack/Models using Guid(5a38820d262724a41bb03fd92f295d37) Importer(2089858483,192608db42251d675da83286b1cce702) (ScriptedImporter) -> (artifact id: '1217232496885c89c7714fca52ecab21') in 0.0341799 seconds
Number of updated asset objects reloaded before import = 0Number of asset objects unloaded after import = 1

========================================================================
Received Import Request.
  Time since last request: 0.000228 seconds.
  path: Assets/Scenes 1/8RideBackHome.unity
  artifactKey: Guid(431fa1f549d69174d976a6f833c298ee) Importer(2089858483,192608db42251d675da83286b1cce702)
Start importing Assets/Scenes 1/8RideBackHome.unity using Guid(431fa1f549d69174d976a6f833c298ee) Importer(2089858483,192608db42251d675da83286b1cce702) (ScriptedImporter) -> (artifact id: 'c43ce7c8b3d18640926bc8df046d8ce0') in 0.106865 seconds
Number of updated asset objects reloaded before import = 0Number of asset objects unloaded after import = 1

========================================================================
Received Import Request.
  Time since last request: 0.000224 seconds.
  path: Assets/psx-bong/source/Bong/Bong.fbx
  artifactKey: Guid(0bf11a1fa76f7ce45bfeebce98dc338e) Importer(2089858483,192608db42251d675da83286b1cce702)
Start importing Assets/psx-bong/source/Bong/Bong.fbx using Guid(0bf11a1fa76f7ce45bfeebce98dc338e) Importer(2089858483,192608db42251d675da83286b1cce702) (ScriptedImporter) -> (artifact id: '2c96a90c3653470e6721461c07ba7b08') in 0.2123598 seconds
Number of updated asset objects reloaded before import = 0Number of asset objects unloaded after import = 19

========================================================================
Received Import Request.
  Time since last request: 0.000060 seconds.
  path: Assets/Ui/Ui/neutral.png
  artifactKey: Guid(d97be1197205b5d428ef3e217b8b49f1) Importer(2089858483,192608db42251d675da83286b1cce702)
Start importing Assets/Ui/Ui/neutral.png using Guid(d97be1197205b5d428ef3e217b8b49f1) Importer(2089858483,192608db42251d675da83286b1cce702) (ScriptedImporter) -> (artifact id: '72ec8d1b1d27e5c2a06e1e5020c9e604') in 0.1137707 seconds
Number of updated asset objects reloaded before import = 0Number of asset objects unloaded after import = 3

========================================================================
Received Import Request.
  Time since last request: 0.000056 seconds.
  path: Assets/Super Retro Compact Pack/Prefabs/CompactCar_Orange.prefab
  artifactKey: Guid(bd149a05945aa5a47838bffd087d8205) Importer(2089858483,192608db42251d675da83286b1cce702)
Start importing Assets/Super Retro Compact Pack/Prefabs/CompactCar_Orange.prefab using Guid(bd149a05945aa5a47838bffd087d8205) Importer(2089858483,192608db42251d675da83286b1cce702) (ScriptedImporter) -> (artifact id: 'b73992ab243904096d94b52977431d3b') in 0.076023 seconds
Number of updated asset objects reloaded before import = 0Number of asset objects unloaded after import = 34

========================================================================
Received Import Request.
  Time since last request: 0.000087 seconds.
  path: Assets/apartment/apartment_lamp_Metallic.png
  artifactKey: Guid(ddd471fdb0f6d7d4392d0a442a024507) Importer(2089858483,192608db42251d675da83286b1cce702)
Start importing Assets/apartment/apartment_lamp_Metallic.png using Guid(ddd471fdb0f6d7d4392d0a442a024507) Importer(2089858483,192608db42251d675da83286b1cce702) (ScriptedImporter) -> (artifact id: '63812f65b3a95d3435b354ffd48946ad') in 0.0973063 seconds
Number of updated asset objects reloaded before import = 0Number of asset objects unloaded after import = 1

========================================================================
Received Import Request.
  Time since last request: 0.000265 seconds.
  path: Assets/apartment/apartment_plant_BaseColor.png
  artifactKey: Guid(525341b5ca1e0fc40b39bab91e68d7ae) Importer(2089858483,192608db42251d675da83286b1cce702)
Start importing Assets/apartment/apartment_plant_BaseColor.png using Guid(525341b5ca1e0fc40b39bab91e68d7ae) Importer(2089858483,192608db42251d675da83286b1cce702) (ScriptedImporter) -> (artifact id: '9dcc6fb237fb4034845839f31fd85e18') in 0.1394364 seconds
Number of updated asset objects reloaded before import = 0Number of asset objects unloaded after import = 1

========================================================================
Received Import Request.
  Time since last request: 0.000053 seconds.
  path: Assets/chinese-take-out-boxes/Materials
  artifactKey: Guid(d26abd4909b8e05459218ca41aaf10db) Importer(2089858483,192608db42251d675da83286b1cce702)
Start importing Assets/chinese-take-out-boxes/Materials using Guid(d26abd4909b8e05459218ca41aaf10db) Importer(2089858483,192608db42251d675da83286b1cce702) (ScriptedImporter) -> (artifact id: '689294a75e62cbf4a919298e326b84bd') in 0.0329658 seconds
Number of updated asset objects reloaded before import = 0Number of asset objects unloaded after import = 1

========================================================================
Received Import Request.
  Time since last request: 0.000060 seconds.
  path: Assets/apartment/Materials/apartment-curtain.mat
  artifactKey: Guid(9ce31c168a4ca8047ad880f017a03740) Importer(2089858483,192608db42251d675da83286b1cce702)
Start importing Assets/apartment/Materials/apartment-curtain.mat using Guid(9ce31c168a4ca8047ad880f017a03740) Importer(2089858483,192608db42251d675da83286b1cce702) (ScriptedImporter) -> (artifact id: 'dbfef8b7ffd7f0f1b52baa7b699b3fbe') in 0.05787 seconds
Number of updated asset objects reloaded before import = 0Number of asset objects unloaded after import = 1

========================================================================
Received Import Request.
  Time since last request: 0.000147 seconds.
  path: Assets/PSX City/PSX City/Textures/Building5.png
  artifactKey: Guid(0e7dc883690684a4bba571729edef8c6) Importer(2089858483,192608db42251d675da83286b1cce702)
Start importing Assets/PSX City/PSX City/Textures/Building5.png using Guid(0e7dc883690684a4bba571729edef8c6) Importer(2089858483,192608db42251d675da83286b1cce702) (ScriptedImporter) -> (artifact id: '4ee143718c4e461334c75d0ded64a1a2') in 0.0872222 seconds
Number of updated asset objects reloaded before import = 0Number of asset objects unloaded after import = 1

========================================================================
Received Import Request.
  Time since last request: 0.000039 seconds.
  path: Assets/Pill_Bottle.obj
  artifactKey: Guid(cef55c83b85891f4bbfb3f3b95fb6d6e) Importer(2089858483,192608db42251d675da83286b1cce702)
Start importing Assets/Pill_Bottle.obj using Guid(cef55c83b85891f4bbfb3f3b95fb6d6e) Importer(2089858483,192608db42251d675da83286b1cce702) (ScriptedImporter) -> (artifact id: 'e2b9429492f57a212a81f60b1701e858') in 0.0870364 seconds
Number of updated asset objects reloaded before import = 0Number of asset objects unloaded after import = 10

========================================================================
Received Import Request.
  Time since last request: 0.000054 seconds.
  path: Assets/Super Retro Compact Pack/Materials/FunCar_Muscle_Blue.mat
  artifactKey: Guid(877ad7c4b6a32e14196ae1045b9f0d4c) Importer(2089858483,192608db42251d675da83286b1cce702)
Start importing Assets/Super Retro Compact Pack/Materials/FunCar_Muscle_Blue.mat using Guid(877ad7c4b6a32e14196ae1045b9f0d4c) Importer(2089858483,192608db42251d675da83286b1cce702) (ScriptedImporter) -> (artifact id: 'd081f2fb2af99c54635c153711aa1ce0') in 0.0725206 seconds
Number of updated asset objects reloaded before import = 0Number of asset objects unloaded after import = 2

========================================================================
Received Import Request.
  Time since last request: 0.000063 seconds.
  path: Assets/yawm.anim
  artifactKey: Guid(eda9123fc5661054795797e4a7f8d07a) Importer(2089858483,192608db42251d675da83286b1cce702)
Start importing Assets/yawm.anim using Guid(eda9123fc5661054795797e4a7f8d07a) Importer(2089858483,192608db42251d675da83286b1cce702) (ScriptedImporter) -> (artifact id: '4ec6fa518c275cde3004237dfb0c21ac') in 0.0946758 seconds
Number of updated asset objects reloaded before import = 0Number of asset objects unloaded after import = 1

========================================================================
Received Import Request.
  Time since last request: 0.000156 seconds.
  path: Assets/cerveza-cristal-psx
  artifactKey: Guid(0a12aaecf0caaef4387129d9a0a91e2d) Importer(2089858483,192608db42251d675da83286b1cce702)
Start importing Assets/cerveza-cristal-psx using Guid(0a12aaecf0caaef4387129d9a0a91e2d) Importer(2089858483,192608db42251d675da83286b1cce702) (ScriptedImporter) -> (artifact id: 'd8d6627ad80bd232d3e2db5a049a96f0') in 0.030459 seconds
Number of updated asset objects reloaded before import = 0Number of asset objects unloaded after import = 1

========================================================================
Received Import Request.
  Time since last request: 0.000139 seconds.
  path: Assets/apartment/Materials/apartment-fridge.mat
  artifactKey: Guid(c84096c2f47201547a0bb69b44dd6fb7) Importer(2089858483,192608db42251d675da83286b1cce702)
Start importing Assets/apartment/Materials/apartment-fridge.mat using Guid(c84096c2f47201547a0bb69b44dd6fb7) Importer(2089858483,192608db42251d675da83286b1cce702) (ScriptedImporter) -> (artifact id: '6af9e1b0a1088b7969f57805ed14e405') in 0.1222685 seconds
Number of updated asset objects reloaded before import = 0Number of asset objects unloaded after import = 5

========================================================================
Received Import Request.
  Time since last request: 0.000048 seconds.
  path: Assets/Super Retro Compact Pack/Highway Set/Textures/RoadSigns_01.png
  artifactKey: Guid(691b1bce20a59ed4b982e00781367407) Importer(2089858483,192608db42251d675da83286b1cce702)
Start importing Assets/Super Retro Compact Pack/Highway Set/Textures/RoadSigns_01.png using Guid(691b1bce20a59ed4b982e00781367407) Importer(2089858483,192608db42251d675da83286b1cce702) (ScriptedImporter) -> (artifact id: 'e30681ae21cc359ba8f495e3b2ddff1a') in 0.0883888 seconds
Number of updated asset objects reloaded before import = 0Number of asset objects unloaded after import = 1

========================================================================
Received Import Request.
  Time since last request: 0.000097 seconds.
  path: Assets/mettalica.jpg
  artifactKey: Guid(012b8566e482bb64b93df60460e36e38) Importer(2089858483,192608db42251d675da83286b1cce702)
Start importing Assets/mettalica.jpg using Guid(012b8566e482bb64b93df60460e36e38) Importer(2089858483,192608db42251d675da83286b1cce702) (ScriptedImporter) -> (artifact id: '22c064b29dc6e60c3b04edcbcea42815') in 0.066003 seconds
Number of updated asset objects reloaded before import = 0Number of asset objects unloaded after import = 1

========================================================================
Received Import Request.
  Time since last request: 0.000048 seconds.
  path: Assets/apartment/apartment_rug_Metallic.png
  artifactKey: Guid(a5e0cf6fe1e0272419ecfdbce4f7446c) Importer(2089858483,192608db42251d675da83286b1cce702)
Start importing Assets/apartment/apartment_rug_Metallic.png using Guid(a5e0cf6fe1e0272419ecfdbce4f7446c) Importer(2089858483,192608db42251d675da83286b1cce702) (ScriptedImporter) -> (artifact id: '18a89e610523f0aa3956d5ef709b1daa') in 0.1064914 seconds
Number of updated asset objects reloaded before import = 0Number of asset objects unloaded after import = 1

========================================================================
Received Import Request.
  Time since last request: 0.000179 seconds.
  path: Assets/apartment/apartment_floor_Roughness.png
  artifactKey: Guid(84065cb147a991b4bbef2089902b1c94) Importer(2089858483,192608db42251d675da83286b1cce702)
Start importing Assets/apartment/apartment_floor_Roughness.png using Guid(84065cb147a991b4bbef2089902b1c94) Importer(2089858483,192608db42251d675da83286b1cce702) (ScriptedImporter) -> (artifact id: '2df03b6d0e60713decff351f6cd58ec1') in 0.0660534 seconds
Number of updated asset objects reloaded before import = 0Number of asset objects unloaded after import = 1

========================================================================
Received Import Request.
  Time since last request: 0.000085 seconds.
  path: Assets/Flies Swarming _ Buzzing - Sound Effect.mp3
  artifactKey: Guid(00a7a93f997e5454e832beb05edb7efe) Importer(2089858483,192608db42251d675da83286b1cce702)
Start importing Assets/Flies Swarming _ Buzzing - Sound Effect.mp3 using Guid(00a7a93f997e5454e832beb05edb7efe) Importer(2089858483,192608db42251d675da83286b1cce702) (ScriptedImporter) -> (artifact id: '8369c318f5ffd08642294c0a015ed90c') in 0.1448513 seconds
Number of updated asset objects reloaded before import = 0Number of asset objects unloaded after import = 1

========================================================================
Received Import Request.
  Time since last request: 0.000137 seconds.
  path: Assets/Ui/__MACOSX/Ui
  artifactKey: Guid(1bd293f47e01fbb42b5e2fb6d70571f2) Importer(2089858483,192608db42251d675da83286b1cce702)
Start importing Assets/Ui/__MACOSX/Ui using Guid(1bd293f47e01fbb42b5e2fb6d70571f2) Importer(2089858483,192608db42251d675da83286b1cce702) (ScriptedImporter) -> (artifact id: '2ebddac98470d404a93648f06d1f6faa') in 0.0342712 seconds
Number of updated asset objects reloaded before import = 0Number of asset objects unloaded after import = 1

========================================================================
Received Import Request.
  Time since last request: 0.000091 seconds.
  path: Assets/apartment/apartment_lamp_Roughness.png
  artifactKey: Guid(d2b311fc15812624a95f0fc3f45d17ad) Importer(2089858483,192608db42251d675da83286b1cce702)
Start importing Assets/apartment/apartment_lamp_Roughness.png using Guid(d2b311fc15812624a95f0fc3f45d17ad) Importer(2089858483,192608db42251d675da83286b1cce702) (ScriptedImporter) -> (artifact id: 'dfd2d4e6e93f5c582030411f7ba53c5c') in 0.0955527 seconds
Number of updated asset objects reloaded before import = 0Number of asset objects unloaded after import = 1

========================================================================
Received Import Request.
  Time since last request: 0.000036 seconds.
  path: Assets/instrument-guitar-ultra-low-poly/textures/Meshessipropinstrumentguitar041Tex.png
  artifactKey: Guid(4f141c0ea8f054e409f45b9e50351065) Importer(2089858483,192608db42251d675da83286b1cce702)
Start importing Assets/instrument-guitar-ultra-low-poly/textures/Meshessipropinstrumentguitar041Tex.png using Guid(4f141c0ea8f054e409f45b9e50351065) Importer(2089858483,192608db42251d675da83286b1cce702) (ScriptedImporter) -> (artifact id: '69560b3f4909f6a7097a348dec9f11fe') in 0.0767827 seconds
Number of updated asset objects reloaded before import = 0Number of asset objects unloaded after import = 1

========================================================================
Received Import Request.
  Time since last request: 0.000102 seconds.
  path: Assets/apartment/apartment_trash_Metallic.png
  artifactKey: Guid(110c90608c1b89f4c9219282a1e485b8) Importer(2089858483,192608db42251d675da83286b1cce702)
Start importing Assets/apartment/apartment_trash_Metallic.png using Guid(110c90608c1b89f4c9219282a1e485b8) Importer(2089858483,192608db42251d675da83286b1cce702) (ScriptedImporter) -> (artifact id: 'e28307171fd1c7a518c56ba93904f5a6') in 0.0582937 seconds
Number of updated asset objects reloaded before import = 0Number of asset objects unloaded after import = 1

========================================================================
Received Import Request.
  Time since last request: 0.000067 seconds.
  path: Assets/Scared.fbx
  artifactKey: Guid(59abf38e1ff1deb438566713ad8645cb) Importer(2089858483,192608db42251d675da83286b1cce702)
Start importing Assets/Scared.fbx using Guid(59abf38e1ff1deb438566713ad8645cb) Importer(2089858483,192608db42251d675da83286b1cce702) (ScriptedImporter) -> (artifact id: 'a49cacd7fbc860e1ef62ff723536e2ba') in 0.1763457 seconds
Number of updated asset objects reloaded before import = 0Number of asset objects unloaded after import = 142

========================================================================
Received Import Request.
  Time since last request: 0.000041 seconds.
  path: Assets/music.mat
  artifactKey: Guid(65667bcc0dc6c444e9f68d230a14ada2) Importer(2089858483,192608db42251d675da83286b1cce702)
Start importing Assets/music.mat using Guid(65667bcc0dc6c444e9f68d230a14ada2) Importer(2089858483,192608db42251d675da83286b1cce702) (ScriptedImporter) -> (artifact id: '76628973101c7c69bb2eff36ea1594c4') in 0.095437 seconds
Number of updated asset objects reloaded before import = 0Number of asset objects unloaded after import = 2

========================================================================
Received Import Request.
  Time since last request: 0.000043 seconds.
  path: Assets/apartment/apartment_chair_Metallic.png
  artifactKey: Guid(c2db529368957404fbc8e3bcfdbe44a7) Importer(2089858483,192608db42251d675da83286b1cce702)
Start importing Assets/apartment/apartment_chair_Metallic.png using Guid(c2db529368957404fbc8e3bcfdbe44a7) Importer(2089858483,192608db42251d675da83286b1cce702) (ScriptedImporter) -> (artifact id: 'f31ff0c0dc0c88cd99734dbad9fca577') in 0.0804065 seconds
Number of updated asset objects reloaded before import = 0Number of asset objects unloaded after import = 1

========================================================================
Received Import Request.
  Time since last request: 0.000151 seconds.
  path: Assets/apartment/Materials/couch.mat
  artifactKey: Guid(544f0250a9a9e484bbbeeb9d4ccdfbd2) Importer(2089858483,192608db42251d675da83286b1cce702)
Start importing Assets/apartment/Materials/couch.mat using Guid(544f0250a9a9e484bbbeeb9d4ccdfbd2) Importer(2089858483,192608db42251d675da83286b1cce702) (ScriptedImporter) -> (artifact id: '85b7cc9625f3abd03c59439d35a39d19') in 0.0635654 seconds
Number of updated asset objects reloaded before import = 0Number of asset objects unloaded after import = 1

========================================================================
Received Import Request.
  Time since last request: 0.000041 seconds.
  path: Assets/script/DialogueController.cs
  artifactKey: Guid(fba0d546404e73947bad2606a8e410cf) Importer(2089858483,192608db42251d675da83286b1cce702)
Start importing Assets/script/DialogueController.cs using Guid(fba0d546404e73947bad2606a8e410cf) Importer(2089858483,192608db42251d675da83286b1cce702) (ScriptedImporter) -> (artifact id: '57bc1faa3956c0ea4aa1d3e1e6079338') in 0.0455805 seconds
Number of updated asset objects reloaded before import = 0Number of asset objects unloaded after import = 0

========================================================================
Received Import Request.
  Time since last request: 0.000037 seconds.
  path: Assets/water.mat
  artifactKey: Guid(978703146550501408ed7d5788e21b2b) Importer(2089858483,192608db42251d675da83286b1cce702)
Start importing Assets/water.mat using Guid(978703146550501408ed7d5788e21b2b) Importer(2089858483,192608db42251d675da83286b1cce702) (ScriptedImporter) -> (artifact id: '5fb40d3a62d1cfaaf419bb5ee8e4f530') in 0.1711133 seconds
Number of updated asset objects reloaded before import = 0Number of asset objects unloaded after import = 2

========================================================================
Received Import Request.
  Time since last request: 0.000056 seconds.
  path: Assets/Super Retro Compact Pack/Highway Set/Models/Skydome.fbx
  artifactKey: Guid(fb910e1c5078454408bfd32ba375fc3e) Importer(2089858483,192608db42251d675da83286b1cce702)
Start importing Assets/Super Retro Compact Pack/Highway Set/Models/Skydome.fbx using Guid(fb910e1c5078454408bfd32ba375fc3e) Importer(2089858483,192608db42251d675da83286b1cce702) (ScriptedImporter) -> (artifact id: '26a3e33648fd0942cab64b63483c0730') in 0.1311991 seconds
Number of updated asset objects reloaded before import = 0Number of asset objects unloaded after import = 16

========================================================================
Received Import Request.
  Time since last request: 0.000112 seconds.
  path: Assets/apartment/apartment_rug_Height.png
  artifactKey: Guid(739921a0dea65a3499bdb1fa32f89796) Importer(2089858483,192608db42251d675da83286b1cce702)
Start importing Assets/apartment/apartment_rug_Height.png using Guid(739921a0dea65a3499bdb1fa32f89796) Importer(2089858483,192608db42251d675da83286b1cce702) (ScriptedImporter) -> (artifact id: '74b03300ec5221ce45ef7876b64c9a5a') in 0.0843551 seconds
Number of updated asset objects reloaded before import = 0Number of asset objects unloaded after import = 1

========================================================================
Received Import Request.
  Time since last request: 0.000039 seconds.
  path: Assets/Super Retro Compact Pack/Scenes
  artifactKey: Guid(d07d189d64e249e419e6fdcdc88601ea) Importer(2089858483,192608db42251d675da83286b1cce702)
Start importing Assets/Super Retro Compact Pack/Scenes using Guid(d07d189d64e249e419e6fdcdc88601ea) Importer(2089858483,192608db42251d675da83286b1cce702) (ScriptedImporter) -> (artifact id: '61eea233d539563e56a952f8e32224a5') in 0.0269166 seconds
Number of updated asset objects reloaded before import = 0Number of asset objects unloaded after import = 1

========================================================================
Received Import Request.
  Time since last request: 0.000032 seconds.
  path: Assets/apartment/apartment_tv_Metallic.png
  artifactKey: Guid(168d35d1d51cdf6429a41b61e06e82fe) Importer(2089858483,192608db42251d675da83286b1cce702)
Start importing Assets/apartment/apartment_tv_Metallic.png using Guid(168d35d1d51cdf6429a41b61e06e82fe) Importer(2089858483,192608db42251d675da83286b1cce702) (ScriptedImporter) -> (artifact id: 'a5083c9fe52f9f20acd63384f09c99f8') in 0.1127834 seconds
Number of updated asset objects reloaded before import = 0Number of asset objects unloaded after import = 1

========================================================================
Received Import Request.
  Time since last request: 0.000043 seconds.
  path: Assets/Super Retro Compact Pack/Textures/CompactCar_Texture_Muscle_Red.png
  artifactKey: Guid(5c04d7d4251f81e4da02c30b53a82a71) Importer(2089858483,192608db42251d675da83286b1cce702)
Start importing Assets/Super Retro Compact Pack/Textures/CompactCar_Texture_Muscle_Red.png using Guid(5c04d7d4251f81e4da02c30b53a82a71) Importer(2089858483,192608db42251d675da83286b1cce702) (ScriptedImporter) -> (artifact id: '05138b70fa70d224f7e8960c335ed4c8') in 0.0811758 seconds
Number of updated asset objects reloaded before import = 0Number of asset objects unloaded after import = 1

========================================================================
Received Import Request.
  Time since last request: 0.000149 seconds.
  path: Assets/apartment/apartment_counter sink_Normal.png
  artifactKey: Guid(445d580b74ce4184eb2f58bd13655820) Importer(2089858483,192608db42251d675da83286b1cce702)
Start importing Assets/apartment/apartment_counter sink_Normal.png using Guid(445d580b74ce4184eb2f58bd13655820) Importer(2089858483,192608db42251d675da83286b1cce702) (ScriptedImporter) -> (artifact id: 'aca9db737ded9a570a3c5fb24c37c0f1') in 0.1495431 seconds
Number of updated asset objects reloaded before import = 0Number of asset objects unloaded after import = 1

========================================================================
Received Import Request.
  Time since last request: 0.000038 seconds.
  path: Assets/apartment/Materials/wall.mat
  artifactKey: Guid(254e5da2408b52642b2bb8d042b138d2) Importer(2089858483,192608db42251d675da83286b1cce702)
Start importing Assets/apartment/Materials/wall.mat using Guid(254e5da2408b52642b2bb8d042b138d2) Importer(2089858483,192608db42251d675da83286b1cce702) (ScriptedImporter) -> (artifact id: 'a39219a35912a4e39c518dba6ab92458') in 0.0604942 seconds
Number of updated asset objects reloaded before import = 0Number of asset objects unloaded after import = 1

========================================================================
Received Import Request.
  Time since last request: 0.000133 seconds.
  path: Assets/Yawn.fbx
  artifactKey: Guid(fbc91a436f72ba441b88d42c9d9b8406) Importer(2089858483,192608db42251d675da83286b1cce702)
Start importing Assets/Yawn.fbx using Guid(fbc91a436f72ba441b88d42c9d9b8406) Importer(2089858483,192608db42251d675da83286b1cce702) (ScriptedImporter) -> (artifact id: 'fc63cfc31cdf6c20b57607ea74d764d6') in 0.1875444 seconds
Number of updated asset objects reloaded before import = 0Number of asset objects unloaded after import = 137

========================================================================
Received Import Request.
  Time since last request: 0.000045 seconds.
  path: Assets/PSX City/PSX City/Models/CityScene.fbx
  artifactKey: Guid(9362b2e1feb5f62479ee93563134c6c7) Importer(2089858483,192608db42251d675da83286b1cce702)
Start importing Assets/PSX City/PSX City/Models/CityScene.fbx using Guid(9362b2e1feb5f62479ee93563134c6c7) Importer(2089858483,192608db42251d675da83286b1cce702) (ScriptedImporter) -> (artifact id: 'b10d76a54d086c18b4482e8870626548') in 1.5707475 seconds
Number of updated asset objects reloaded before import = 0Number of asset objects unloaded after import = 994

========================================================================
Received Import Request.
  Time since last request: 0.000051 seconds.
  path: Assets/Breakdance.fbx
  artifactKey: Guid(dacf93808566baf42bacfb943db71d52) Importer(2089858483,192608db42251d675da83286b1cce702)
Start importing Assets/Breakdance.fbx using Guid(dacf93808566baf42bacfb943db71d52) Importer(2089858483,192608db42251d675da83286b1cce702) (ScriptedImporter) -> (artifact id: '190efa7011fd02a92ab6155733b3a9ea') in 0.1404821 seconds
Number of updated asset objects reloaded before import = 0Number of asset objects unloaded after import = 150

========================================================================
Received Import Request.
  Time since last request: 0.000061 seconds.
  path: Assets/cursor.png
  artifactKey: Guid(ce5acdd28355b4d4d8d5e2e8f7bd9fa7) Importer(2089858483,192608db42251d675da83286b1cce702)
Start importing Assets/cursor.png using Guid(ce5acdd28355b4d4d8d5e2e8f7bd9fa7) Importer(2089858483,192608db42251d675da83286b1cce702) (ScriptedImporter) -> (artifact id: 'dbba9831380e4dd96cbebc647ddb74d3') in 0.090712 seconds
Number of updated asset objects reloaded before import = 0Number of asset objects unloaded after import = 1

========================================================================
Received Import Request.
  Time since last request: 0.000169 seconds.
  path: Assets/apartment/apartment_floor_Normal.png
  artifactKey: Guid(fad8028c56049c646a2c38002e206d63) Importer(2089858483,192608db42251d675da83286b1cce702)
Start importing Assets/apartment/apartment_floor_Normal.png using Guid(fad8028c56049c646a2c38002e206d63) Importer(2089858483,192608db42251d675da83286b1cce702) (ScriptedImporter) -> (artifact id: '55e83993198559a07156db4a1ca9c171') in 0.06879 seconds
Number of updated asset objects reloaded before import = 0Number of asset objects unloaded after import = 1

========================================================================
Received Import Request.
  Time since last request: 0.000057 seconds.
  path: Assets/apartment/apartment.mtl
  artifactKey: Guid(ce4256d1f2b74f34cbde351ed8a7cf80) Importer(2089858483,192608db42251d675da83286b1cce702)
Start importing Assets/apartment/apartment.mtl using Guid(ce4256d1f2b74f34cbde351ed8a7cf80) Importer(2089858483,192608db42251d675da83286b1cce702) (ScriptedImporter) -> (artifact id: '6f8f4981247a026899c733914d94f546') in 0.027939 seconds
Number of updated asset objects reloaded before import = 0Number of asset objects unloaded after import = 1

========================================================================
Received Import Request.
  Time since last request: 0.000089 seconds.
  path: Assets/apartment/Materials
  artifactKey: Guid(54b0674f5fbdad34690ca9cf6bfae2f3) Importer(2089858483,192608db42251d675da83286b1cce702)
Start importing Assets/apartment/Materials using Guid(54b0674f5fbdad34690ca9cf6bfae2f3) Importer(2089858483,192608db42251d675da83286b1cce702) (ScriptedImporter) -> (artifact id: '725dad2d318bd9699243b7ed26e8a643') in 0.0298845 seconds
Number of updated asset objects reloaded before import = 0Number of asset objects unloaded after import = 1

========================================================================
Received Import Request.
  Time since last request: 0.000087 seconds.
  path: Assets/Super Retro Compact Pack/Materials/FunCar_Black_01.mat
  artifactKey: Guid(20ed81b04f3c2014a8f3520493f80b8c) Importer(2089858483,192608db42251d675da83286b1cce702)
Start importing Assets/Super Retro Compact Pack/Materials/FunCar_Black_01.mat using Guid(20ed81b04f3c2014a8f3520493f80b8c) Importer(2089858483,192608db42251d675da83286b1cce702) (ScriptedImporter) -> (artifact id: 'aae1a791a23030ba03cd6dc5359f94ab') in 0.0793431 seconds
Number of updated asset objects reloaded before import = 0Number of asset objects unloaded after import = 2

========================================================================
Received Import Request.
  Time since last request: 0.000051 seconds.
  path: Assets/Super Retro Compact Pack/Highway Set/Prefabs/Road_Middle_01.prefab
  artifactKey: Guid(f5f071ed61864524fb9ce194d28794ef) Importer(2089858483,192608db42251d675da83286b1cce702)
Start importing Assets/Super Retro Compact Pack/Highway Set/Prefabs/Road_Middle_01.prefab using Guid(f5f071ed61864524fb9ce194d28794ef) Importer(2089858483,192608db42251d675da83286b1cce702) (ScriptedImporter) -> (artifact id: '2822fd6dbaff3e16339392e3b62c8e93') in 0.1404692 seconds
Number of updated asset objects reloaded before import = 0Number of asset objects unloaded after import = 9

========================================================================
Received Import Request.
  Time since last request: 0.000040 seconds.
  path: Assets/Carol.controller
  artifactKey: Guid(4968a2c6ec6ffca4ca4e74fe825b26d7) Importer(2089858483,192608db42251d675da83286b1cce702)
Start importing Assets/Carol.controller using Guid(4968a2c6ec6ffca4ca4e74fe825b26d7) Importer(2089858483,192608db42251d675da83286b1cce702) (ScriptedImporter) -> (artifact id: '390ccff3aa5278924c440a632de7a5cb') in 0.0722325 seconds
Number of updated asset objects reloaded before import = 0Number of asset objects unloaded after import = 12

========================================================================
Received Import Request.
  Time since last request: 0.000072 seconds.
  path: Assets/apartment/apartment_fridge_Roughness.png
  artifactKey: Guid(e121e3ee181e80543904dce1fd095547) Importer(2089858483,192608db42251d675da83286b1cce702)
Start importing Assets/apartment/apartment_fridge_Roughness.png using Guid(e121e3ee181e80543904dce1fd095547) Importer(2089858483,192608db42251d675da83286b1cce702) (ScriptedImporter) -> (artifact id: 'dc351cc1468317ff250fe199bf721e22') in 0.0713481 seconds
Number of updated asset objects reloaded before import = 0Number of asset objects unloaded after import = 1

========================================================================
Received Import Request.
  Time since last request: 0.000033 seconds.
  path: Assets/Throwing.fbx
  artifactKey: Guid(2674e01f60c235f49afe57c85ff9a21d) Importer(2089858483,192608db42251d675da83286b1cce702)
Start importing Assets/Throwing.fbx using Guid(2674e01f60c235f49afe57c85ff9a21d) Importer(2089858483,192608db42251d675da83286b1cce702) (ScriptedImporter) -> (artifact id: '2f1335a0ac3f05f040a616cce565797f') in 0.140064 seconds
Number of updated asset objects reloaded before import = 0Number of asset objects unloaded after import = 142

========================================================================
Received Import Request.
  Time since last request: 0.000156 seconds.
  path: Assets/Super Retro Compact Pack/Textures/CompactCar_Texture_Pink.png
  artifactKey: Guid(11365f90e135f9a4ea9bc85564085a2b) Importer(2089858483,192608db42251d675da83286b1cce702)
Start importing Assets/Super Retro Compact Pack/Textures/CompactCar_Texture_Pink.png using Guid(11365f90e135f9a4ea9bc85564085a2b) Importer(2089858483,192608db42251d675da83286b1cce702) (ScriptedImporter) -> (artifact id: '63158d0380bd10ad7ce0b20600592f7f') in 0.0756343 seconds
Number of updated asset objects reloaded before import = 0Number of asset objects unloaded after import = 1

========================================================================
Received Import Request.
  Time since last request: 0.000104 seconds.
  path: Assets/bright light 2.mat
  artifactKey: Guid(2afdf74deaf481241a5535b118553f46) Importer(2089858483,192608db42251d675da83286b1cce702)
Start importing Assets/bright light 2.mat using Guid(2afdf74deaf481241a5535b118553f46) Importer(2089858483,192608db42251d675da83286b1cce702) (ScriptedImporter) -> (artifact id: '40f838c8d2f0e43e87f2a283fd3c91d8') in 0.0309256 seconds
Number of updated asset objects reloaded before import = 0Number of asset objects unloaded after import = 1

========================================================================
Received Import Request.
  Time since last request: 0.000056 seconds.
  path: Assets/Royalty Free Heavy Metal Instrumental - Game Over.wav
  artifactKey: Guid(10e77284f9520ef4484c3472d1bde9a3) Importer(2089858483,192608db42251d675da83286b1cce702)
Start importing Assets/Royalty Free Heavy Metal Instrumental - Game Over.wav using Guid(10e77284f9520ef4484c3472d1bde9a3) Importer(2089858483,192608db42251d675da83286b1cce702) (ScriptedImporter) -> (artifact id: 'c56e345074585d6e74807abf940e6b49') in 0.1280758 seconds
Number of updated asset objects reloaded before import = 0Number of asset objects unloaded after import = 1

========================================================================
Received Import Request.
  Time since last request: 0.000033 seconds.
  path: Assets/apartment/apartment_stove_BaseColor.png
  artifactKey: Guid(24a97d567cf82254b8efc43e7a90672a) Importer(2089858483,192608db42251d675da83286b1cce702)
Start importing Assets/apartment/apartment_stove_BaseColor.png using Guid(24a97d567cf82254b8efc43e7a90672a) Importer(2089858483,192608db42251d675da83286b1cce702) (ScriptedImporter) -> (artifact id: 'ee00543b0df3c6561119597534f8afb4') in 0.0578277 seconds
Number of updated asset objects reloaded before import = 0Number of asset objects unloaded after import = 1

========================================================================
Received Import Request.
  Time since last request: 0.000042 seconds.
  path: Assets/Super Retro Compact Pack/Materials/FunCar_Orange.mat
  artifactKey: Guid(675a694ee12c0ff439c96df57bb51df1) Importer(2089858483,192608db42251d675da83286b1cce702)
Start importing Assets/Super Retro Compact Pack/Materials/FunCar_Orange.mat using Guid(675a694ee12c0ff439c96df57bb51df1) Importer(2089858483,192608db42251d675da83286b1cce702) (ScriptedImporter) -> (artifact id: 'f0f479ff971bada853ebbe9835e1e2b6') in 0.0669923 seconds
Number of updated asset objects reloaded before import = 0Number of asset objects unloaded after import = 2

========================================================================
Received Import Request.
  Time since last request: 0.000059 seconds.
  path: Assets/Super Retro Compact Pack/Highway Set/Models/Barrier_02.fbx
  artifactKey: Guid(9228acd61d6c45741aa17145dba9eadc) Importer(2089858483,192608db42251d675da83286b1cce702)
Start importing Assets/Super Retro Compact Pack/Highway Set/Models/Barrier_02.fbx using Guid(9228acd61d6c45741aa17145dba9eadc) Importer(2089858483,192608db42251d675da83286b1cce702) (ScriptedImporter) -> (artifact id: '42155cca3b654f7b9c7ad6226a36a92e') in 0.068965 seconds
Number of updated asset objects reloaded before import = 0Number of asset objects unloaded after import = 8

========================================================================
Received Import Request.
  Time since last request: 0.000037 seconds.
  path: Assets/Scenes 1/9TheEnd.unity
  artifactKey: Guid(c6696e991afaf5847b3eb7d619bee081) Importer(2089858483,192608db42251d675da83286b1cce702)
Start importing Assets/Scenes 1/9TheEnd.unity using Guid(c6696e991afaf5847b3eb7d619bee081) Importer(2089858483,192608db42251d675da83286b1cce702) (ScriptedImporter) -> (artifact id: 'bbbfd3a408fd16ad488744fb9088a0cf') in 0.0877425 seconds
Number of updated asset objects reloaded before import = 0Number of asset objects unloaded after import = 1

========================================================================
Received Import Request.
  Time since last request: 0.000132 seconds.
  path: Assets/apartment/apartment_tv table_Normal.png
  artifactKey: Guid(29a93076a15b17f4f8afa3ca10e8df8a) Importer(2089858483,192608db42251d675da83286b1cce702)
Start importing Assets/apartment/apartment_tv table_Normal.png using Guid(29a93076a15b17f4f8afa3ca10e8df8a) Importer(2089858483,192608db42251d675da83286b1cce702) (ScriptedImporter) -> (artifact id: '33f485c70253c09540c7f9fcbfc27716') in 0.0724749 seconds
Number of updated asset objects reloaded before import = 0Number of asset objects unloaded after import = 1

========================================================================
Received Import Request.
  Time since last request: 0.000040 seconds.
  path: Assets/office texture/office_sign_material1_Roughness.png
  artifactKey: Guid(e1f366cc89935324481d73cb1f666ae1) Importer(2089858483,192608db42251d675da83286b1cce702)
Start importing Assets/office texture/office_sign_material1_Roughness.png using Guid(e1f366cc89935324481d73cb1f666ae1) Importer(2089858483,192608db42251d675da83286b1cce702) (ScriptedImporter) -> (artifact id: '683565695485c415662f9a527bc63780') in 0.0685029 seconds
Number of updated asset objects reloaded before import = 0Number of asset objects unloaded after import = 1

========================================================================
Received Import Request.
  Time since last request: 0.000082 seconds.
  path: Assets/apartment/apartment_counter_Roughness.png
  artifactKey: Guid(11f79395f1e65104c91d02f2fd5ce4a5) Importer(2089858483,192608db42251d675da83286b1cce702)
Start importing Assets/apartment/apartment_counter_Roughness.png using Guid(11f79395f1e65104c91d02f2fd5ce4a5) Importer(2089858483,192608db42251d675da83286b1cce702) (ScriptedImporter) -> (artifact id: '1af2855372a31b6e97002c13fcca295c') in 0.0591073 seconds
Number of updated asset objects reloaded before import = 0Number of asset objects unloaded after import = 1

========================================================================
Received Import Request.
  Time since last request: 0.000034 seconds.
  path: Assets/Super Retro Compact Pack/Prefabs
  artifactKey: Guid(efe9eda2b25fe35408562162e273e958) Importer(2089858483,192608db42251d675da83286b1cce702)
Start importing Assets/Super Retro Compact Pack/Prefabs using Guid(efe9eda2b25fe35408562162e273e958) Importer(2089858483,192608db42251d675da83286b1cce702) (ScriptedImporter) -> (artifact id: '2f8789d7d4367aa4205a916a7418a119') in 0.0301432 seconds
Number of updated asset objects reloaded before import = 0Number of asset objects unloaded after import = 1

========================================================================
Received Import Request.
  Time since last request: 0.000118 seconds.
  path: Assets/script/HeadLookAt.cs
  artifactKey: Guid(1cc3295797580994b9e006fc36289a08) Importer(2089858483,192608db42251d675da83286b1cce702)
Start importing Assets/script/HeadLookAt.cs using Guid(1cc3295797580994b9e006fc36289a08) Importer(2089858483,192608db42251d675da83286b1cce702) (ScriptedImporter) -> (artifact id: 'd8913c22b095480e6ab096a5d7d763b6') in 0.0296921 seconds
Number of updated asset objects reloaded before import = 0Number of asset objects unloaded after import = 0

========================================================================
Received Import Request.
  Time since last request: 0.000039 seconds.
  path: Assets/apartment/Materials/lamp.mat
  artifactKey: Guid(01cd053ca3ad6d84284b6562e3fd177c) Importer(2089858483,192608db42251d675da83286b1cce702)
Start importing Assets/apartment/Materials/lamp.mat using Guid(01cd053ca3ad6d84284b6562e3fd177c) Importer(2089858483,192608db42251d675da83286b1cce702) (ScriptedImporter) -> (artifact id: 'aa0e880307ebecdd3a5beddb18b47106') in 0.0511113 seconds
Number of updated asset objects reloaded before import = 0Number of asset objects unloaded after import = 1

========================================================================
Received Import Request.
  Time since last request: 0.000037 seconds.
  path: Assets/apartment/apartment_rud_Roughness.png
  artifactKey: Guid(fb69bb9686ef20d46b807f744ca09e99) Importer(2089858483,192608db42251d675da83286b1cce702)
Start importing Assets/apartment/apartment_rud_Roughness.png using Guid(fb69bb9686ef20d46b807f744ca09e99) Importer(2089858483,192608db42251d675da83286b1cce702) (ScriptedImporter) -> (artifact id: '5bcbda0a3d4f99e41f2bc018d9337991') in 0.0920406 seconds
Number of updated asset objects reloaded before import = 0Number of asset objects unloaded after import = 1

========================================================================
Received Import Request.
  Time since last request: 0.000128 seconds.
  path: Assets/voice.wav
  artifactKey: Guid(8c4e038720e56664d9610beb9bda715d) Importer(2089858483,192608db42251d675da83286b1cce702)
Start importing Assets/voice.wav using Guid(8c4e038720e56664d9610beb9bda715d) Importer(2089858483,192608db42251d675da83286b1cce702) (ScriptedImporter) -> (artifact id: '5b017e284b013ce590c72737e31d7b5c') in 0.2085428 seconds
Number of updated asset objects reloaded before import = 0Number of asset objects unloaded after import = 1

========================================================================
Received Import Request.
  Time since last request: 0.000275 seconds.
  path: Assets/script/SpeechBublbleTrigger.cs
  artifactKey: Guid(83777a14f51883f41bb11e0707f032bc) Importer(2089858483,192608db42251d675da83286b1cce702)
Start importing Assets/script/SpeechBublbleTrigger.cs using Guid(83777a14f51883f41bb11e0707f032bc) Importer(2089858483,192608db42251d675da83286b1cce702) (ScriptedImporter) -> (artifact id: '427cda242ddea00ad715ecec810ffea4') in 0.0415967 seconds
Number of updated asset objects reloaded before import = 0Number of asset objects unloaded after import = 0

========================================================================
Received Import Request.
  Time since last request: 0.000040 seconds.
  path: Assets/trash-can-02/source/TrashCanny_001.obj
  artifactKey: Guid(f163089278f5a1945b74dc47c680684a) Importer(2089858483,192608db42251d675da83286b1cce702)
Start importing Assets/trash-can-02/source/TrashCanny_001.obj using Guid(f163089278f5a1945b74dc47c680684a) Importer(2089858483,192608db42251d675da83286b1cce702) (ScriptedImporter) -> (artifact id: '1998e916cdf0e79bb71ef4103f76d424') in 0.1137399 seconds
Number of updated asset objects reloaded before import = 0Number of asset objects unloaded after import = 10

========================================================================
Received Import Request.
  Time since last request: 0.000053 seconds.
  path: Assets/Super Retro Compact Pack/Prefabs/CompactCar_Muscle_Red.prefab
  artifactKey: Guid(7a1dd3a123817e648b1fb8b2db8b1292) Importer(2089858483,192608db42251d675da83286b1cce702)
Start importing Assets/Super Retro Compact Pack/Prefabs/CompactCar_Muscle_Red.prefab using Guid(7a1dd3a123817e648b1fb8b2db8b1292) Importer(2089858483,192608db42251d675da83286b1cce702) (ScriptedImporter) -> (artifact id: 'd1bb244a728e9c0668f9efb9b2c19343') in 0.1065427 seconds
Number of updated asset objects reloaded before import = 0Number of asset objects unloaded after import = 40

========================================================================
Received Import Request.
  Time since last request: 0.000040 seconds.
  path: Assets/Materials/light 1.mat
  artifactKey: Guid(48d5252785ba9ae44ac3004caae65be2) Importer(2089858483,192608db42251d675da83286b1cce702)
Start importing Assets/Materials/light 1.mat using Guid(48d5252785ba9ae44ac3004caae65be2) Importer(2089858483,192608db42251d675da83286b1cce702) (ScriptedImporter) -> (artifact id: 'c21094da2af64089f5732c7b07f247e3') in 0.0685497 seconds
Number of updated asset objects reloaded before import = 0Number of asset objects unloaded after import = 1

========================================================================
Received Import Request.
  Time since last request: 0.000090 seconds.
  path: Assets/Super Retro Compact Pack/Prefabs/CompactCar_Police.prefab
  artifactKey: Guid(e0ebd8e4b3bdb054c9c4357758f3c55a) Importer(2089858483,192608db42251d675da83286b1cce702)
Start importing Assets/Super Retro Compact Pack/Prefabs/CompactCar_Police.prefab using Guid(e0ebd8e4b3bdb054c9c4357758f3c55a) Importer(2089858483,192608db42251d675da83286b1cce702) (ScriptedImporter) -> (artifact id: 'ea6b60dbca9b441d9c77188ba8cd87f2') in 0.0800246 seconds
Number of updated asset objects reloaded before import = 0Number of asset objects unloaded after import = 40

========================================================================
Received Import Request.
  Time since last request: 0.000044 seconds.
  path: Assets/psx-bong/textures/Black.jpeg
  artifactKey: Guid(824644da6b6a1aa47a5f0e86cdbf0383) Importer(2089858483,192608db42251d675da83286b1cce702)
Start importing Assets/psx-bong/textures/Black.jpeg using Guid(824644da6b6a1aa47a5f0e86cdbf0383) Importer(2089858483,192608db42251d675da83286b1cce702) (ScriptedImporter) -> (artifact id: 'f6f4471470bad56c6fd871368abfb005') in 0.0658566 seconds
Number of updated asset objects reloaded before import = 0Number of asset objects unloaded after import = 1

========================================================================
Received Import Request.
  Time since last request: 0.000055 seconds.
  path: Assets/Laughing.fbx
  artifactKey: Guid(f55944a251a99f349b2bbceed3829f9d) Importer(2089858483,192608db42251d675da83286b1cce702)
Start importing Assets/Laughing.fbx using Guid(f55944a251a99f349b2bbceed3829f9d) Importer(2089858483,192608db42251d675da83286b1cce702) (ScriptedImporter) -> (artifact id: '166aaf3f7ddbc89aadcdf38018e1b95a') in 0.1306965 seconds
Number of updated asset objects reloaded before import = 0Number of asset objects unloaded after import = 142

========================================================================
Received Import Request.
  Time since last request: 0.000036 seconds.
  path: Assets/Ui/Ui/Untitled_Artwork-7.png
  artifactKey: Guid(d6d151268e4025a47a4c7c309fe1d98f) Importer(2089858483,192608db42251d675da83286b1cce702)
Start importing Assets/Ui/Ui/Untitled_Artwork-7.png using Guid(d6d151268e4025a47a4c7c309fe1d98f) Importer(2089858483,192608db42251d675da83286b1cce702) (ScriptedImporter) -> (artifact id: 'db7369e94254698d77e8063e0f8e83eb') in 0.1178694 seconds
Number of updated asset objects reloaded before import = 0Number of asset objects unloaded after import = 3

========================================================================
Received Import Request.
  Time since last request: 0.000043 seconds.
  path: Assets/Super Retro Compact Pack/Models/FunCar_Muscle_01.fbx
  artifactKey: Guid(9ea643bae01808843bedffeecf312bb2) Importer(2089858483,192608db42251d675da83286b1cce702)
Start importing Assets/Super Retro Compact Pack/Models/FunCar_Muscle_01.fbx using Guid(9ea643bae01808843bedffeecf312bb2) Importer(2089858483,192608db42251d675da83286b1cce702) (ScriptedImporter) -> (artifact id: '901a6068ba8c5911a80abf9c0129b82f') in 0.0845706 seconds
Number of updated asset objects reloaded before import = 0Number of asset objects unloaded after import = 35

========================================================================
Received Import Request.
  Time since last request: 0.000053 seconds.
  path: Assets/apartment/apartment_lamp_Height.png
  artifactKey: Guid(67c446b5903ef314db331e1b034a78f2) Importer(2089858483,192608db42251d675da83286b1cce702)
Start importing Assets/apartment/apartment_lamp_Height.png using Guid(67c446b5903ef314db331e1b034a78f2) Importer(2089858483,192608db42251d675da83286b1cce702) (ScriptedImporter) -> (artifact id: 'a4db3386938bccd99fdda43e2dfa9f20') in 0.1050214 seconds
Number of updated asset objects reloaded before import = 0Number of asset objects unloaded after import = 1

========================================================================
Received Import Request.
  Time since last request: 0.000161 seconds.
  path: Assets/gun.png
  artifactKey: Guid(025df1e8303b6b540885cda487c84dc9) Importer(2089858483,192608db42251d675da83286b1cce702)
Start importing Assets/gun.png using Guid(025df1e8303b6b540885cda487c84dc9) Importer(2089858483,192608db42251d675da83286b1cce702) (ScriptedImporter) -> (artifact id: '1ab99f224c87a4f7c9b4d02c84944ae2') in 0.1064767 seconds
Number of updated asset objects reloaded before import = 0Number of asset objects unloaded after import = 3

========================================================================
Received Import Request.
  Time since last request: 0.000118 seconds.
  path: Assets/psx-bong/source/Bong/Materials
  artifactKey: Guid(86139d11f6fece94784e8ec1cbe5c7df) Importer(2089858483,192608db42251d675da83286b1cce702)
Start importing Assets/psx-bong/source/Bong/Materials using Guid(86139d11f6fece94784e8ec1cbe5c7df) Importer(2089858483,192608db42251d675da83286b1cce702) (ScriptedImporter) -> (artifact id: '2677a3d4bdbb006b52a1855bd144940a') in 0.0328254 seconds
Number of updated asset objects reloaded before import = 0Number of asset objects unloaded after import = 1

========================================================================
Received Import Request.
  Time since last request: 0.000067 seconds.
  path: Assets/apartment/Materials/counter.mat
  artifactKey: Guid(d1d723bf648fe65408e290c09d7b40ec) Importer(2089858483,192608db42251d675da83286b1cce702)
Start importing Assets/apartment/Materials/counter.mat using Guid(d1d723bf648fe65408e290c09d7b40ec) Importer(2089858483,192608db42251d675da83286b1cce702) (ScriptedImporter) -> (artifact id: '4627965031eada2da554475d59c3eff0') in 0.0658415 seconds
Number of updated asset objects reloaded before import = 0Number of asset objects unloaded after import = 1

========================================================================
Received Import Request.
  Time since last request: 0.000039 seconds.
  path: Assets/trash-can-02/textures/DefaultMaterial_Roughness.png
  artifactKey: Guid(0d3ee24aa6e3796499d3be2b791ee24d) Importer(2089858483,192608db42251d675da83286b1cce702)
Start importing Assets/trash-can-02/textures/DefaultMaterial_Roughness.png using Guid(0d3ee24aa6e3796499d3be2b791ee24d) Importer(2089858483,192608db42251d675da83286b1cce702) (ScriptedImporter) -> (artifact id: 'd9763d29b2a23abf9dc78a7b3a9d2262') in 0.0871706 seconds
Number of updated asset objects reloaded before import = 0Number of asset objects unloaded after import = 1

========================================================================
Received Import Request.
  Time since last request: 0.000088 seconds.
  path: Assets/Scenes 1
  artifactKey: Guid(3af126cb0db444c4eaec0be4dd27f1e4) Importer(2089858483,192608db42251d675da83286b1cce702)
Start importing Assets/Scenes 1 using Guid(3af126cb0db444c4eaec0be4dd27f1e4) Importer(2089858483,192608db42251d675da83286b1cce702) (ScriptedImporter) -> (artifact id: 'bf9c79ffe9c51c6c46598c4eaadec5bb') in 0.0310462 seconds
Number of updated asset objects reloaded before import = 0Number of asset objects unloaded after import = 1

========================================================================
Received Import Request.
  Time since last request: 0.000101 seconds.
  path: Assets/apartment/Materials/rug.mat
  artifactKey: Guid(9969cde112d8b464ebe34d7c950629b6) Importer(2089858483,192608db42251d675da83286b1cce702)
Start importing Assets/apartment/Materials/rug.mat using Guid(9969cde112d8b464ebe34d7c950629b6) Importer(2089858483,192608db42251d675da83286b1cce702) (ScriptedImporter) -> (artifact id: '43d4fd0219fe03ff148d809da2cdd43c') in 0.1135657 seconds
Number of updated asset objects reloaded before import = 0Number of asset objects unloaded after import = 1

========================================================================
Received Import Request.
  Time since last request: 0.000066 seconds.
  path: Assets/Footsteps - Essentials/carpet.wav
  artifactKey: Guid(bc42a9fc9dbd95442849a1d0a23dd41e) Importer(2089858483,192608db42251d675da83286b1cce702)
Start importing Assets/Footsteps - Essentials/carpet.wav using Guid(bc42a9fc9dbd95442849a1d0a23dd41e) Importer(2089858483,192608db42251d675da83286b1cce702) (ScriptedImporter) -> (artifact id: 'cf184b7d3b440a8b645d77bc19b3b6bb') in 0.0981893 seconds
Number of updated asset objects reloaded before import = 0Number of asset objects unloaded after import = 1

========================================================================
Received Prepare
Begin MonoManager ReloadAssembly
[Licensing::Client] Successfully resolved entitlement details
- Loaded All Assemblies, in  2.641 seconds
Refreshing native plugins compatible for Editor in 4.06 ms, found 3 plugins.
Assertion failed on expression: 'pred(*previous, *i)'
Assertion failed on expression: 'pred(*previous, *i)'
Assertion failed on expression: 'pred(*previous, *i)'
Assertion failed on expression: 'pred(*previous, *i)'
Assertion failed on expression: 'pred(*previous, *i)'
Assertion failed on expression: 'pred(*previous, *i)'
Assertion failed on expression: 'pred(*previous, *i)'
Assertion failed on expression: 'pred(*previous, *i)'
Assertion failed on expression: 'pred(*previous, *i)'
Assertion failed on expression: 'pred(*previous, *i)'
Assertion failed on expression: 'pred(*previous, *i)'
Assertion failed on expression: 'pred(*previous, *i)'
Assertion failed on expression: 'pred(*previous, *i)'
Assertion failed on expression: 'pred(*previous, *i)'
Assertion failed on expression: 'pred(*previous, *i)'
Assertion failed on expression: 'pred(*previous, *i)'
Assertion failed on expression: 'pred(*previous, *i)'
Assertion failed on expression: 'pred(*previous, *i)'
Assertion failed on expression: 'pred(*previous, *i)'
Assertion failed on expression: 'pred(*previous, *i)'
Assertion failed on expression: 'pred(*previous, *i)'
Assertion failed on expression: 'pred(*previous, *i)'
Assertion failed on expression: 'pred(*previous, *i)'
Native extension for WindowsStandalone target not found
[Package Manager] Failed to launch server process. Reason: Unity was launched with the -noUpm command-line argument
[Package Manager] Unable to send message (not connected to server process).
[Package Manager] Cannot connect to Unity Package Manager local server
Mono: successfully reloaded assembly
- Finished resetting the current domain, in  2.173 seconds
Domain Reload Profiling: 4815ms
	BeginReloadAssembly (1019ms)
		ExecutionOrderSort (0ms)
		DisableScriptedObjects (41ms)
		BackupInstance (0ms)
		ReleaseScriptingObjects (0ms)
		CreateAndSetChildDomain (467ms)
	RebuildCommonClasses (87ms)
	RebuildNativeTypeToScriptingClass (29ms)
	initialDomainReloadingComplete (84ms)
	LoadAllAssembliesAndSetupDomain (1421ms)
		LoadAssemblies (1247ms)
		RebuildTransferFunctionScriptingTraits (0ms)
		AnalyzeDomain (494ms)
			TypeCache.Refresh (52ms)
				TypeCache.ScanAssembly (2ms)
			BuildScriptInfoCaches (405ms)
			ResolveRequiredComponents (16ms)
	FinalizeReload (2174ms)
		ReleaseScriptCaches (0ms)
		RebuildScriptCaches (0ms)
		SetupLoadedEditorAssemblies (1830ms)
			LogAssemblyErrors (0ms)
			InitializePlatformSupportModulesInManaged (4ms)
			SetLoadedEditorAssemblies (15ms)
			BeforeProcessingInitializeOnLoad (406ms)
			ProcessInitializeOnLoadAttributes (1328ms)
			ProcessInitializeOnLoadMethodAttributes (66ms)
			AfterProcessingInitializeOnLoad (8ms)
			EditorAssembliesLoaded (2ms)
		ExecutionOrderSort2 (0ms)
		AwakeInstancesAfterBackupRestoration (11ms)
Refreshing native plugins compatible for Editor in 1.42 ms, found 3 plugins.
Preloading 0 native plugins for Editor in 0.00 ms.
Unloading 12 Unused Serialized files (Serialized files now loaded: 0)
Unloading 4081 unused Assets / (2.8 MB). Loaded Objects now: 4688.
Memory consumption went from 106.9 MB to 104.1 MB.
Total: 13.364400 ms (FindLiveObjects: 0.724100 ms CreateObjectMapping: 0.318500 ms MarkObjects: 10.058600 ms  DeleteObjects: 2.261200 ms)

Prepare: number of updated asset objects reloaded= 0
========================================================================
Received Import Request.
  Time since last request: 398.313040 seconds.
  path: Assets/missing poster.png
  artifactKey: Guid(d58e25720fc118e4d9a33d2dcf4b81d2) Importer(815301076,1909f56bfc062723c751e8b465ee728b)
Start importing Assets/missing poster.png using Guid(d58e25720fc118e4d9a33d2dcf4b81d2) Importer(815301076,1909f56bfc062723c751e8b465ee728b) (PreviewImporter) -> (artifact id: '3e30670d70c8cb92b35b6968623afc8e') in 0.1888745 seconds
Number of updated asset objects reloaded before import = 0Number of asset objects unloaded after import = 2

========================================================================
Received Import Request.
  Time since last request: 0.000057 seconds.
  path: Assets/New Material.mat
  artifactKey: Guid(0520ba55b66539c4ebe5deef4a1db957) Importer(815301076,1909f56bfc062723c751e8b465ee728b)
Start importing Assets/New Material.mat using Guid(0520ba55b66539c4ebe5deef4a1db957) Importer(815301076,1909f56bfc062723c751e8b465ee728b) (PreviewImporter) -> (artifact id: '1715b194bf69f61f7979a6102785caee') in 0.1823522 seconds
Number of updated asset objects reloaded before import = 0Number of asset objects unloaded after import = 2

========================================================================
Received Import Request.
  Time since last request: 0.000603 seconds.
  path: Assets/Rainfall 5 Minute Meditation.wav
  artifactKey: Guid(94cfaad64aade5441a7dd737795025ed) Importer(815301076,1909f56bfc062723c751e8b465ee728b)
Start importing Assets/Rainfall 5 Minute Meditation.wav using Guid(94cfaad64aade5441a7dd737795025ed) Importer(815301076,1909f56bfc062723c751e8b465ee728b) (PreviewImporter) -> (artifact id: 'dd1688bbef4ba4583e4a9a4a199b3b8c') in 0.0607348 seconds
Number of updated asset objects reloaded before import = 0Number of asset objects unloaded after import = 2

========================================================================
Received Import Request.
  Time since last request: 0.000134 seconds.
  path: Assets/Music-Note-PNG-Transparent-Image.png
  artifactKey: Guid(8d79767ce4e1e024bb60593982ca3e64) Importer(815301076,1909f56bfc062723c751e8b465ee728b)
Start importing Assets/Music-Note-PNG-Transparent-Image.png using Guid(8d79767ce4e1e024bb60593982ca3e64) Importer(815301076,1909f56bfc062723c751e8b465ee728b) (PreviewImporter) -> (artifact id: '29eaf5daebd77868335559a1b77e0e40') in 0.0350015 seconds
Number of updated asset objects reloaded before import = 0Number of asset objects unloaded after import = 2

========================================================================
Received Import Request.
  Time since last request: 0.000039 seconds.
  path: Assets/Seventh floor.wav
  artifactKey: Guid(bd391333ab356774db19474f5ed09fa7) Importer(815301076,1909f56bfc062723c751e8b465ee728b)
Start importing Assets/Seventh floor.wav using Guid(bd391333ab356774db19474f5ed09fa7) Importer(815301076,1909f56bfc062723c751e8b465ee728b) (PreviewImporter) -> (artifact id: '505b1034157cafb2f4640dbfb1717b29') in 0.0526523 seconds
Number of updated asset objects reloaded before import = 0Number of asset objects unloaded after import = 2

========================================================================
Received Import Request.
  Time since last request: 0.000055 seconds.
  path: Assets/Royalty Free Heavy Metal Instrumental - Game Over.wav
  artifactKey: Guid(10e77284f9520ef4484c3472d1bde9a3) Importer(815301076,1909f56bfc062723c751e8b465ee728b)
Start importing Assets/Royalty Free Heavy Metal Instrumental - Game Over.wav using Guid(10e77284f9520ef4484c3472d1bde9a3) Importer(815301076,1909f56bfc062723c751e8b465ee728b) (PreviewImporter) -> (artifact id: '3827caddca784eef41e1662b2d823517') in 0.0326763 seconds
Number of updated asset objects reloaded before import = 0Number of asset objects unloaded after import = 2

========================================================================
Received Import Request.
  Time since last request: 0.000103 seconds.
  path: Assets/Scared.fbx
  artifactKey: Guid(59abf38e1ff1deb438566713ad8645cb) Importer(815301076,1909f56bfc062723c751e8b465ee728b)
Start importing Assets/Scared.fbx using Guid(59abf38e1ff1deb438566713ad8645cb) Importer(815301076,1909f56bfc062723c751e8b465ee728b) (PreviewImporter) -> (artifact id: 'a25e751e7b48fd3f79fdaad202247f27') in 0.1905551 seconds
Number of updated asset objects reloaded before import = 0Number of asset objects unloaded after import = 142

========================================================================
Received Import Request.
  Time since last request: 0.601747 seconds.
  path: Assets/stalker.fbx
  artifactKey: Guid(61977d2018c4d0b4ba8eec2125d547ec) Importer(815301076,1909f56bfc062723c751e8b465ee728b)
Start importing Assets/stalker.fbx using Guid(61977d2018c4d0b4ba8eec2125d547ec) Importer(815301076,1909f56bfc062723c751e8b465ee728b) (PreviewImporter) -> (artifact id: '193df4f800b09b3e090143664772ec54') in 0.0627871 seconds
Number of updated asset objects reloaded before import = 0Number of asset objects unloaded after import = 140

========================================================================
Received Import Request.
  Time since last request: 0.046121 seconds.
  path: Assets/titlescreen.png
  artifactKey: Guid(0f7baf1b5c6467c498d406bd2b7e91b8) Importer(815301076,1909f56bfc062723c751e8b465ee728b)
Start importing Assets/titlescreen.png using Guid(0f7baf1b5c6467c498d406bd2b7e91b8) Importer(815301076,1909f56bfc062723c751e8b465ee728b) (PreviewImporter) -> (artifact id: 'a15e6ccabbd72efa881dc5246cda85ed') in 0.0313705 seconds
Number of updated asset objects reloaded before import = 0Number of asset objects unloaded after import = 2

========================================================================
Received Import Request.
  Time since last request: 0.000038 seconds.
  path: Assets/toppng.com-dust-cloud-png-1024x1024.png
  artifactKey: Guid(d05e55db598bcc74fbe46faf51d75dac) Importer(815301076,1909f56bfc062723c751e8b465ee728b)
Start importing Assets/toppng.com-dust-cloud-png-1024x1024.png using Guid(d05e55db598bcc74fbe46faf51d75dac) Importer(815301076,1909f56bfc062723c751e8b465ee728b) (PreviewImporter) -> (artifact id: '0a8ccd3c584524d7c3123d84ea223007') in 0.0304751 seconds
Number of updated asset objects reloaded before import = 0Number of asset objects unloaded after import = 2

========================================================================
Received Import Request.
  Time since last request: 0.000031 seconds.
  path: Assets/videoplayback.mp4
  artifactKey: Guid(1ef8c179c23dd9d4698e045784cff416) Importer(815301076,1909f56bfc062723c751e8b465ee728b)
Start importing Assets/videoplayback.mp4 using Guid(1ef8c179c23dd9d4698e045784cff416) Importer(815301076,1909f56bfc062723c751e8b465ee728b) (PreviewImporter) -> (artifact id: 'ee2b2f81132072b4a2f61344b078587d') in 0.0017001 seconds
Number of updated asset objects reloaded before import = 0Number of asset objects unloaded after import = 1

========================================================================
Received Import Request.
  Time since last request: 0.000421 seconds.
  path: Assets/voice.wav
  artifactKey: Guid(8c4e038720e56664d9610beb9bda715d) Importer(815301076,1909f56bfc062723c751e8b465ee728b)
Start importing Assets/voice.wav using Guid(8c4e038720e56664d9610beb9bda715d) Importer(815301076,1909f56bfc062723c751e8b465ee728b) (PreviewImporter) -> (artifact id: '1fd5faeb87d7461b5f0fb8e31e8f1717') in 0.0321057 seconds
Number of updated asset objects reloaded before import = 0Number of asset objects unloaded after import = 2

========================================================================
Received Import Request.
  Time since last request: 0.000034 seconds.
  path: Assets/tvstations.mp3.mp3
  artifactKey: Guid(25fb7390641fa8b46a7771619677fb44) Importer(815301076,1909f56bfc062723c751e8b465ee728b)
Start importing Assets/tvstations.mp3.mp3 using Guid(25fb7390641fa8b46a7771619677fb44) Importer(815301076,1909f56bfc062723c751e8b465ee728b) (PreviewImporter) -> (artifact id: 'b17dba50bbab2bb860be26d3f85b337c') in 0.0272511 seconds
Number of updated asset objects reloaded before import = 0Number of asset objects unloaded after import = 2

========================================================================
Received Import Request.
  Time since last request: 0.000034 seconds.
  path: Assets/water.mat
  artifactKey: Guid(978703146550501408ed7d5788e21b2b) Importer(815301076,1909f56bfc062723c751e8b465ee728b)
Start importing Assets/water.mat using Guid(978703146550501408ed7d5788e21b2b) Importer(815301076,1909f56bfc062723c751e8b465ee728b) (PreviewImporter) -> (artifact id: '151c73499c0e0a45d5002e3c647aa58e') in 0.0430268 seconds
Number of updated asset objects reloaded before import = 0Number of asset objects unloaded after import = 2

Editor requested this worker to shutdown with reason: Scaling down because of idle timeout
AssetImportWorker is now disconnected from the server
Process exiting
Exiting without the bug reporter. Application will terminate with return code 0