[Licensing::Module] Trying to connect to existing licensing client channel...
Built from '6000.2/respin/6000.2.7f1-2eb0c79396db' branch; Version is '6000.2.7f2 (2b518236b676) revision 2838914'; Using compiler version '194234433'; Build Type 'Release'
OS: 'Windows 11  (10.0.26200) 64bit Core' Language: 'en' Physical Memory: 16095 MB
[Licensing::IpcConnector] Successfully connected to: "LicenseClient-monem" at "2026-03-18T18:06:53.1091383Z"
BatchMode: 1, IsHumanControllingUs: 0, StartBugReporterOnCrash: 0, Is64bit: 1
Date: 2026-03-18T18:06:53Z

COMMAND LINE ARGUMENTS:
C:\Program Files\Unity\Hub\Editor\6000.2.7f2\Editor\Unity.exe
-adb2
-batchMode
-noUpm
-name
AssetImportWorker1
-projectPath
C:/Users/monem/OneDrive/Documents/Hellevator/Test
-logFile
Logs/AssetImportWorker1.log
-srvPort
57504
-licensingIpc
LicenseClient-monem
-job-worker-count
5
-background-job-worker-count
8
-gc-helper-count
1
-name
AssetImport
Successfully changed project path to: C:/Users/monem/OneDrive/Documents/Hellevator/Test
C:/Users/monem/OneDrive/Documents/Hellevator/Test
[UnityMemory] Configuration Parameters - Can be set up in boot.config
    "memorysetup-allocator-temp-initial-block-size-main=262144"
    "memorysetup-allocator-temp-initial-block-size-worker=262144"
    "memorysetup-bucket-allocator-granularity=16"
    "memorysetup-bucket-allocator-bucket-count=8"
    "memorysetup-bucket-allocator-block-size=33554432"
    "memorysetup-bucket-allocator-block-count=8"
    "memorysetup-main-allocator-block-size=16777216"
    "memorysetup-thread-allocator-block-size=16777216"
    "memorysetup-gfx-main-allocator-block-size=16777216"
    "memorysetup-gfx-thread-allocator-block-size=16777216"
    "memorysetup-cache-allocator-block-size=4194304"
    "memorysetup-typetree-allocator-block-size=2097152"
    "memorysetup-profiler-bucket-allocator-granularity=16"
    "memorysetup-profiler-bucket-allocator-bucket-count=8"
    "memorysetup-profiler-bucket-allocator-block-size=33554432"
    "memorysetup-profiler-bucket-allocator-block-count=8"
    "memorysetup-profiler-allocator-block-size=16777216"
    "memorysetup-profiler-editor-allocator-block-size=1048576"
    "memorysetup-temp-allocator-size-main=16777216"
    "memorysetup-job-temp-allocator-block-size=2097152"
    "memorysetup-job-temp-allocator-block-size-background=1048576"
    "memorysetup-job-temp-allocator-reduction-small-platforms=262144"
    "memorysetup-temp-allocator-size-background-worker=32768"
    "memorysetup-temp-allocator-size-job-worker=262144"
    "memorysetup-temp-allocator-size-preload-manager=33554432"
    "memorysetup-temp-allocator-size-nav-mesh-worker=65536"
    "memorysetup-temp-allocator-size-audio-worker=65536"
    "memorysetup-temp-allocator-size-cloud-worker=32768"
    "memorysetup-temp-allocator-size-gi-baking-worker=262144"
    "memorysetup-temp-allocator-size-gi-baking-worker=262144"
    "memorysetup-temp-allocator-size-gi-baking-worker=262144"
    "memorysetup-temp-allocator-size-gi-baking-worker=262144"
    "memorysetup-temp-allocator-size-gi-baking-worker=262144"
    "memorysetup-temp-allocator-size-gfx=262144"
Player connection [51908]  Target information:

Player connection [51908]  * "[IP] 10.246.115.211 [Port] 0 [Flags] 2 [Guid] 3755646692 [EditorId] 3755646692 [Version] 1048832 [Id] WindowsEditor(7,Mari) [Debug] 1 [PackageName] WindowsEditor [ProjectName] Editor" 

Player connection [51908] Host joined multi-casting on [225.0.0.222:54997]...
Player connection [51908] Host joined alternative multi-casting on [225.0.0.222:34997]...
JobSystem: Creating JobQueue using job-worker-count value 5
Input System module state changed to: Initialized.
[Physics::Module] Initialized fallback backend.
[Physics::Module] Id: 0xdecafbad
[Licensing::Client] Code 10 while verifying Licensing Client signature (process Id: 40516, path: "C:/Program Files/Unity Hub/UnityLicensingClient_V1/Unity.Licensing.Client.exe")
[Licensing::Module] LicensingClient has failed validation; ignoring
[Licensing::Client] Handshaking with LicensingClient:
  Version:                 1.17.3+a4e98f1
  Session Id:              81f35e6998f14250aa4180f1aa7e8eb6
  Correlation Id:          b903c5826049b10482d8ff6cb412063a
  External correlation Id: 1095434206972659004
  Machine Id:              OASaQYjp0d04xwOYOMSR1gb4iig=
[Licensing::Module] Successfully connected to LicensingClient on channel: "LicenseClient-monem" (connect: 0.00s, validation: 0.00s, handshake: 0.06s)
[Licensing::IpcConnector] Successfully connected to: "LicenseClient-monem-notifications" at "2026-03-18T18:06:53.1725316Z"
[Licensing::Module] Licensing Background thread has ended after 0.06s
Library Redirect Path: Library/
Default GameObject BitMask: UI already registered
[Physics::Module] Selected backend.
[Physics::Module] Name: PhysX
[Physics::Module] Id: 0xf2b8ea05
[Physics::Module] SDK Version: 4.1.2
[Physics::Module] Integration Version: 1.0.0
[Physics::Module] Threading Mode: Multi-Threaded
Refreshing native plugins compatible for Editor in 2.68 ms, found 3 plugins.
Preloading 0 native plugins for Editor in 0.00 ms.
Initialize engine version: 6000.2.7f2 (2b518236b676)
[Subsystems] Discovering subsystems at path C:/Program Files/Unity/Hub/Editor/6000.2.7f2/Editor/Data/Resources/UnitySubsystems
[Subsystems] Discovering subsystems at path C:/Users/monem/OneDrive/Documents/Hellevator/Test/Assets
GfxDevice: creating device client; kGfxThreadingModeNonThreaded
Direct3D:
    Version:  Direct3D 11.0 [level 11.1]
    Renderer: Intel(R) Iris(R) Xe Graphics (ID=0x46a8)
    Vendor:   Intel
    VRAM:     8047 MB
    Driver:   31.0.101.4255
Initialize mono
Mono path[0] = 'C:/Program Files/Unity/Hub/Editor/6000.2.7f2/Editor/Data/Managed'
Mono path[1] = 'C:/Program Files/Unity/Hub/Editor/6000.2.7f2/Editor/Data/MonoBleedingEdge/lib/mono/unityjit-win32'
Mono config path = 'C:/Program Files/Unity/Hub/Editor/6000.2.7f2/Editor/Data/MonoBleedingEdge/etc'
Using monoOptions --debugger-agent=transport=dt_socket,embedding=1,server=y,suspend=n,address=127.0.0.1:56304
Begin MonoManager ReloadAssembly
Registering precompiled unity dll's ...
Register platform support module: C:/Program Files/Unity/Hub/Editor/6000.2.7f2/Editor/Data/PlaybackEngines/WindowsStandaloneSupport/UnityEditor.WindowsStandalone.Extensions.dll
Registered in 0.002972 seconds.
- Loaded All Assemblies, in  0.532 seconds
Native extension for WindowsStandalone target not found
Mono: successfully reloaded assembly
- Finished resetting the current domain, in  0.628 seconds
Domain Reload Profiling: 1157ms
	BeginReloadAssembly (163ms)
		ExecutionOrderSort (0ms)
		DisableScriptedObjects (0ms)
		BackupInstance (0ms)
		ReleaseScriptingObjects (0ms)
		CreateAndSetChildDomain (1ms)
	RebuildCommonClasses (50ms)
	RebuildNativeTypeToScriptingClass (25ms)
	initialDomainReloadingComplete (74ms)
	LoadAllAssembliesAndSetupDomain (217ms)
		LoadAssemblies (159ms)
		RebuildTransferFunctionScriptingTraits (0ms)
		AnalyzeDomain (214ms)
			TypeCache.Refresh (212ms)
				TypeCache.ScanAssembly (196ms)
			BuildScriptInfoCaches (0ms)
			ResolveRequiredComponents (1ms)
	FinalizeReload (628ms)
		ReleaseScriptCaches (0ms)
		RebuildScriptCaches (0ms)
		SetupLoadedEditorAssemblies (573ms)
			LogAssemblyErrors (0ms)
			InitializePlatformSupportModulesInManaged (77ms)
			SetLoadedEditorAssemblies (5ms)
			BeforeProcessingInitializeOnLoad (134ms)
			ProcessInitializeOnLoadAttributes (278ms)
			ProcessInitializeOnLoadMethodAttributes (79ms)
			AfterProcessingInitializeOnLoad (0ms)
			EditorAssembliesLoaded (0ms)
		ExecutionOrderSort2 (0ms)
		AwakeInstancesAfterBackupRestoration (0ms)
========================================================================
Worker process is ready to serve import requests
Import Worker Mode flag is 0x00
Begin MonoManager ReloadAssembly
[Licensing::Client] Successfully resolved entitlement details
[Licensing::Module] License group:
  Id: 2475360401423-UnityPersXXXX
  Product: Unity Personal
  Type: Assigned
  Expiration: Unlimited
- Loaded All Assemblies, in  1.321 seconds
Refreshing native plugins compatible for Editor in 1.36 ms, found 3 plugins.
Native extension for WindowsStandalone target not found
Package Manager log level set to [2]
[Package Manager] Failed to launch server process. Reason: Unity was launched with the -noUpm command-line argument
[Package Manager] Unable to send message (not connected to server process).
[Package Manager] Cannot connect to Unity Package Manager local server
Mono: successfully reloaded assembly
- Finished resetting the current domain, in  1.470 seconds
Domain Reload Profiling: 2787ms
	BeginReloadAssembly (328ms)
		ExecutionOrderSort (0ms)
		DisableScriptedObjects (11ms)
		BackupInstance (0ms)
		ReleaseScriptingObjects (0ms)
		CreateAndSetChildDomain (48ms)
	RebuildCommonClasses (65ms)
	RebuildNativeTypeToScriptingClass (23ms)
	initialDomainReloadingComplete (66ms)
	LoadAllAssembliesAndSetupDomain (833ms)
		LoadAssemblies (676ms)
		RebuildTransferFunctionScriptingTraits (0ms)
		AnalyzeDomain (348ms)
			TypeCache.Refresh (278ms)
				TypeCache.ScanAssembly (260ms)
			BuildScriptInfoCaches (54ms)
			ResolveRequiredComponents (10ms)
	FinalizeReload (1471ms)
		ReleaseScriptCaches (0ms)
		RebuildScriptCaches (0ms)
		SetupLoadedEditorAssemblies (1270ms)
			LogAssemblyErrors (0ms)
			InitializePlatformSupportModulesInManaged (3ms)
			SetLoadedEditorAssemblies (4ms)
			BeforeProcessingInitializeOnLoad (241ms)
			ProcessInitializeOnLoadAttributes (969ms)
			ProcessInitializeOnLoadMethodAttributes (44ms)
			AfterProcessingInitializeOnLoad (9ms)
			EditorAssembliesLoaded (0ms)
		ExecutionOrderSort2 (0ms)
		AwakeInstancesAfterBackupRestoration (8ms)
Default GameObject BitMask: UI already registered
Launched and connected shader compiler UnityShaderCompiler.exe after 0.02 seconds
Refreshing native plugins compatible for Editor in 4.87 ms, found 3 plugins.
Preloading 0 native plugins for Editor in 0.00 ms.
Unloading 12 Unused Serialized files (Serialized files now loaded: 0)
Unloading 4084 unused Assets / (2.7 MB). Loaded Objects now: 4629.
Memory consumption went from 94.7 MB to 92.0 MB.
Total: 12.322300 ms (FindLiveObjects: 1.101700 ms CreateObjectMapping: 0.582300 ms MarkObjects: 8.818300 ms  DeleteObjects: 1.817300 ms)

========================================================================
Received Import Request.
  Time since last request: 490939.696643 seconds.
  path: Assets/script/GirlController.controller
  artifactKey: Guid(3305d582e37fea74cbf982463107d8bd) Importer(815301076,1909f56bfc062723c751e8b465ee728b)
Start importing Assets/script/GirlController.controller using Guid(3305d582e37fea74cbf982463107d8bd) Importer(815301076,1909f56bfc062723c751e8b465ee728b) (PreviewImporter) -> (artifact id: '47049451d14e2e0bc6a0e3d60e156871') in 0.0349403 seconds
Number of updated asset objects reloaded before import = 0Number of asset objects unloaded after import = 15

========================================================================
Received Prepare
Default GameObject BitMask: UI already registered
Begin MonoManager ReloadAssembly
- Loaded All Assemblies, in  1.172 seconds
Refreshing native plugins compatible for Editor in 3.93 ms, found 3 plugins.
Native extension for WindowsStandalone target not found
[Package Manager] Failed to launch server process. Reason: Unity was launched with the -noUpm command-line argument
[Package Manager] Unable to send message (not connected to server process).
[Package Manager] Cannot connect to Unity Package Manager local server
Mono: successfully reloaded assembly
- Finished resetting the current domain, in  1.300 seconds
Domain Reload Profiling: 2462ms
	BeginReloadAssembly (351ms)
		ExecutionOrderSort (0ms)
		DisableScriptedObjects (15ms)
		BackupInstance (0ms)
		ReleaseScriptingObjects (0ms)
		CreateAndSetChildDomain (71ms)
	RebuildCommonClasses (78ms)
	RebuildNativeTypeToScriptingClass (21ms)
	initialDomainReloadingComplete (54ms)
	LoadAllAssembliesAndSetupDomain (657ms)
		LoadAssemblies (569ms)
		RebuildTransferFunctionScriptingTraits (0ms)
		AnalyzeDomain (269ms)
			TypeCache.Refresh (8ms)
				TypeCache.ScanAssembly (0ms)
			BuildScriptInfoCaches (245ms)
			ResolveRequiredComponents (9ms)
	FinalizeReload (1301ms)
		ReleaseScriptCaches (0ms)
		RebuildScriptCaches (0ms)
		SetupLoadedEditorAssemblies (1104ms)
			LogAssemblyErrors (0ms)
			InitializePlatformSupportModulesInManaged (3ms)
			SetLoadedEditorAssemblies (4ms)
			BeforeProcessingInitializeOnLoad (215ms)
			ProcessInitializeOnLoadAttributes (822ms)
			ProcessInitializeOnLoadMethodAttributes (53ms)
			AfterProcessingInitializeOnLoad (6ms)
			EditorAssembliesLoaded (0ms)
		ExecutionOrderSort2 (0ms)
		AwakeInstancesAfterBackupRestoration (8ms)
Refreshing native plugins compatible for Editor in 1.77 ms, found 3 plugins.
Preloading 0 native plugins for Editor in 0.00 ms.
Unloading 12 Unused Serialized files (Serialized files now loaded: 0)
Unloading 4082 unused Assets / (2.4 MB). Loaded Objects now: 4634.
Memory consumption went from 95.4 MB to 93.1 MB.
Total: 6.203600 ms (FindLiveObjects: 0.334800 ms CreateObjectMapping: 0.293400 ms MarkObjects: 4.440000 ms  DeleteObjects: 1.134200 ms)

Prepare: number of updated asset objects reloaded= 0
========================================================================
Received Import Request.
  Time since last request: 65.737350 seconds.
  path: Assets/elevator texture/elevator_screen_material_Roughness.png
  artifactKey: Guid(04b7c5367d89b0d49bb9229d18ea1508) Importer(815301076,1909f56bfc062723c751e8b465ee728b)
Start importing Assets/elevator texture/elevator_screen_material_Roughness.png using Guid(04b7c5367d89b0d49bb9229d18ea1508) Importer(815301076,1909f56bfc062723c751e8b465ee728b) (PreviewImporter) -> (artifact id: 'b391cbaa61f5d413ea8832e6230d8e42') in 0.0710452 seconds
Number of updated asset objects reloaded before import = 0Number of asset objects unloaded after import = 2

========================================================================
Received Import Request.
  Time since last request: 0.000025 seconds.
  path: Assets/elevator texture/elevator_screw_material_Normal.png
  artifactKey: Guid(cc4ddeb07a06aa04aa1326ac40df3b35) Importer(815301076,1909f56bfc062723c751e8b465ee728b)
Start importing Assets/elevator texture/elevator_screw_material_Normal.png using Guid(cc4ddeb07a06aa04aa1326ac40df3b35) Importer(815301076,1909f56bfc062723c751e8b465ee728b) (PreviewImporter) -> (artifact id: 'ad6ce1c614492ee109431870434b1b57') in 0.0585255 seconds
Number of updated asset objects reloaded before import = 0Number of asset objects unloaded after import = 2

========================================================================
Received Import Request.
  Time since last request: 0.000036 seconds.
  path: Assets/elevator texture/elevator_screw_material_Height.png
  artifactKey: Guid(b4cdec02eeead424ba80a481daa649b2) Importer(815301076,1909f56bfc062723c751e8b465ee728b)
Start importing Assets/elevator texture/elevator_screw_material_Height.png using Guid(b4cdec02eeead424ba80a481daa649b2) Importer(815301076,1909f56bfc062723c751e8b465ee728b) (PreviewImporter) -> (artifact id: '987484fcae1ae54b2057f5f94ff9ae20') in 0.0199048 seconds
Number of updated asset objects reloaded before import = 0Number of asset objects unloaded after import = 2

========================================================================
Received Import Request.
  Time since last request: 0.000040 seconds.
  path: Assets/Super Retro Compact Pack/Materials/FunCar_Muscle_Blue.mat
  artifactKey: Guid(877ad7c4b6a32e14196ae1045b9f0d4c) Importer(815301076,1909f56bfc062723c751e8b465ee728b)
Start importing Assets/Super Retro Compact Pack/Materials/FunCar_Muscle_Blue.mat using Guid(877ad7c4b6a32e14196ae1045b9f0d4c) Importer(815301076,1909f56bfc062723c751e8b465ee728b) (PreviewImporter) -> (artifact id: 'ab98b2fd2fd05c73d927c8db360e856a') in 0.1641233 seconds
Number of updated asset objects reloaded before import = 0Number of asset objects unloaded after import = 2

========================================================================
Received Import Request.
  Time since last request: 0.000032 seconds.
  path: Assets/Super Retro Compact Pack/Materials/FunCar_Muscle_Orange.mat
  artifactKey: Guid(8060b264389d648469624e8f56121c36) Importer(815301076,1909f56bfc062723c751e8b465ee728b)
Start importing Assets/Super Retro Compact Pack/Materials/FunCar_Muscle_Orange.mat using Guid(8060b264389d648469624e8f56121c36) Importer(815301076,1909f56bfc062723c751e8b465ee728b) (PreviewImporter) -> (artifact id: '525a2ef8f49393eb880fff6253d2419d') in 0.0403889 seconds
Number of updated asset objects reloaded before import = 0Number of asset objects unloaded after import = 2

========================================================================
Received Import Request.
  Time since last request: 0.000037 seconds.
  path: Assets/elevator texture/elevator_screw_material_Roughness.png
  artifactKey: Guid(eb5abd3fdabe34948b87a681ad5c6c72) Importer(815301076,1909f56bfc062723c751e8b465ee728b)
Start importing Assets/elevator texture/elevator_screw_material_Roughness.png using Guid(eb5abd3fdabe34948b87a681ad5c6c72) Importer(815301076,1909f56bfc062723c751e8b465ee728b) (PreviewImporter) -> (artifact id: 'b8f58ffee9c5fdd3b6f14ff5fc07f535') in 0.0244317 seconds
Number of updated asset objects reloaded before import = 0Number of asset objects unloaded after import = 2

========================================================================
Received Import Request.
  Time since last request: 0.000062 seconds.
  path: Assets/Super Retro Compact Pack/Materials/FunCar_Muscle_Red.mat
  artifactKey: Guid(dd5c248e806ba7f4f83f36bb8cd484af) Importer(815301076,1909f56bfc062723c751e8b465ee728b)
Start importing Assets/Super Retro Compact Pack/Materials/FunCar_Muscle_Red.mat using Guid(dd5c248e806ba7f4f83f36bb8cd484af) Importer(815301076,1909f56bfc062723c751e8b465ee728b) (PreviewImporter) -> (artifact id: '19601edb9a8a4ee42e6bfc29f7b24821') in 0.039248 seconds
Number of updated asset objects reloaded before import = 0Number of asset objects unloaded after import = 2

========================================================================
Received Prepare
Default GameObject BitMask: UI already registered
Begin MonoManager ReloadAssembly
[Licensing::Client] Successfully resolved entitlement details
- Loaded All Assemblies, in  1.110 seconds
Refreshing native plugins compatible for Editor in 2.97 ms, found 3 plugins.
Native extension for WindowsStandalone target not found
[Package Manager] Failed to launch server process. Reason: Unity was launched with the -noUpm command-line argument
[Package Manager] Unable to send message (not connected to server process).
[Package Manager] Cannot connect to Unity Package Manager local server
Mono: successfully reloaded assembly
- Finished resetting the current domain, in  1.222 seconds
Domain Reload Profiling: 2325ms
	BeginReloadAssembly (352ms)
		ExecutionOrderSort (0ms)
		DisableScriptedObjects (9ms)
		BackupInstance (0ms)
		ReleaseScriptingObjects (0ms)
		CreateAndSetChildDomain (78ms)
	RebuildCommonClasses (55ms)
	RebuildNativeTypeToScriptingClass (22ms)
	initialDomainReloadingComplete (47ms)
	LoadAllAssembliesAndSetupDomain (628ms)
		LoadAssemblies (514ms)
		RebuildTransferFunctionScriptingTraits (0ms)
		AnalyzeDomain (287ms)
			TypeCache.Refresh (7ms)
				TypeCache.ScanAssembly (0ms)
			BuildScriptInfoCaches (261ms)
			ResolveRequiredComponents (9ms)
	FinalizeReload (1223ms)
		ReleaseScriptCaches (0ms)
		RebuildScriptCaches (0ms)
		SetupLoadedEditorAssemblies (1057ms)
			LogAssemblyErrors (0ms)
			InitializePlatformSupportModulesInManaged (2ms)
			SetLoadedEditorAssemblies (4ms)
			BeforeProcessingInitializeOnLoad (205ms)
			ProcessInitializeOnLoadAttributes (799ms)
			ProcessInitializeOnLoadMethodAttributes (39ms)
			AfterProcessingInitializeOnLoad (7ms)
			EditorAssembliesLoaded (0ms)
		ExecutionOrderSort2 (0ms)
		AwakeInstancesAfterBackupRestoration (9ms)
Refreshing native plugins compatible for Editor in 1.23 ms, found 3 plugins.
Preloading 0 native plugins for Editor in 0.00 ms.
Unloading 12 Unused Serialized files (Serialized files now loaded: 0)
Unloading 4082 unused Assets / (2.4 MB). Loaded Objects now: 4680.
Memory consumption went from 100.2 MB to 97.8 MB.
Total: 10.220100 ms (FindLiveObjects: 0.677200 ms CreateObjectMapping: 0.368600 ms MarkObjects: 7.936700 ms  DeleteObjects: 1.235900 ms)

Prepare: number of updated asset objects reloaded= 0
========================================================================
Received Prepare
Default GameObject BitMask: UI already registered
Begin MonoManager ReloadAssembly
- Loaded All Assemblies, in  0.994 seconds
Refreshing native plugins compatible for Editor in 1.22 ms, found 3 plugins.
Native extension for WindowsStandalone target not found
[Package Manager] Failed to launch server process. Reason: Unity was launched with the -noUpm command-line argument
[Package Manager] Unable to send message (not connected to server process).
[Package Manager] Cannot connect to Unity Package Manager local server
Mono: successfully reloaded assembly
- Finished resetting the current domain, in  1.154 seconds
Domain Reload Profiling: 2134ms
	BeginReloadAssembly (305ms)
		ExecutionOrderSort (0ms)
		DisableScriptedObjects (7ms)
		BackupInstance (0ms)
		ReleaseScriptingObjects (0ms)
		CreateAndSetChildDomain (59ms)
	RebuildCommonClasses (62ms)
	RebuildNativeTypeToScriptingClass (18ms)
	initialDomainReloadingComplete (42ms)
	LoadAllAssembliesAndSetupDomain (552ms)
		LoadAssemblies (497ms)
		RebuildTransferFunctionScriptingTraits (0ms)
		AnalyzeDomain (221ms)
			TypeCache.Refresh (10ms)
				TypeCache.ScanAssembly (0ms)
			BuildScriptInfoCaches (193ms)
			ResolveRequiredComponents (10ms)
	FinalizeReload (1155ms)
		ReleaseScriptCaches (0ms)
		RebuildScriptCaches (0ms)
		SetupLoadedEditorAssemblies (1004ms)
			LogAssemblyErrors (0ms)
			InitializePlatformSupportModulesInManaged (2ms)
			SetLoadedEditorAssemblies (4ms)
			BeforeProcessingInitializeOnLoad (181ms)
			ProcessInitializeOnLoadAttributes (774ms)
			ProcessInitializeOnLoadMethodAttributes (37ms)
			AfterProcessingInitializeOnLoad (6ms)
			EditorAssembliesLoaded (0ms)
		ExecutionOrderSort2 (0ms)
		AwakeInstancesAfterBackupRestoration (7ms)
Refreshing native plugins compatible for Editor in 2.10 ms, found 3 plugins.
Preloading 0 native plugins for Editor in 0.00 ms.
Unloading 12 Unused Serialized files (Serialized files now loaded: 0)
Unloading 4082 unused Assets / (3.1 MB). Loaded Objects now: 4681.
Memory consumption went from 100.2 MB to 97.1 MB.
Total: 11.459000 ms (FindLiveObjects: 0.653900 ms CreateObjectMapping: 0.904100 ms MarkObjects: 7.699600 ms  DeleteObjects: 2.199300 ms)

Prepare: number of updated asset objects reloaded= 0
========================================================================
Received Prepare
Default GameObject BitMask: UI already registered
Begin MonoManager ReloadAssembly
[Licensing::Client] Successfully resolved entitlement details
- Loaded All Assemblies, in  1.123 seconds
Refreshing native plugins compatible for Editor in 1.46 ms, found 3 plugins.
Native extension for WindowsStandalone target not found
[Package Manager] Failed to launch server process. Reason: Unity was launched with the -noUpm command-line argument
[Package Manager] Unable to send message (not connected to server process).
[Package Manager] Cannot connect to Unity Package Manager local server
Mono: successfully reloaded assembly
- Finished resetting the current domain, in  1.225 seconds
Domain Reload Profiling: 2341ms
	BeginReloadAssembly (323ms)
		ExecutionOrderSort (0ms)
		DisableScriptedObjects (8ms)
		BackupInstance (0ms)
		ReleaseScriptingObjects (0ms)
		CreateAndSetChildDomain (54ms)
	RebuildCommonClasses (61ms)
	RebuildNativeTypeToScriptingClass (30ms)
	initialDomainReloadingComplete (61ms)
	LoadAllAssembliesAndSetupDomain (641ms)
		LoadAssemblies (547ms)
		RebuildTransferFunctionScriptingTraits (0ms)
		AnalyzeDomain (273ms)
			TypeCache.Refresh (12ms)
				TypeCache.ScanAssembly (0ms)
			BuildScriptInfoCaches (239ms)
			ResolveRequiredComponents (15ms)
	FinalizeReload (1225ms)
		ReleaseScriptCaches (0ms)
		RebuildScriptCaches (0ms)
		SetupLoadedEditorAssemblies (1038ms)
			LogAssemblyErrors (0ms)
			InitializePlatformSupportModulesInManaged (3ms)
			SetLoadedEditorAssemblies (4ms)
			BeforeProcessingInitializeOnLoad (211ms)
			ProcessInitializeOnLoadAttributes (771ms)
			ProcessInitializeOnLoadMethodAttributes (44ms)
			AfterProcessingInitializeOnLoad (5ms)
			EditorAssembliesLoaded (0ms)
		ExecutionOrderSort2 (0ms)
		AwakeInstancesAfterBackupRestoration (10ms)
Refreshing native plugins compatible for Editor in 1.30 ms, found 3 plugins.
Preloading 0 native plugins for Editor in 0.00 ms.
Unloading 12 Unused Serialized files (Serialized files now loaded: 0)
Unloading 4082 unused Assets / (2.6 MB). Loaded Objects now: 4682.
Memory consumption went from 100.2 MB to 97.6 MB.
Total: 7.127400 ms (FindLiveObjects: 0.421400 ms CreateObjectMapping: 0.279100 ms MarkObjects: 4.946100 ms  DeleteObjects: 1.479500 ms)

Prepare: number of updated asset objects reloaded= 0
========================================================================
Received Prepare
Default GameObject BitMask: UI already registered
Refreshing native plugins compatible for Editor in 2.58 ms, found 3 plugins.
Preloading 0 native plugins for Editor in 0.00 ms.
Unloading 12 Unused Serialized files (Serialized files now loaded: 0)
Unloading 4075 unused Assets / (2.4 MB). Loaded Objects now: 4682.
Memory consumption went from 100.4 MB to 98.0 MB.
Total: 11.747300 ms (FindLiveObjects: 0.835300 ms CreateObjectMapping: 0.745300 ms MarkObjects: 8.583800 ms  DeleteObjects: 1.579900 ms)

Prepare: number of updated asset objects reloaded= 0
========================================================================
Received Prepare
Default GameObject BitMask: UI already registered
Refreshing native plugins compatible for Editor in 0.99 ms, found 3 plugins.
Preloading 0 native plugins for Editor in 0.00 ms.
Unloading 12 Unused Serialized files (Serialized files now loaded: 0)
Unloading 4075 unused Assets / (2.4 MB). Loaded Objects now: 4682.
Memory consumption went from 100.4 MB to 98.0 MB.
Total: 9.023700 ms (FindLiveObjects: 0.587700 ms CreateObjectMapping: 0.380900 ms MarkObjects: 6.951000 ms  DeleteObjects: 1.102500 ms)

Prepare: number of updated asset objects reloaded= 0
========================================================================
Received Prepare
Default GameObject BitMask: UI already registered
Begin MonoManager ReloadAssembly
[Licensing::Client] Successfully resolved entitlement details
- Loaded All Assemblies, in  1.099 seconds
Refreshing native plugins compatible for Editor in 3.13 ms, found 3 plugins.
Native extension for WindowsStandalone target not found
[Package Manager] Failed to launch server process. Reason: Unity was launched with the -noUpm command-line argument
[Package Manager] Unable to send message (not connected to server process).
[Package Manager] Cannot connect to Unity Package Manager local server
Mono: successfully reloaded assembly
- Finished resetting the current domain, in  1.160 seconds
Domain Reload Profiling: 2253ms
	BeginReloadAssembly (345ms)
		ExecutionOrderSort (0ms)
		DisableScriptedObjects (10ms)
		BackupInstance (0ms)
		ReleaseScriptingObjects (0ms)
		CreateAndSetChildDomain (57ms)
	RebuildCommonClasses (50ms)
	RebuildNativeTypeToScriptingClass (27ms)
	initialDomainReloadingComplete (48ms)
	LoadAllAssembliesAndSetupDomain (623ms)
		LoadAssemblies (545ms)
		RebuildTransferFunctionScriptingTraits (0ms)
		AnalyzeDomain (262ms)
			TypeCache.Refresh (12ms)
				TypeCache.ScanAssembly (1ms)
			BuildScriptInfoCaches (238ms)
			ResolveRequiredComponents (6ms)
	FinalizeReload (1160ms)
		ReleaseScriptCaches (0ms)
		RebuildScriptCaches (0ms)
		SetupLoadedEditorAssemblies (1002ms)
			LogAssemblyErrors (0ms)
			InitializePlatformSupportModulesInManaged (4ms)
			SetLoadedEditorAssemblies (4ms)
			BeforeProcessingInitializeOnLoad (203ms)
			ProcessInitializeOnLoadAttributes (732ms)
			ProcessInitializeOnLoadMethodAttributes (48ms)
			AfterProcessingInitializeOnLoad (11ms)
			EditorAssembliesLoaded (0ms)
		ExecutionOrderSort2 (0ms)
		AwakeInstancesAfterBackupRestoration (10ms)
Refreshing native plugins compatible for Editor in 1.42 ms, found 3 plugins.
Preloading 0 native plugins for Editor in 0.00 ms.
Unloading 12 Unused Serialized files (Serialized files now loaded: 0)
Unloading 4082 unused Assets / (2.5 MB). Loaded Objects now: 4683.
Memory consumption went from 100.2 MB to 97.8 MB.
Total: 7.944500 ms (FindLiveObjects: 0.687300 ms CreateObjectMapping: 0.394600 ms MarkObjects: 5.600700 ms  DeleteObjects: 1.260200 ms)

Prepare: number of updated asset objects reloaded= 0
========================================================================
Received Prepare
Default GameObject BitMask: UI already registered
Begin MonoManager ReloadAssembly
[Licensing::Client] Successfully resolved entitlement details
- Loaded All Assemblies, in  1.092 seconds
Refreshing native plugins compatible for Editor in 3.60 ms, found 3 plugins.
Native extension for WindowsStandalone target not found
[Package Manager] Failed to launch server process. Reason: Unity was launched with the -noUpm command-line argument
[Package Manager] Unable to send message (not connected to server process).
[Package Manager] Cannot connect to Unity Package Manager local server
Mono: successfully reloaded assembly
- Finished resetting the current domain, in  1.208 seconds
Domain Reload Profiling: 2290ms
	BeginReloadAssembly (328ms)
		ExecutionOrderSort (0ms)
		DisableScriptedObjects (10ms)
		BackupInstance (0ms)
		ReleaseScriptingObjects (0ms)
		CreateAndSetChildDomain (58ms)
	RebuildCommonClasses (56ms)
	RebuildNativeTypeToScriptingClass (17ms)
	initialDomainReloadingComplete (43ms)
	LoadAllAssembliesAndSetupDomain (637ms)
		LoadAssemblies (546ms)
		RebuildTransferFunctionScriptingTraits (0ms)
		AnalyzeDomain (274ms)
			TypeCache.Refresh (9ms)
				TypeCache.ScanAssembly (0ms)
			BuildScriptInfoCaches (247ms)
			ResolveRequiredComponents (10ms)
	FinalizeReload (1209ms)
		ReleaseScriptCaches (0ms)
		RebuildScriptCaches (0ms)
		SetupLoadedEditorAssemblies (1034ms)
			LogAssemblyErrors (0ms)
			InitializePlatformSupportModulesInManaged (2ms)
			SetLoadedEditorAssemblies (4ms)
			BeforeProcessingInitializeOnLoad (193ms)
			ProcessInitializeOnLoadAttributes (792ms)
			ProcessInitializeOnLoadMethodAttributes (29ms)
			AfterProcessingInitializeOnLoad (14ms)
			EditorAssembliesLoaded (0ms)
		ExecutionOrderSort2 (0ms)
		AwakeInstancesAfterBackupRestoration (7ms)
Refreshing native plugins compatible for Editor in 1.23 ms, found 3 plugins.
Preloading 0 native plugins for Editor in 0.00 ms.
Unloading 12 Unused Serialized files (Serialized files now loaded: 0)
Unloading 4082 unused Assets / (2.4 MB). Loaded Objects now: 4684.
Memory consumption went from 100.2 MB to 97.8 MB.
Total: 7.290200 ms (FindLiveObjects: 0.355300 ms CreateObjectMapping: 0.269400 ms MarkObjects: 5.418000 ms  DeleteObjects: 1.246500 ms)

Prepare: number of updated asset objects reloaded= 0
========================================================================
Received Prepare
Default GameObject BitMask: UI already registered
Begin MonoManager ReloadAssembly
- Loaded All Assemblies, in  1.059 seconds
Refreshing native plugins compatible for Editor in 1.10 ms, found 3 plugins.
Native extension for WindowsStandalone target not found
[Package Manager] Failed to launch server process. Reason: Unity was launched with the -noUpm command-line argument
[Package Manager] Unable to send message (not connected to server process).
[Package Manager] Cannot connect to Unity Package Manager local server
Mono: successfully reloaded assembly
- Finished resetting the current domain, in  1.194 seconds
Domain Reload Profiling: 2250ms
	BeginReloadAssembly (286ms)
		ExecutionOrderSort (0ms)
		DisableScriptedObjects (8ms)
		BackupInstance (0ms)
		ReleaseScriptingObjects (0ms)
		CreateAndSetChildDomain (61ms)
	RebuildCommonClasses (58ms)
	RebuildNativeTypeToScriptingClass (17ms)
	initialDomainReloadingComplete (43ms)
	LoadAllAssembliesAndSetupDomain (652ms)
		LoadAssemblies (511ms)
		RebuildTransferFunctionScriptingTraits (0ms)
		AnalyzeDomain (285ms)
			TypeCache.Refresh (8ms)
				TypeCache.ScanAssembly (0ms)
			BuildScriptInfoCaches (262ms)
			ResolveRequiredComponents (8ms)
	FinalizeReload (1195ms)
		ReleaseScriptCaches (0ms)
		RebuildScriptCaches (0ms)
		SetupLoadedEditorAssemblies (1032ms)
			LogAssemblyErrors (0ms)
			InitializePlatformSupportModulesInManaged (4ms)
			SetLoadedEditorAssemblies (5ms)
			BeforeProcessingInitializeOnLoad (182ms)
			ProcessInitializeOnLoadAttributes (785ms)
			ProcessInitializeOnLoadMethodAttributes (50ms)
			AfterProcessingInitializeOnLoad (6ms)
			EditorAssembliesLoaded (0ms)
		ExecutionOrderSort2 (0ms)
		AwakeInstancesAfterBackupRestoration (7ms)
Refreshing native plugins compatible for Editor in 1.43 ms, found 3 plugins.
Preloading 0 native plugins for Editor in 0.00 ms.
Unloading 12 Unused Serialized files (Serialized files now loaded: 0)
Unloading 4082 unused Assets / (2.8 MB). Loaded Objects now: 4685.
Memory consumption went from 100.2 MB to 97.5 MB.
Total: 11.484600 ms (FindLiveObjects: 0.672100 ms CreateObjectMapping: 0.611400 ms MarkObjects: 8.376400 ms  DeleteObjects: 1.823000 ms)

Prepare: number of updated asset objects reloaded= 0
========================================================================
Received Prepare
Default GameObject BitMask: UI already registered
Begin MonoManager ReloadAssembly
[Licensing::Client] Successfully resolved entitlement details
- Loaded All Assemblies, in  1.068 seconds
Refreshing native plugins compatible for Editor in 1.46 ms, found 3 plugins.
Native extension for WindowsStandalone target not found
[Package Manager] Failed to launch server process. Reason: Unity was launched with the -noUpm command-line argument
[Package Manager] Unable to send message (not connected to server process).
[Package Manager] Cannot connect to Unity Package Manager local server
Mono: successfully reloaded assembly
- Finished resetting the current domain, in  1.180 seconds
Domain Reload Profiling: 2249ms
	BeginReloadAssembly (281ms)
		ExecutionOrderSort (0ms)
		DisableScriptedObjects (12ms)
		BackupInstance (0ms)
		ReleaseScriptingObjects (0ms)
		CreateAndSetChildDomain (56ms)
	RebuildCommonClasses (65ms)
	RebuildNativeTypeToScriptingClass (22ms)
	initialDomainReloadingComplete (42ms)
	LoadAllAssembliesAndSetupDomain (659ms)
		LoadAssemblies (519ms)
		RebuildTransferFunctionScriptingTraits (0ms)
		AnalyzeDomain (282ms)
			TypeCache.Refresh (8ms)
				TypeCache.ScanAssembly (0ms)
			BuildScriptInfoCaches (253ms)
			ResolveRequiredComponents (11ms)
	FinalizeReload (1181ms)
		ReleaseScriptCaches (0ms)
		RebuildScriptCaches (0ms)
		SetupLoadedEditorAssemblies (1028ms)
			LogAssemblyErrors (0ms)
			InitializePlatformSupportModulesInManaged (4ms)
			SetLoadedEditorAssemblies (6ms)
			BeforeProcessingInitializeOnLoad (210ms)
			ProcessInitializeOnLoadAttributes (761ms)
			ProcessInitializeOnLoadMethodAttributes (41ms)
			AfterProcessingInitializeOnLoad (5ms)
			EditorAssembliesLoaded (0ms)
		ExecutionOrderSort2 (0ms)
		AwakeInstancesAfterBackupRestoration (7ms)
Refreshing native plugins compatible for Editor in 1.44 ms, found 3 plugins.
Preloading 0 native plugins for Editor in 0.00 ms.
Unloading 12 Unused Serialized files (Serialized files now loaded: 0)
Unloading 4082 unused Assets / (2.8 MB). Loaded Objects now: 4686.
Memory consumption went from 100.2 MB to 97.4 MB.
Total: 7.654200 ms (FindLiveObjects: 0.644900 ms CreateObjectMapping: 0.411000 ms MarkObjects: 4.945800 ms  DeleteObjects: 1.650800 ms)

Prepare: number of updated asset objects reloaded= 0
========================================================================
Received Prepare
Default GameObject BitMask: UI already registered
Begin MonoManager ReloadAssembly
[Licensing::Client] Successfully resolved entitlement details
- Loaded All Assemblies, in  1.156 seconds
Refreshing native plugins compatible for Editor in 1.46 ms, found 3 plugins.
Native extension for WindowsStandalone target not found
[Package Manager] Failed to launch server process. Reason: Unity was launched with the -noUpm command-line argument
[Package Manager] Unable to send message (not connected to server process).
[Package Manager] Cannot connect to Unity Package Manager local server
Mono: successfully reloaded assembly
- Finished resetting the current domain, in  1.241 seconds
Domain Reload Profiling: 2396ms
	BeginReloadAssembly (376ms)
		ExecutionOrderSort (0ms)
		DisableScriptedObjects (9ms)
		BackupInstance (0ms)
		ReleaseScriptingObjects (0ms)
		CreateAndSetChildDomain (65ms)
	RebuildCommonClasses (68ms)
	RebuildNativeTypeToScriptingClass (21ms)
	initialDomainReloadingComplete (53ms)
	LoadAllAssembliesAndSetupDomain (636ms)
		LoadAssemblies (579ms)
		RebuildTransferFunctionScriptingTraits (0ms)
		AnalyzeDomain (278ms)
			TypeCache.Refresh (20ms)
				TypeCache.ScanAssembly (1ms)
			BuildScriptInfoCaches (239ms)
			ResolveRequiredComponents (12ms)
	FinalizeReload (1242ms)
		ReleaseScriptCaches (0ms)
		RebuildScriptCaches (0ms)
		SetupLoadedEditorAssemblies (1055ms)
			LogAssemblyErrors (0ms)
			InitializePlatformSupportModulesInManaged (3ms)
			SetLoadedEditorAssemblies (4ms)
			BeforeProcessingInitializeOnLoad (258ms)
			ProcessInitializeOnLoadAttributes (743ms)
			ProcessInitializeOnLoadMethodAttributes (41ms)
			AfterProcessingInitializeOnLoad (6ms)
			EditorAssembliesLoaded (0ms)
		ExecutionOrderSort2 (0ms)
		AwakeInstancesAfterBackupRestoration (7ms)
Refreshing native plugins compatible for Editor in 1.25 ms, found 3 plugins.
Preloading 0 native plugins for Editor in 0.00 ms.
Unloading 12 Unused Serialized files (Serialized files now loaded: 0)
Unloading 4082 unused Assets / (2.5 MB). Loaded Objects now: 4687.
Memory consumption went from 100.2 MB to 97.7 MB.
Total: 8.111100 ms (FindLiveObjects: 0.675000 ms CreateObjectMapping: 0.404900 ms MarkObjects: 5.182500 ms  DeleteObjects: 1.846800 ms)

Prepare: number of updated asset objects reloaded= 0
========================================================================
Received Prepare
Default GameObject BitMask: UI already registered
Begin MonoManager ReloadAssembly
- Loaded All Assemblies, in  1.046 seconds
Refreshing native plugins compatible for Editor in 1.37 ms, found 3 plugins.
Native extension for WindowsStandalone target not found
[Package Manager] Failed to launch server process. Reason: Unity was launched with the -noUpm command-line argument
[Package Manager] Unable to send message (not connected to server process).
[Package Manager] Cannot connect to Unity Package Manager local server
Mono: successfully reloaded assembly
- Finished resetting the current domain, in  1.262 seconds
Domain Reload Profiling: 2301ms
	BeginReloadAssembly (310ms)
		ExecutionOrderSort (0ms)
		DisableScriptedObjects (10ms)
		BackupInstance (0ms)
		ReleaseScriptingObjects (0ms)
		CreateAndSetChildDomain (63ms)
	RebuildCommonClasses (51ms)
	RebuildNativeTypeToScriptingClass (20ms)
	initialDomainReloadingComplete (45ms)
	LoadAllAssembliesAndSetupDomain (614ms)
		LoadAssemblies (516ms)
		RebuildTransferFunctionScriptingTraits (0ms)
		AnalyzeDomain (256ms)
			TypeCache.Refresh (8ms)
				TypeCache.ScanAssembly (0ms)
			BuildScriptInfoCaches (236ms)
			ResolveRequiredComponents (7ms)
	FinalizeReload (1262ms)
		ReleaseScriptCaches (0ms)
		RebuildScriptCaches (0ms)
		SetupLoadedEditorAssemblies (1095ms)
			LogAssemblyErrors (0ms)
			InitializePlatformSupportModulesInManaged (4ms)
			SetLoadedEditorAssemblies (6ms)
			BeforeProcessingInitializeOnLoad (175ms)
			ProcessInitializeOnLoadAttributes (863ms)
			ProcessInitializeOnLoadMethodAttributes (36ms)
			AfterProcessingInitializeOnLoad (12ms)
			EditorAssembliesLoaded (0ms)
		ExecutionOrderSort2 (0ms)
		AwakeInstancesAfterBackupRestoration (7ms)
Refreshing native plugins compatible for Editor in 1.24 ms, found 3 plugins.
Preloading 0 native plugins for Editor in 0.00 ms.
Unloading 12 Unused Serialized files (Serialized files now loaded: 0)
Unloading 4082 unused Assets / (3.0 MB). Loaded Objects now: 4688.
Memory consumption went from 100.2 MB to 97.2 MB.
Total: 11.062000 ms (FindLiveObjects: 0.691400 ms CreateObjectMapping: 0.776200 ms MarkObjects: 7.468300 ms  DeleteObjects: 2.124400 ms)

Prepare: number of updated asset objects reloaded= 0
========================================================================
Received Import Request.
  Time since last request: 1792.497036 seconds.
  path: Assets/KriegFont-xqwj SDF.asset
  artifactKey: Guid(2289ca37580063b418f2e331eb29122f) Importer(815301076,1909f56bfc062723c751e8b465ee728b)
Start importing Assets/KriegFont-xqwj SDF.asset using Guid(2289ca37580063b418f2e331eb29122f) Importer(815301076,1909f56bfc062723c751e8b465ee728b) (PreviewImporter) -> (artifact id: '1a216c14131a1c49b84d303b0b99572d') in 0.2133136 seconds
Number of updated asset objects reloaded before import = 0Number of asset objects unloaded after import = 6

========================================================================
Received Prepare
Default GameObject BitMask: UI already registered
Begin MonoManager ReloadAssembly
[Licensing::Client] Successfully resolved entitlement details
- Loaded All Assemblies, in  1.119 seconds
Refreshing native plugins compatible for Editor in 1.37 ms, found 3 plugins.
Native extension for WindowsStandalone target not found
[Package Manager] Failed to launch server process. Reason: Unity was launched with the -noUpm command-line argument
[Package Manager] Unable to send message (not connected to server process).
[Package Manager] Cannot connect to Unity Package Manager local server
Mono: successfully reloaded assembly
- Finished resetting the current domain, in  1.438 seconds
Domain Reload Profiling: 2554ms
	BeginReloadAssembly (341ms)
		ExecutionOrderSort (0ms)
		DisableScriptedObjects (20ms)
		BackupInstance (0ms)
		ReleaseScriptingObjects (0ms)
		CreateAndSetChildDomain (67ms)
	RebuildCommonClasses (57ms)
	RebuildNativeTypeToScriptingClass (18ms)
	initialDomainReloadingComplete (51ms)
	LoadAllAssembliesAndSetupDomain (647ms)
		LoadAssemblies (552ms)
		RebuildTransferFunctionScriptingTraits (0ms)
		AnalyzeDomain (265ms)
			TypeCache.Refresh (8ms)
				TypeCache.ScanAssembly (0ms)
			BuildScriptInfoCaches (236ms)
			ResolveRequiredComponents (12ms)
	FinalizeReload (1439ms)
		ReleaseScriptCaches (0ms)
		RebuildScriptCaches (0ms)
		SetupLoadedEditorAssemblies (1216ms)
			LogAssemblyErrors (0ms)
			InitializePlatformSupportModulesInManaged (3ms)
			SetLoadedEditorAssemblies (5ms)
			BeforeProcessingInitializeOnLoad (224ms)
			ProcessInitializeOnLoadAttributes (938ms)
			ProcessInitializeOnLoadMethodAttributes (38ms)
			AfterProcessingInitializeOnLoad (8ms)
			EditorAssembliesLoaded (0ms)
		ExecutionOrderSort2 (0ms)
		AwakeInstancesAfterBackupRestoration (7ms)
Refreshing native plugins compatible for Editor in 1.41 ms, found 3 plugins.
Preloading 0 native plugins for Editor in 0.00 ms.
Unloading 12 Unused Serialized files (Serialized files now loaded: 0)
Unloading 4082 unused Assets / (2.5 MB). Loaded Objects now: 4691.
Memory consumption went from 100.3 MB to 97.8 MB.
Total: 8.519500 ms (FindLiveObjects: 1.075600 ms CreateObjectMapping: 0.368000 ms MarkObjects: 5.679200 ms  DeleteObjects: 1.395000 ms)

Prepare: number of updated asset objects reloaded= 0
========================================================================
Received Prepare
Default GameObject BitMask: UI already registered
Begin MonoManager ReloadAssembly
- Loaded All Assemblies, in  1.101 seconds
Refreshing native plugins compatible for Editor in 3.57 ms, found 3 plugins.
Native extension for WindowsStandalone target not found
[Package Manager] Failed to launch server process. Reason: Unity was launched with the -noUpm command-line argument
[Package Manager] Unable to send message (not connected to server process).
[Package Manager] Cannot connect to Unity Package Manager local server
Mono: successfully reloaded assembly
- Finished resetting the current domain, in  1.343 seconds
Domain Reload Profiling: 2441ms
	BeginReloadAssembly (328ms)
		ExecutionOrderSort (0ms)
		DisableScriptedObjects (7ms)
		BackupInstance (0ms)
		ReleaseScriptingObjects (0ms)
		CreateAndSetChildDomain (65ms)
	RebuildCommonClasses (64ms)
	RebuildNativeTypeToScriptingClass (18ms)
	initialDomainReloadingComplete (55ms)
	LoadAllAssembliesAndSetupDomain (633ms)
		LoadAssemblies (566ms)
		RebuildTransferFunctionScriptingTraits (0ms)
		AnalyzeDomain (245ms)
			TypeCache.Refresh (8ms)
				TypeCache.ScanAssembly (0ms)
			BuildScriptInfoCaches (219ms)
			ResolveRequiredComponents (10ms)
	FinalizeReload (1344ms)
		ReleaseScriptCaches (0ms)
		RebuildScriptCaches (0ms)
		SetupLoadedEditorAssemblies (1104ms)
			LogAssemblyErrors (0ms)
			InitializePlatformSupportModulesInManaged (5ms)
			SetLoadedEditorAssemblies (7ms)
			BeforeProcessingInitializeOnLoad (220ms)
			ProcessInitializeOnLoadAttributes (830ms)
			ProcessInitializeOnLoadMethodAttributes (34ms)
			AfterProcessingInitializeOnLoad (7ms)
			EditorAssembliesLoaded (0ms)
		ExecutionOrderSort2 (0ms)
		AwakeInstancesAfterBackupRestoration (9ms)
Refreshing native plugins compatible for Editor in 1.31 ms, found 3 plugins.
Preloading 0 native plugins for Editor in 0.00 ms.
Unloading 12 Unused Serialized files (Serialized files now loaded: 0)
Unloading 4082 unused Assets / (2.5 MB). Loaded Objects now: 4692.
Memory consumption went from 100.3 MB to 97.8 MB.
Total: 7.576800 ms (FindLiveObjects: 0.595100 ms CreateObjectMapping: 0.349100 ms MarkObjects: 5.253300 ms  DeleteObjects: 1.377800 ms)

Prepare: number of updated asset objects reloaded= 0
========================================================================
Received Prepare
Default GameObject BitMask: UI already registered
Begin MonoManager ReloadAssembly
[Licensing::Client] Successfully resolved entitlement details
- Loaded All Assemblies, in  1.155 seconds
Refreshing native plugins compatible for Editor in 1.87 ms, found 3 plugins.
Native extension for WindowsStandalone target not found
[Package Manager] Failed to launch server process. Reason: Unity was launched with the -noUpm command-line argument
[Package Manager] Unable to send message (not connected to server process).
[Package Manager] Cannot connect to Unity Package Manager local server
Mono: successfully reloaded assembly
- Finished resetting the current domain, in  1.327 seconds
Domain Reload Profiling: 2481ms
	BeginReloadAssembly (368ms)
		ExecutionOrderSort (0ms)
		DisableScriptedObjects (13ms)
		BackupInstance (0ms)
		ReleaseScriptingObjects (0ms)
		CreateAndSetChildDomain (71ms)
	RebuildCommonClasses (69ms)
	RebuildNativeTypeToScriptingClass (29ms)
	initialDomainReloadingComplete (42ms)
	LoadAllAssembliesAndSetupDomain (644ms)
		LoadAssemblies (563ms)
		RebuildTransferFunctionScriptingTraits (0ms)
		AnalyzeDomain (281ms)
			TypeCache.Refresh (7ms)
				TypeCache.ScanAssembly (0ms)
			BuildScriptInfoCaches (252ms)
			ResolveRequiredComponents (13ms)
	FinalizeReload (1328ms)
		ReleaseScriptCaches (0ms)
		RebuildScriptCaches (0ms)
		SetupLoadedEditorAssemblies (1082ms)
			LogAssemblyErrors (0ms)
			InitializePlatformSupportModulesInManaged (3ms)
			SetLoadedEditorAssemblies (8ms)
			BeforeProcessingInitializeOnLoad (261ms)
			ProcessInitializeOnLoadAttributes (768ms)
			ProcessInitializeOnLoadMethodAttributes (31ms)
			AfterProcessingInitializeOnLoad (10ms)
			EditorAssembliesLoaded (0ms)
		ExecutionOrderSort2 (0ms)
		AwakeInstancesAfterBackupRestoration (15ms)
Refreshing native plugins compatible for Editor in 2.06 ms, found 3 plugins.
Preloading 0 native plugins for Editor in 0.00 ms.
Unloading 12 Unused Serialized files (Serialized files now loaded: 0)
Unloading 4082 unused Assets / (2.4 MB). Loaded Objects now: 4693.
Memory consumption went from 100.3 MB to 97.9 MB.
Total: 8.031400 ms (FindLiveObjects: 0.479300 ms CreateObjectMapping: 0.308800 ms MarkObjects: 5.824900 ms  DeleteObjects: 1.416500 ms)

Prepare: number of updated asset objects reloaded= 0
========================================================================
Received Import Request.
  Time since last request: 932.321854 seconds.
  path: Assets/5 Minutes of Rain and Thunderstorm Sounds For Focus, Relaxing and Sleep  Epidemic ASMR.mp3
  artifactKey: Guid(b74271889d2760d49b975b1507df8c96) Importer(2089858483,192608db42251d675da83286b1cce702)
Start importing Assets/5 Minutes of Rain and Thunderstorm Sounds For Focus, Relaxing and Sleep  Epidemic ASMR.mp3 using Guid(b74271889d2760d49b975b1507df8c96) Importer(2089858483,192608db42251d675da83286b1cce702) (ScriptedImporter) -> (artifact id: '100e24b0202a0b5f18ac6a622b8569a0') in 0.1958612 seconds
Number of updated asset objects reloaded before import = 0Number of asset objects unloaded after import = 1

========================================================================
Received Import Request.
  Time since last request: 0.000044 seconds.
  path: Assets/KriegFont-xqwj.otf
  artifactKey: Guid(0200b5dc976817d4cb984de0c96ae11a) Importer(2089858483,192608db42251d675da83286b1cce702)
Start importing Assets/KriegFont-xqwj.otf using Guid(0200b5dc976817d4cb984de0c96ae11a) Importer(2089858483,192608db42251d675da83286b1cce702) (ScriptedImporter) -> (artifact id: 'a6e830d397770ddf6f41302dfae56f1f') in 0.0867066 seconds
Number of updated asset objects reloaded before import = 0Number of asset objects unloaded after import = 3

========================================================================
Received Import Request.
  Time since last request: 0.000064 seconds.
  path: Assets/Kevin MacLeod_ Local Forecast - Elevator.wav
  artifactKey: Guid(9a998d7934db7fe4f9b969246a9f7bf6) Importer(2089858483,192608db42251d675da83286b1cce702)
Start importing Assets/Kevin MacLeod_ Local Forecast - Elevator.wav using Guid(9a998d7934db7fe4f9b969246a9f7bf6) Importer(2089858483,192608db42251d675da83286b1cce702) (ScriptedImporter) -> (artifact id: '555b6c41f393084fe9a273eefa9a1475') in 0.0710686 seconds
Number of updated asset objects reloaded before import = 0Number of asset objects unloaded after import = 1

========================================================================
Received Import Request.
  Time since last request: 0.000030 seconds.
  path: Assets/med_bottle_labelFAKE.jpg
  artifactKey: Guid(8f8387ea7ddfc954da5416dab4beb703) Importer(2089858483,192608db42251d675da83286b1cce702)
Start importing Assets/med_bottle_labelFAKE.jpg using Guid(8f8387ea7ddfc954da5416dab4beb703) Importer(2089858483,192608db42251d675da83286b1cce702) (ScriptedImporter) -> (artifact id: '48c573e5fb8762fe746e60aebe729a0a') in 0.1149796 seconds
Number of updated asset objects reloaded before import = 0Number of asset objects unloaded after import = 1

========================================================================
Received Import Request.
  Time since last request: 0.000364 seconds.
  path: Assets/E.png
  artifactKey: Guid(5ca8fe331c1c91b4f928ccba6c2a5010) Importer(2089858483,192608db42251d675da83286b1cce702)
Start importing Assets/E.png using Guid(5ca8fe331c1c91b4f928ccba6c2a5010) Importer(2089858483,192608db42251d675da83286b1cce702) (ScriptedImporter) -> (artifact id: '8c85264eec5cbb153a2fb4ed2e91e0fc') in 0.0722312 seconds
Number of updated asset objects reloaded before import = 0Number of asset objects unloaded after import = 3

========================================================================
Received Import Request.
  Time since last request: 0.000039 seconds.
  path: Assets/glock.fbx
  artifactKey: Guid(fcc1580bab4a14e42bfe6b230ce33b30) Importer(2089858483,192608db42251d675da83286b1cce702)
Start importing Assets/glock.fbx using Guid(fcc1580bab4a14e42bfe6b230ce33b30) Importer(2089858483,192608db42251d675da83286b1cce702) (ScriptedImporter) -> (artifact id: '1687b8ed94ff0f979a5ca329d02a0387') in 0.1287907 seconds
Number of updated asset objects reloaded before import = 0Number of asset objects unloaded after import = 13

========================================================================
Received Import Request.
  Time since last request: 0.000069 seconds.
  path: Assets/jumpscare.wav
  artifactKey: Guid(68c6a334edb5f7b45b84f5529aff3033) Importer(2089858483,192608db42251d675da83286b1cce702)
Start importing Assets/jumpscare.wav using Guid(68c6a334edb5f7b45b84f5529aff3033) Importer(2089858483,192608db42251d675da83286b1cce702) (ScriptedImporter) -> (artifact id: 'c538e161fe98176ce16234662e21ca5e') in 0.0633916 seconds
Number of updated asset objects reloaded before import = 0Number of asset objects unloaded after import = 1

========================================================================
Received Import Request.
  Time since last request: 0.000058 seconds.
  path: Assets/Pill_Bottle.obj
  artifactKey: Guid(cef55c83b85891f4bbfb3f3b95fb6d6e) Importer(2089858483,192608db42251d675da83286b1cce702)
Start importing Assets/Pill_Bottle.obj using Guid(cef55c83b85891f4bbfb3f3b95fb6d6e) Importer(2089858483,192608db42251d675da83286b1cce702) (ScriptedImporter) -> (artifact id: '3c63a30ba68f11271cbb7fba76a3f247') in 0.0451581 seconds
Number of updated asset objects reloaded before import = 0Number of asset objects unloaded after import = 10

========================================================================
Received Import Request.
  Time since last request: 0.000047 seconds.
  path: Assets/circle.png
  artifactKey: Guid(bb676e28ccfb23340b03e2f91576f8c5) Importer(2089858483,192608db42251d675da83286b1cce702)
Start importing Assets/circle.png using Guid(bb676e28ccfb23340b03e2f91576f8c5) Importer(2089858483,192608db42251d675da83286b1cce702) (ScriptedImporter) -> (artifact id: '6d576bc95bd192e06ae7e06d3879f1fd') in 0.0506127 seconds
Number of updated asset objects reloaded before import = 0Number of asset objects unloaded after import = 3

========================================================================
Received Import Request.
  Time since last request: 0.000044 seconds.
  path: Assets/Seventh floor.wav
  artifactKey: Guid(bd391333ab356774db19474f5ed09fa7) Importer(2089858483,192608db42251d675da83286b1cce702)
Start importing Assets/Seventh floor.wav using Guid(bd391333ab356774db19474f5ed09fa7) Importer(2089858483,192608db42251d675da83286b1cce702) (ScriptedImporter) -> (artifact id: 'c425ba81e579bef111b35bca53a63db2') in 0.0853348 seconds
Number of updated asset objects reloaded before import = 0Number of asset objects unloaded after import = 1

========================================================================
Received Import Request.
  Time since last request: 0.000039 seconds.
  path: Assets/A Fluorescent Bulb II sound effects library.wav
  artifactKey: Guid(4c73f968941e4334982b62c3b2b340ee) Importer(2089858483,192608db42251d675da83286b1cce702)
Start importing Assets/A Fluorescent Bulb II sound effects library.wav using Guid(4c73f968941e4334982b62c3b2b340ee) Importer(2089858483,192608db42251d675da83286b1cce702) (ScriptedImporter) -> (artifact id: '3291ae29a991d38bc1cb1fcd71474d13') in 0.0664632 seconds
Number of updated asset objects reloaded before import = 0Number of asset objects unloaded after import = 1

========================================================================
Received Import Request.
  Time since last request: 0.000053 seconds.
  path: Assets/apartment/apartment_chair_BaseColor.png
  artifactKey: Guid(ade07f1fa239b6440aad6b4a304bff11) Importer(2089858483,192608db42251d675da83286b1cce702)
Start importing Assets/apartment/apartment_chair_BaseColor.png using Guid(ade07f1fa239b6440aad6b4a304bff11) Importer(2089858483,192608db42251d675da83286b1cce702) (ScriptedImporter) -> (artifact id: 'a8b41ec1b02cb340968413a78386e37e') in 0.0635914 seconds
Number of updated asset objects reloaded before import = 0Number of asset objects unloaded after import = 1

========================================================================
Received Import Request.
  Time since last request: 0.000085 seconds.
  path: Assets/Elevator.unity
  artifactKey: Guid(e0741a6cdfdb7b240a458a8cb17647c1) Importer(2089858483,192608db42251d675da83286b1cce702)
Start importing Assets/Elevator.unity using Guid(e0741a6cdfdb7b240a458a8cb17647c1) Importer(2089858483,192608db42251d675da83286b1cce702) (ScriptedImporter) -> (artifact id: '6a951833e484ec985336482226d3e0c4') in 0.0808095 seconds
Number of updated asset objects reloaded before import = 0Number of asset objects unloaded after import = 1

========================================================================
Received Import Request.
  Time since last request: 0.000036 seconds.
  path: Assets/water.mat
  artifactKey: Guid(978703146550501408ed7d5788e21b2b) Importer(2089858483,192608db42251d675da83286b1cce702)
Start importing Assets/water.mat using Guid(978703146550501408ed7d5788e21b2b) Importer(2089858483,192608db42251d675da83286b1cce702) (ScriptedImporter) -> (artifact id: 'a97bda08187e27a800e2a002ad2da829') in 0.0430303 seconds
Number of updated asset objects reloaded before import = 0Number of asset objects unloaded after import = 2

========================================================================
Received Import Request.
  Time since last request: 0.000045 seconds.
  path: Assets/fire.mat
  artifactKey: Guid(c6fcf9eebcb2c184496435a21ae28dab) Importer(2089858483,192608db42251d675da83286b1cce702)
Start importing Assets/fire.mat using Guid(c6fcf9eebcb2c184496435a21ae28dab) Importer(2089858483,192608db42251d675da83286b1cce702) (ScriptedImporter) -> (artifact id: '2a014e59ec70e8f761dae38a4816e8f3') in 0.034273 seconds
Number of updated asset objects reloaded before import = 0Number of asset objects unloaded after import = 2

========================================================================
Received Import Request.
  Time since last request: 0.000050 seconds.
  path: Assets/Yawn.fbx
  artifactKey: Guid(fbc91a436f72ba441b88d42c9d9b8406) Importer(2089858483,192608db42251d675da83286b1cce702)
Start importing Assets/Yawn.fbx using Guid(fbc91a436f72ba441b88d42c9d9b8406) Importer(2089858483,192608db42251d675da83286b1cce702) (ScriptedImporter) -> (artifact id: '9cb459c37301441981466b53d48c7bb3') in 0.080048 seconds
Number of updated asset objects reloaded before import = 0Number of asset objects unloaded after import = 137

========================================================================
Received Import Request.
  Time since last request: 0.000120 seconds.
  path: Assets/cone.mat
  artifactKey: Guid(79cf854c87a31b44788d176a44a5bbea) Importer(2089858483,192608db42251d675da83286b1cce702)
Start importing Assets/cone.mat using Guid(79cf854c87a31b44788d176a44a5bbea) Importer(2089858483,192608db42251d675da83286b1cce702) (ScriptedImporter) -> (artifact id: 'fe96518c53dd969f0f931963e4cbdd21') in 0.0378324 seconds
Number of updated asset objects reloaded before import = 0Number of asset objects unloaded after import = 2

========================================================================
Received Import Request.
  Time since last request: 0.000033 seconds.
  path: Assets/standardSurface3SG-color.png
  artifactKey: Guid(688b2b0e5adcbe54294099783d5b561f) Importer(2089858483,192608db42251d675da83286b1cce702)
Start importing Assets/standardSurface3SG-color.png using Guid(688b2b0e5adcbe54294099783d5b561f) Importer(2089858483,192608db42251d675da83286b1cce702) (ScriptedImporter) -> (artifact id: '57a9c62e5c49152f6745a278d3948416') in 0.0444967 seconds
Number of updated asset objects reloaded before import = 0Number of asset objects unloaded after import = 1

========================================================================
Received Import Request.
  Time since last request: 0.000195 seconds.
  path: Assets/Shooting.fbx
  artifactKey: Guid(0db83ecb62ebcf443a7eb3a44de5e3db) Importer(2089858483,192608db42251d675da83286b1cce702)
Start importing Assets/Shooting.fbx using Guid(0db83ecb62ebcf443a7eb3a44de5e3db) Importer(2089858483,192608db42251d675da83286b1cce702) (ScriptedImporter) -> (artifact id: '459d1f427e9026300e611522bf8ee203') in 0.0644283 seconds
Number of updated asset objects reloaded before import = 0Number of asset objects unloaded after import = 142

========================================================================
Received Import Request.
  Time since last request: 0.000040 seconds.
  path: Assets/Ch03_nonPBR@Picking Up.fbx
  artifactKey: Guid(7b7431592f223f3488f3d7832115dee3) Importer(2089858483,192608db42251d675da83286b1cce702)
Start importing Assets/Ch03_nonPBR@Picking Up.fbx using Guid(7b7431592f223f3488f3d7832115dee3) Importer(2089858483,192608db42251d675da83286b1cce702) (ScriptedImporter) -> (artifact id: '4bd8e5377cbdbb089ce20805e5b09303') in 0.0681181 seconds
Number of updated asset objects reloaded before import = 0Number of asset objects unloaded after import = 142

========================================================================
Received Import Request.
  Time since last request: 0.000045 seconds.
  path: Assets/Main Camera Profile.asset
  artifactKey: Guid(97c81450bc30d834d8ebf9fe7a201745) Importer(2089858483,192608db42251d675da83286b1cce702)
Start importing Assets/Main Camera Profile.asset using Guid(97c81450bc30d834d8ebf9fe7a201745) Importer(2089858483,192608db42251d675da83286b1cce702) (ScriptedImporter) -> (artifact id: '8b48c032b69da9d54e4a0b36507d2cff') in 0.0537647 seconds
Number of updated asset objects reloaded before import = 0Number of asset objects unloaded after import = 7

========================================================================
Received Import Request.
  Time since last request: 0.000046 seconds.
  path: Assets/Carol.controller
  artifactKey: Guid(4968a2c6ec6ffca4ca4e74fe825b26d7) Importer(2089858483,192608db42251d675da83286b1cce702)
Start importing Assets/Carol.controller using Guid(4968a2c6ec6ffca4ca4e74fe825b26d7) Importer(2089858483,192608db42251d675da83286b1cce702) (ScriptedImporter) -> (artifact id: '11aa7222d76503a0748bc3d320ca095b') in 0.0402966 seconds
Number of updated asset objects reloaded before import = 0Number of asset objects unloaded after import = 12

========================================================================
Received Import Request.
  Time since last request: 0.000039 seconds.
  path: Assets/apartment/apartment_couch_Height.png
  artifactKey: Guid(18470752432a41e40b0dcd3264c8d233) Importer(2089858483,192608db42251d675da83286b1cce702)
Start importing Assets/apartment/apartment_couch_Height.png using Guid(18470752432a41e40b0dcd3264c8d233) Importer(2089858483,192608db42251d675da83286b1cce702) (ScriptedImporter) -> (artifact id: 'db2819b7dbd8d61b6ddb9812f8afd5a7') in 0.0655683 seconds
Number of updated asset objects reloaded before import = 0Number of asset objects unloaded after import = 1

========================================================================
Received Import Request.
  Time since last request: 0.000102 seconds.
  path: Assets/Elevator hall.fbx
  artifactKey: Guid(671234613addce04780cdc915dfc7340) Importer(2089858483,192608db42251d675da83286b1cce702)
Start importing Assets/Elevator hall.fbx using Guid(671234613addce04780cdc915dfc7340) Importer(2089858483,192608db42251d675da83286b1cce702) (ScriptedImporter) -> (artifact id: 'd16357c05a38bf898cf03fda1a02e086') in 0.0525371 seconds
Number of updated asset objects reloaded before import = 0Number of asset objects unloaded after import = 34

========================================================================
Received Import Request.
  Time since last request: 0.000037 seconds.
  path: Assets/Couple Arguing Sound Effect.wav
  artifactKey: Guid(874d37626541cc04db579f4415181dba) Importer(2089858483,192608db42251d675da83286b1cce702)
Start importing Assets/Couple Arguing Sound Effect.wav using Guid(874d37626541cc04db579f4415181dba) Importer(2089858483,192608db42251d675da83286b1cce702) (ScriptedImporter) -> (artifact id: '5f2136fa7a0510e1a9faaadf9af1864b') in 0.0764845 seconds
Number of updated asset objects reloaded before import = 0Number of asset objects unloaded after import = 1

========================================================================
Received Import Request.
  Time since last request: 0.000156 seconds.
  path: Assets/bright light 2.mat
  artifactKey: Guid(2afdf74deaf481241a5535b118553f46) Importer(2089858483,192608db42251d675da83286b1cce702)
Start importing Assets/bright light 2.mat using Guid(2afdf74deaf481241a5535b118553f46) Importer(2089858483,192608db42251d675da83286b1cce702) (ScriptedImporter) -> (artifact id: 'a6f9db104cc9298121b5a5d8d5f6c125') in 0.0324469 seconds
Number of updated asset objects reloaded before import = 0Number of asset objects unloaded after import = 1

========================================================================
Received Import Request.
  Time since last request: 0.000097 seconds.
  path: Assets/StalkerEvil.controller
  artifactKey: Guid(a941f51851a9fd742802e47c51459c94) Importer(2089858483,192608db42251d675da83286b1cce702)
Start importing Assets/StalkerEvil.controller using Guid(a941f51851a9fd742802e47c51459c94) Importer(2089858483,192608db42251d675da83286b1cce702) (ScriptedImporter) -> (artifact id: 'd095c49d23dce7d6c70fd7e6f74a352d') in 0.033361 seconds
Number of updated asset objects reloaded before import = 0Number of asset objects unloaded after import = 8

========================================================================
Received Import Request.
  Time since last request: 0.000034 seconds.
  path: Assets/apartment/apartment_lamp_Height.png
  artifactKey: Guid(67c446b5903ef314db331e1b034a78f2) Importer(2089858483,192608db42251d675da83286b1cce702)
Start importing Assets/apartment/apartment_lamp_Height.png using Guid(67c446b5903ef314db331e1b034a78f2) Importer(2089858483,192608db42251d675da83286b1cce702) (ScriptedImporter) -> (artifact id: '8374d42ada39e2c8e5672a022d6220e3') in 0.061786 seconds
Number of updated asset objects reloaded before import = 0Number of asset objects unloaded after import = 1

========================================================================
Received Import Request.
  Time since last request: 0.000125 seconds.
  path: Assets/apartment/apartment_plant_BaseColor.png
  artifactKey: Guid(525341b5ca1e0fc40b39bab91e68d7ae) Importer(2089858483,192608db42251d675da83286b1cce702)
Start importing Assets/apartment/apartment_plant_BaseColor.png using Guid(525341b5ca1e0fc40b39bab91e68d7ae) Importer(2089858483,192608db42251d675da83286b1cce702) (ScriptedImporter) -> (artifact id: '380e5439c25d961b6702228db65fa0f4') in 0.0581615 seconds
Number of updated asset objects reloaded before import = 0Number of asset objects unloaded after import = 1

========================================================================
Received Import Request.
  Time since last request: 0.000075 seconds.
  path: Assets/apartment/apartment_couch_Roughness.png
  artifactKey: Guid(a5e8731b683fcab45b57d97d1109949e) Importer(2089858483,192608db42251d675da83286b1cce702)
Start importing Assets/apartment/apartment_couch_Roughness.png using Guid(a5e8731b683fcab45b57d97d1109949e) Importer(2089858483,192608db42251d675da83286b1cce702) (ScriptedImporter) -> (artifact id: 'bae1f54b5c4e807b4b8a397d2e642d3c') in 0.0627007 seconds
Number of updated asset objects reloaded before import = 0Number of asset objects unloaded after import = 1

========================================================================
Received Import Request.
  Time since last request: 0.000051 seconds.
  path: Assets/apartment/apartment_counter sink_Height.png
  artifactKey: Guid(bb62c28da3052cb44828fa3771a88464) Importer(2089858483,192608db42251d675da83286b1cce702)
Start importing Assets/apartment/apartment_counter sink_Height.png using Guid(bb62c28da3052cb44828fa3771a88464) Importer(2089858483,192608db42251d675da83286b1cce702) (ScriptedImporter) -> (artifact id: '2ce0efa2911981d4dadbb721d159147c') in 0.0681582 seconds
Number of updated asset objects reloaded before import = 0Number of asset objects unloaded after import = 1

========================================================================
Received Import Request.
  Time since last request: 0.000066 seconds.
  path: Assets/apartment/apartment_lamp_BaseColor.png
  artifactKey: Guid(7fcf5e70d30fdb847a8f4748c67df419) Importer(2089858483,192608db42251d675da83286b1cce702)
Start importing Assets/apartment/apartment_lamp_BaseColor.png using Guid(7fcf5e70d30fdb847a8f4748c67df419) Importer(2089858483,192608db42251d675da83286b1cce702) (ScriptedImporter) -> (artifact id: '569091b94f4c762faff502e4b9c4f88b') in 0.0649929 seconds
Number of updated asset objects reloaded before import = 0Number of asset objects unloaded after import = 1

========================================================================
Received Import Request.
  Time since last request: 0.000117 seconds.
  path: Assets/apartment/apartment_fridge_Metallic.png
  artifactKey: Guid(886401215db44a240a1b74d4fb3e2d25) Importer(2089858483,192608db42251d675da83286b1cce702)
Start importing Assets/apartment/apartment_fridge_Metallic.png using Guid(886401215db44a240a1b74d4fb3e2d25) Importer(2089858483,192608db42251d675da83286b1cce702) (ScriptedImporter) -> (artifact id: 'd9402eeb547ddb4f0c8e28d04b19a4b9') in 0.0594058 seconds
Number of updated asset objects reloaded before import = 0Number of asset objects unloaded after import = 1

========================================================================
Received Import Request.
  Time since last request: 0.000037 seconds.
  path: Assets/apartment/apartment_floor_Normal.png
  artifactKey: Guid(fad8028c56049c646a2c38002e206d63) Importer(2089858483,192608db42251d675da83286b1cce702)
Start importing Assets/apartment/apartment_floor_Normal.png using Guid(fad8028c56049c646a2c38002e206d63) Importer(2089858483,192608db42251d675da83286b1cce702) (ScriptedImporter) -> (artifact id: 'b3742f604860aa7cf9a5440ac9afe9a8') in 0.0656539 seconds
Number of updated asset objects reloaded before import = 0Number of asset objects unloaded after import = 1

========================================================================
Received Import Request.
  Time since last request: 0.000217 seconds.
  path: Assets/apartment/apartment_curtain_BaseColor.png
  artifactKey: Guid(ed25f13f3b7180a4b80571fdebe83c04) Importer(2089858483,192608db42251d675da83286b1cce702)
Start importing Assets/apartment/apartment_curtain_BaseColor.png using Guid(ed25f13f3b7180a4b80571fdebe83c04) Importer(2089858483,192608db42251d675da83286b1cce702) (ScriptedImporter) -> (artifact id: '3f78d83529c774ca4507ffd638172e32') in 0.0635105 seconds
Number of updated asset objects reloaded before import = 0Number of asset objects unloaded after import = 1

========================================================================
Received Import Request.
  Time since last request: 0.000182 seconds.
  path: Assets/apartment/apartment_curtain_Height.png
  artifactKey: Guid(0aa8d9d0dd388de49b839c7523f56ca3) Importer(2089858483,192608db42251d675da83286b1cce702)
Start importing Assets/apartment/apartment_curtain_Height.png using Guid(0aa8d9d0dd388de49b839c7523f56ca3) Importer(2089858483,192608db42251d675da83286b1cce702) (ScriptedImporter) -> (artifact id: '8c571ea72c2abb4641b902d47c385ee6') in 0.0663978 seconds
Number of updated asset objects reloaded before import = 0Number of asset objects unloaded after import = 1

========================================================================
Received Import Request.
  Time since last request: 0.000049 seconds.
  path: Assets/voice.wav
  artifactKey: Guid(8c4e038720e56664d9610beb9bda715d) Importer(2089858483,192608db42251d675da83286b1cce702)
Start importing Assets/voice.wav using Guid(8c4e038720e56664d9610beb9bda715d) Importer(2089858483,192608db42251d675da83286b1cce702) (ScriptedImporter) -> (artifact id: '754a10545ffe9a320358ead24bc8dad8') in 0.0643558 seconds
Number of updated asset objects reloaded before import = 0Number of asset objects unloaded after import = 1

========================================================================
Received Import Request.
  Time since last request: 0.000154 seconds.
  path: Assets/apartment/apartment_couch_BaseColor.png
  artifactKey: Guid(6f57d765377a9f94a9fe424175909724) Importer(2089858483,192608db42251d675da83286b1cce702)
Start importing Assets/apartment/apartment_couch_BaseColor.png using Guid(6f57d765377a9f94a9fe424175909724) Importer(2089858483,192608db42251d675da83286b1cce702) (ScriptedImporter) -> (artifact id: '2472f25b9c2075836c345c040dece8e4') in 0.0617078 seconds
Number of updated asset objects reloaded before import = 0Number of asset objects unloaded after import = 1

========================================================================
Received Import Request.
  Time since last request: 0.000053 seconds.
  path: Assets/office.fbx
  artifactKey: Guid(2c2a2ddd354ec61409110b5a1193a84c) Importer(2089858483,192608db42251d675da83286b1cce702)
Start importing Assets/office.fbx using Guid(2c2a2ddd354ec61409110b5a1193a84c) Importer(2089858483,192608db42251d675da83286b1cce702) (ScriptedImporter) -> (artifact id: '48b81f80e7b976ecb85fb734236bf856') in 0.1304125 seconds
Number of updated asset objects reloaded before import = 0Number of asset objects unloaded after import = 149

========================================================================
Received Import Request.
  Time since last request: 0.000059 seconds.
  path: Assets/titlescreen.png
  artifactKey: Guid(0f7baf1b5c6467c498d406bd2b7e91b8) Importer(2089858483,192608db42251d675da83286b1cce702)
Start importing Assets/titlescreen.png using Guid(0f7baf1b5c6467c498d406bd2b7e91b8) Importer(2089858483,192608db42251d675da83286b1cce702) (ScriptedImporter) -> (artifact id: 'cef7cabd1462f7208e09036b4ef9c07f') in 0.0514569 seconds
Number of updated asset objects reloaded before import = 0Number of asset objects unloaded after import = 1

========================================================================
Received Import Request.
  Time since last request: 0.000048 seconds.
  path: Assets/apartment/apartment_plant_Metallic.png
  artifactKey: Guid(9d1d57fffa2ff5e4792e158991a71157) Importer(2089858483,192608db42251d675da83286b1cce702)
Start importing Assets/apartment/apartment_plant_Metallic.png using Guid(9d1d57fffa2ff5e4792e158991a71157) Importer(2089858483,192608db42251d675da83286b1cce702) (ScriptedImporter) -> (artifact id: 'cad7e7a5545f7193bc0352753529ef31') in 0.0644734 seconds
Number of updated asset objects reloaded before import = 0Number of asset objects unloaded after import = 1

========================================================================
Received Import Request.
  Time since last request: 0.000034 seconds.
  path: Assets/apartment/apartment_trash_BaseColor.png
  artifactKey: Guid(828bb278c782a474aae3f3cd0a213fd9) Importer(2089858483,192608db42251d675da83286b1cce702)
Start importing Assets/apartment/apartment_trash_BaseColor.png using Guid(828bb278c782a474aae3f3cd0a213fd9) Importer(2089858483,192608db42251d675da83286b1cce702) (ScriptedImporter) -> (artifact id: 'e1afbddf6d7d251f31f09c9710e08bbb') in 0.0680573 seconds
Number of updated asset objects reloaded before import = 0Number of asset objects unloaded after import = 1

========================================================================
Received Import Request.
  Time since last request: 0.000034 seconds.
  path: Assets/apartment/apartment_table_Roughness.png
  artifactKey: Guid(4d79264b8dd4e784395601319e8c7c3e) Importer(2089858483,192608db42251d675da83286b1cce702)
Start importing Assets/apartment/apartment_table_Roughness.png using Guid(4d79264b8dd4e784395601319e8c7c3e) Importer(2089858483,192608db42251d675da83286b1cce702) (ScriptedImporter) -> (artifact id: '65593fe6473ed16507cbd7187c88fdb0') in 0.0650409 seconds
Number of updated asset objects reloaded before import = 0Number of asset objects unloaded after import = 1

========================================================================
Received Import Request.
  Time since last request: 0.001053 seconds.
  path: Assets/apartment/apartment_rug_Metallic.png
  artifactKey: Guid(a5e0cf6fe1e0272419ecfdbce4f7446c) Importer(2089858483,192608db42251d675da83286b1cce702)
Start importing Assets/apartment/apartment_rug_Metallic.png using Guid(a5e0cf6fe1e0272419ecfdbce4f7446c) Importer(2089858483,192608db42251d675da83286b1cce702) (ScriptedImporter) -> (artifact id: 'dfa4416d41c327970b26dda00a847ca5') in 0.0662329 seconds
Number of updated asset objects reloaded before import = 0Number of asset objects unloaded after import = 1

========================================================================
Received Import Request.
  Time since last request: 0.000292 seconds.
  path: Assets/apartment/apartment_plant_Normal.png
  artifactKey: Guid(cb643f2a3b813fa40b5e30117b6e7d6b) Importer(2089858483,192608db42251d675da83286b1cce702)
Start importing Assets/apartment/apartment_plant_Normal.png using Guid(cb643f2a3b813fa40b5e30117b6e7d6b) Importer(2089858483,192608db42251d675da83286b1cce702) (ScriptedImporter) -> (artifact id: '034af6cbd3dfd0c42ba089c63bcaee26') in 0.0716602 seconds
Number of updated asset objects reloaded before import = 0Number of asset objects unloaded after import = 1

========================================================================
Received Import Request.
  Time since last request: 0.000030 seconds.
  path: Assets/apartment/apartment_rug_Roughness.png
  artifactKey: Guid(f15c4be206d96f94e8a16f19a29df48d) Importer(2089858483,192608db42251d675da83286b1cce702)
Start importing Assets/apartment/apartment_rug_Roughness.png using Guid(f15c4be206d96f94e8a16f19a29df48d) Importer(2089858483,192608db42251d675da83286b1cce702) (ScriptedImporter) -> (artifact id: 'ad96924c8752f6fd50705b6da39441c3') in 0.0613083 seconds
Number of updated asset objects reloaded before import = 0Number of asset objects unloaded after import = 1

========================================================================
Received Import Request.
  Time since last request: 0.000048 seconds.
  path: Assets/apartment/apartment_stove_BaseColor.png
  artifactKey: Guid(24a97d567cf82254b8efc43e7a90672a) Importer(2089858483,192608db42251d675da83286b1cce702)
Start importing Assets/apartment/apartment_stove_BaseColor.png using Guid(24a97d567cf82254b8efc43e7a90672a) Importer(2089858483,192608db42251d675da83286b1cce702) (ScriptedImporter) -> (artifact id: '8af64ff0f775813e952b9e62069825b4') in 0.0807802 seconds
Number of updated asset objects reloaded before import = 0Number of asset objects unloaded after import = 1

========================================================================
Received Import Request.
  Time since last request: 0.000298 seconds.
  path: Assets/elevator.fbx
  artifactKey: Guid(995971e970aca1445b73e596936d593d) Importer(2089858483,192608db42251d675da83286b1cce702)
Start importing Assets/elevator.fbx using Guid(995971e970aca1445b73e596936d593d) Importer(2089858483,192608db42251d675da83286b1cce702) (ScriptedImporter) -> (artifact id: '45ec70d7b7b2d6cb4a6476842af6afc9') in 0.0771782 seconds
Number of updated asset objects reloaded before import = 0Number of asset objects unloaded after import = 89

========================================================================
Received Import Request.
  Time since last request: 0.000041 seconds.
  path: Assets/apartment/apartment_table_BaseColor.png
  artifactKey: Guid(6281661733246be42bc8cc5690da6922) Importer(2089858483,192608db42251d675da83286b1cce702)
Start importing Assets/apartment/apartment_table_BaseColor.png using Guid(6281661733246be42bc8cc5690da6922) Importer(2089858483,192608db42251d675da83286b1cce702) (ScriptedImporter) -> (artifact id: 'a4a5a7d1c62c077128cdd52126d9ba46') in 0.0712138 seconds
Number of updated asset objects reloaded before import = 0Number of asset objects unloaded after import = 1

========================================================================
Received Import Request.
  Time since last request: 0.001517 seconds.
  path: Assets/New Material 1.mat
  artifactKey: Guid(c34648ca5c1a86c4dbd06aea2bbfe7e2) Importer(2089858483,192608db42251d675da83286b1cce702)
Start importing Assets/New Material 1.mat using Guid(c34648ca5c1a86c4dbd06aea2bbfe7e2) Importer(2089858483,192608db42251d675da83286b1cce702) (ScriptedImporter) -> (artifact id: '83ee546eb76c57eb88dbd0b4d0df48ec') in 0.043482 seconds
Number of updated asset objects reloaded before import = 0Number of asset objects unloaded after import = 2

========================================================================
Received Import Request.
  Time since last request: 0.000044 seconds.
  path: Assets/apartment/apartment_chair_Normal.png
  artifactKey: Guid(b7ca8ae1a81ff5e42a2f7c9a67bba5fa) Importer(2089858483,192608db42251d675da83286b1cce702)
Start importing Assets/apartment/apartment_chair_Normal.png using Guid(b7ca8ae1a81ff5e42a2f7c9a67bba5fa) Importer(2089858483,192608db42251d675da83286b1cce702) (ScriptedImporter) -> (artifact id: 'f3bae94453edba454a43a0b588a1d69f') in 0.0786594 seconds
Number of updated asset objects reloaded before import = 0Number of asset objects unloaded after import = 1

========================================================================
Received Import Request.
  Time since last request: 0.000052 seconds.
  path: Assets/elevator_wall_material_BaseColor.png
  artifactKey: Guid(c0f8527efad33424a985a2a86e57f1b4) Importer(2089858483,192608db42251d675da83286b1cce702)
Start importing Assets/elevator_wall_material_BaseColor.png using Guid(c0f8527efad33424a985a2a86e57f1b4) Importer(2089858483,192608db42251d675da83286b1cce702) (ScriptedImporter) -> (artifact id: '278ff31656c67b1c2298598dc446478c') in 0.0569994 seconds
Number of updated asset objects reloaded before import = 0Number of asset objects unloaded after import = 1

========================================================================
Received Import Request.
  Time since last request: 0.000068 seconds.
  path: Assets/Laughing.fbx
  artifactKey: Guid(f55944a251a99f349b2bbceed3829f9d) Importer(2089858483,192608db42251d675da83286b1cce702)
Start importing Assets/Laughing.fbx using Guid(f55944a251a99f349b2bbceed3829f9d) Importer(2089858483,192608db42251d675da83286b1cce702) (ScriptedImporter) -> (artifact id: '26cefbf8646504edb8c6b1bc3510a9e6') in 0.0766579 seconds
Number of updated asset objects reloaded before import = 0Number of asset objects unloaded after import = 142

========================================================================
Received Import Request.
  Time since last request: 0.000049 seconds.
  path: Assets/apartment/apartment_tv_Normal.png
  artifactKey: Guid(c5aa1719042e33d4694bf5e32c8405de) Importer(2089858483,192608db42251d675da83286b1cce702)
Start importing Assets/apartment/apartment_tv_Normal.png using Guid(c5aa1719042e33d4694bf5e32c8405de) Importer(2089858483,192608db42251d675da83286b1cce702) (ScriptedImporter) -> (artifact id: 'ec938b2a80bd211a5313c634ef08a88e') in 0.0661231 seconds
Number of updated asset objects reloaded before import = 0Number of asset objects unloaded after import = 1

========================================================================
Received Import Request.
  Time since last request: 0.000038 seconds.
  path: Assets/apartment/apartment_window bar_Normal.png
  artifactKey: Guid(37e211fc029998a418968c396871df48) Importer(2089858483,192608db42251d675da83286b1cce702)
Start importing Assets/apartment/apartment_window bar_Normal.png using Guid(37e211fc029998a418968c396871df48) Importer(2089858483,192608db42251d675da83286b1cce702) (ScriptedImporter) -> (artifact id: '3ef4e6d427558549e09629093ccd527d') in 0.0656964 seconds
Number of updated asset objects reloaded before import = 0Number of asset objects unloaded after import = 1

========================================================================
Received Import Request.
  Time since last request: 0.000056 seconds.
  path: Assets/apartment/apartment_wall_BaseColor.png
  artifactKey: Guid(d1918b3bd5465ef44a414784273eafe7) Importer(2089858483,192608db42251d675da83286b1cce702)
Start importing Assets/apartment/apartment_wall_BaseColor.png using Guid(d1918b3bd5465ef44a414784273eafe7) Importer(2089858483,192608db42251d675da83286b1cce702) (ScriptedImporter) -> (artifact id: '8e2fd55f6dbbcd746a9fab1d23174d37') in 0.0677902 seconds
Number of updated asset objects reloaded before import = 0Number of asset objects unloaded after import = 1

========================================================================
Received Import Request.
  Time since last request: 0.000082 seconds.
  path: Assets/apartment/apartment_tv_Metallic.png
  artifactKey: Guid(168d35d1d51cdf6429a41b61e06e82fe) Importer(2089858483,192608db42251d675da83286b1cce702)
Start importing Assets/apartment/apartment_tv_Metallic.png using Guid(168d35d1d51cdf6429a41b61e06e82fe) Importer(2089858483,192608db42251d675da83286b1cce702) (ScriptedImporter) -> (artifact id: 'fc09f7e1141847d85be04094590c9d54') in 0.0629671 seconds
Number of updated asset objects reloaded before import = 0Number of asset objects unloaded after import = 1

========================================================================
Received Import Request.
  Time since last request: 0.000039 seconds.
  path: Assets/apartment/apartment_window frame_Normal.png
  artifactKey: Guid(fb320b4506b44db43a3b1f3e1eddb8f2) Importer(2089858483,192608db42251d675da83286b1cce702)
Start importing Assets/apartment/apartment_window frame_Normal.png using Guid(fb320b4506b44db43a3b1f3e1eddb8f2) Importer(2089858483,192608db42251d675da83286b1cce702) (ScriptedImporter) -> (artifact id: '2ac0dbe09fb2effad5fa6eba03f13b98') in 0.0662243 seconds
Number of updated asset objects reloaded before import = 0Number of asset objects unloaded after import = 1

========================================================================
Received Import Request.
  Time since last request: 0.000597 seconds.
  path: Assets/apartment/apartment_tv_Height.png
  artifactKey: Guid(d5ba5aba5f0e3344fac476a209f52ae7) Importer(2089858483,192608db42251d675da83286b1cce702)
Start importing Assets/apartment/apartment_tv_Height.png using Guid(d5ba5aba5f0e3344fac476a209f52ae7) Importer(2089858483,192608db42251d675da83286b1cce702) (ScriptedImporter) -> (artifact id: 'eba6d811d0fe46d08ff1d51182f3d2a3') in 0.0638097 seconds
Number of updated asset objects reloaded before import = 0Number of asset objects unloaded after import = 1

========================================================================
Received Import Request.
  Time since last request: 0.000180 seconds.
  path: Assets/apartment/apartment_tv_Roughness.png
  artifactKey: Guid(f7151ab0dfc90344095ccc52a0a2f728) Importer(2089858483,192608db42251d675da83286b1cce702)
Start importing Assets/apartment/apartment_tv_Roughness.png using Guid(f7151ab0dfc90344095ccc52a0a2f728) Importer(2089858483,192608db42251d675da83286b1cce702) (ScriptedImporter) -> (artifact id: 'f59e872ac89dd643ceac6fdba59265d5') in 0.0694509 seconds
Number of updated asset objects reloaded before import = 0Number of asset objects unloaded after import = 1

========================================================================
Received Import Request.
  Time since last request: 0.000038 seconds.
  path: Assets/apartment/apartment_window frame_Height.png
  artifactKey: Guid(54ea4d54cf9d1144aaef3d5c9e11b91d) Importer(2089858483,192608db42251d675da83286b1cce702)
Start importing Assets/apartment/apartment_window frame_Height.png using Guid(54ea4d54cf9d1144aaef3d5c9e11b91d) Importer(2089858483,192608db42251d675da83286b1cce702) (ScriptedImporter) -> (artifact id: '5327f85ae0183724018973053fb0d01d') in 0.0713704 seconds
Number of updated asset objects reloaded before import = 0Number of asset objects unloaded after import = 1

========================================================================
Received Import Request.
  Time since last request: 0.000067 seconds.
  path: Assets/apartment/apartment_tv table_BaseColor.png
  artifactKey: Guid(b62e8257777299d4487df8538f2416a7) Importer(2089858483,192608db42251d675da83286b1cce702)
Start importing Assets/apartment/apartment_tv table_BaseColor.png using Guid(b62e8257777299d4487df8538f2416a7) Importer(2089858483,192608db42251d675da83286b1cce702) (ScriptedImporter) -> (artifact id: '81ffe99d5ef459962f0739b5e274a598') in 0.0762043 seconds
Number of updated asset objects reloaded before import = 0Number of asset objects unloaded after import = 1

========================================================================
Received Import Request.
  Time since last request: 0.000085 seconds.
  path: Assets/apartment/apartment_rud_Height.png
  artifactKey: Guid(fa9bddecf78d1b24b849a48660af19f6) Importer(2089858483,192608db42251d675da83286b1cce702)
Start importing Assets/apartment/apartment_rud_Height.png using Guid(fa9bddecf78d1b24b849a48660af19f6) Importer(2089858483,192608db42251d675da83286b1cce702) (ScriptedImporter) -> (artifact id: '39068b6db820bbd74f146b225ac097ed') in 0.0673291 seconds
Number of updated asset objects reloaded before import = 0Number of asset objects unloaded after import = 1

========================================================================
Received Import Request.
  Time since last request: 0.000044 seconds.
  path: Assets/tvstations.mp3.mp3
  artifactKey: Guid(25fb7390641fa8b46a7771619677fb44) Importer(2089858483,192608db42251d675da83286b1cce702)
Start importing Assets/tvstations.mp3.mp3 using Guid(25fb7390641fa8b46a7771619677fb44) Importer(2089858483,192608db42251d675da83286b1cce702) (ScriptedImporter) -> (artifact id: '76f4682104b6d5c4417d89feb80b3579') in 0.0771796 seconds
Number of updated asset objects reloaded before import = 0Number of asset objects unloaded after import = 1

========================================================================
Received Import Request.
  Time since last request: 0.000041 seconds.
  path: Assets/apartment/apartment_window_Metallic.png
  artifactKey: Guid(d04bbb06d074aec4793bcef03ec73e5d) Importer(2089858483,192608db42251d675da83286b1cce702)
Start importing Assets/apartment/apartment_window_Metallic.png using Guid(d04bbb06d074aec4793bcef03ec73e5d) Importer(2089858483,192608db42251d675da83286b1cce702) (ScriptedImporter) -> (artifact id: '41b866b11aa8e1887bcc34cb3a52f305') in 0.0657497 seconds
Number of updated asset objects reloaded before import = 0Number of asset objects unloaded after import = 1

========================================================================
Received Import Request.
  Time since last request: 0.000052 seconds.
  path: Assets/apartment/apartment_window frame_Roughness.png
  artifactKey: Guid(5d9b97a7f81116a4ab7cec4b8e3b239f) Importer(2089858483,192608db42251d675da83286b1cce702)
Start importing Assets/apartment/apartment_window frame_Roughness.png using Guid(5d9b97a7f81116a4ab7cec4b8e3b239f) Importer(2089858483,192608db42251d675da83286b1cce702) (ScriptedImporter) -> (artifact id: '4092f206a064cc033d8d082bc4297080') in 0.0752783 seconds
Number of updated asset objects reloaded before import = 0Number of asset objects unloaded after import = 1

========================================================================
Received Import Request.
  Time since last request: 0.000036 seconds.
  path: Assets/Elevator hall/Elevator hall_door_knob_material_Height.png
  artifactKey: Guid(0b8e6e9d458def844993cbefd4d91979) Importer(2089858483,192608db42251d675da83286b1cce702)
Start importing Assets/Elevator hall/Elevator hall_door_knob_material_Height.png using Guid(0b8e6e9d458def844993cbefd4d91979) Importer(2089858483,192608db42251d675da83286b1cce702) (ScriptedImporter) -> (artifact id: '1dce17774c02cf1702c8ee05542743bb') in 0.0639647 seconds
Number of updated asset objects reloaded before import = 0Number of asset objects unloaded after import = 1

========================================================================
Received Import Request.
  Time since last request: 0.000031 seconds.
  path: Assets/Elevator hall/Elevator hall_door_knob_material_Metallic.png
  artifactKey: Guid(4db60bb06f76fe24d9a6e4e8229d78ac) Importer(2089858483,192608db42251d675da83286b1cce702)
Start importing Assets/Elevator hall/Elevator hall_door_knob_material_Metallic.png using Guid(4db60bb06f76fe24d9a6e4e8229d78ac) Importer(2089858483,192608db42251d675da83286b1cce702) (ScriptedImporter) -> (artifact id: '5974fe0837bfb153a8099bac387acd3d') in 0.0487662 seconds
Number of updated asset objects reloaded before import = 0Number of asset objects unloaded after import = 1

========================================================================
Received Import Request.
  Time since last request: 0.000039 seconds.
  path: Assets/Elevator hall/Elevator hall_door_material_BaseColor.png
  artifactKey: Guid(6664cc35f597dbe4cb59cb205aa34010) Importer(2089858483,192608db42251d675da83286b1cce702)
Start importing Assets/Elevator hall/Elevator hall_door_material_BaseColor.png using Guid(6664cc35f597dbe4cb59cb205aa34010) Importer(2089858483,192608db42251d675da83286b1cce702) (ScriptedImporter) -> (artifact id: '7235c27e26ceb2b00a95baa669eabe16') in 0.0511319 seconds
Number of updated asset objects reloaded before import = 0Number of asset objects unloaded after import = 1

========================================================================
Received Import Request.
  Time since last request: 0.000160 seconds.
  path: Assets/apartment/apartment_window_Height.png
  artifactKey: Guid(5190e8f779da0d243ab4a759c8dbfa72) Importer(2089858483,192608db42251d675da83286b1cce702)
Start importing Assets/apartment/apartment_window_Height.png using Guid(5190e8f779da0d243ab4a759c8dbfa72) Importer(2089858483,192608db42251d675da83286b1cce702) (ScriptedImporter) -> (artifact id: '39f15c14faecec97cf4ee85baf671219') in 0.0661203 seconds
Number of updated asset objects reloaded before import = 0Number of asset objects unloaded after import = 1

========================================================================
Received Import Request.
  Time since last request: 0.000039 seconds.
  path: Assets/Elevator hall/Elevator hall_door_knob_material_Roughness.png
  artifactKey: Guid(75c6e2d3253fd4543a73944b422f46f9) Importer(2089858483,192608db42251d675da83286b1cce702)
Start importing Assets/Elevator hall/Elevator hall_door_knob_material_Roughness.png using Guid(75c6e2d3253fd4543a73944b422f46f9) Importer(2089858483,192608db42251d675da83286b1cce702) (ScriptedImporter) -> (artifact id: '8ddf5f723cef6a41e72e8e8dd43274b9') in 0.0585354 seconds
Number of updated asset objects reloaded before import = 0Number of asset objects unloaded after import = 1

========================================================================
Received Import Request.
  Time since last request: 0.000082 seconds.
  path: Assets/apartment/cabinet.fbx
  artifactKey: Guid(e94edfa020283164cb8e64bd518918bd) Importer(2089858483,192608db42251d675da83286b1cce702)
Start importing Assets/apartment/cabinet.fbx using Guid(e94edfa020283164cb8e64bd518918bd) Importer(2089858483,192608db42251d675da83286b1cce702) (ScriptedImporter) -> (artifact id: '11cfc34bd483e63f3e885f8b69b522d2') in 0.0753504 seconds
Number of updated asset objects reloaded before import = 0Number of asset objects unloaded after import = 8

========================================================================
Received Import Request.
  Time since last request: 0.000040 seconds.
  path: Assets/apartment/apartment_rud_Normal.png
  artifactKey: Guid(d9d28657103c9b441bfe14a7e332a170) Importer(2089858483,192608db42251d675da83286b1cce702)
Start importing Assets/apartment/apartment_rud_Normal.png using Guid(d9d28657103c9b441bfe14a7e332a170) Importer(2089858483,192608db42251d675da83286b1cce702) (ScriptedImporter) -> (artifact id: 'bc8a86364dda50f1e5e155fae7d81fba') in 0.0674146 seconds
Number of updated asset objects reloaded before import = 0Number of asset objects unloaded after import = 1

========================================================================
Received Import Request.
  Time since last request: 0.000057 seconds.
  path: Assets/light.jpg
  artifactKey: Guid(7c98780ff795ee0439f0b503298d66db) Importer(2089858483,192608db42251d675da83286b1cce702)
Start importing Assets/light.jpg using Guid(7c98780ff795ee0439f0b503298d66db) Importer(2089858483,192608db42251d675da83286b1cce702) (ScriptedImporter) -> (artifact id: '267d80190478369c9e374a41ac7956a7') in 0.0440942 seconds
Number of updated asset objects reloaded before import = 0Number of asset objects unloaded after import = 1

========================================================================
Received Import Request.
  Time since last request: 0.000264 seconds.
  path: Assets/trash_bag.obj
  artifactKey: Guid(aeecdf6847e21de4f833f052200a37a4) Importer(2089858483,192608db42251d675da83286b1cce702)
Start importing Assets/trash_bag.obj using Guid(aeecdf6847e21de4f833f052200a37a4) Importer(2089858483,192608db42251d675da83286b1cce702) (ScriptedImporter) -> (artifact id: '9bb79b3592fbf0288846611dfbdc80eb') in 0.0439875 seconds
Number of updated asset objects reloaded before import = 0Number of asset objects unloaded after import = 10

========================================================================
Received Import Request.
  Time since last request: 0.000037 seconds.
  path: Assets/aiStandardSurface1SG-color 1.png
  artifactKey: Guid(22e68fc1acb21c741a2f3bd0a2b45537) Importer(2089858483,192608db42251d675da83286b1cce702)
Start importing Assets/aiStandardSurface1SG-color 1.png using Guid(22e68fc1acb21c741a2f3bd0a2b45537) Importer(2089858483,192608db42251d675da83286b1cce702) (ScriptedImporter) -> (artifact id: '18625722173637392c76078f4fe49f5f') in 0.0541595 seconds
Number of updated asset objects reloaded before import = 0Number of asset objects unloaded after import = 1

========================================================================
Received Import Request.
  Time since last request: 0.000029 seconds.
  path: Assets/apartment/apartment_rud_BaseColor.png
  artifactKey: Guid(d91e34bb26c2baa43b3d2b5925a92885) Importer(2089858483,192608db42251d675da83286b1cce702)
Start importing Assets/apartment/apartment_rud_BaseColor.png using Guid(d91e34bb26c2baa43b3d2b5925a92885) Importer(2089858483,192608db42251d675da83286b1cce702) (ScriptedImporter) -> (artifact id: '14e488952923c8f9e04da346a464aeed') in 0.0615145 seconds
Number of updated asset objects reloaded before import = 0Number of asset objects unloaded after import = 1

========================================================================
Received Import Request.
  Time since last request: 0.000037 seconds.
  path: Assets/apartment/apartment_stove_Height.png
  artifactKey: Guid(8a6758b6782ca3c45be3d6230ef3dff5) Importer(2089858483,192608db42251d675da83286b1cce702)
Start importing Assets/apartment/apartment_stove_Height.png using Guid(8a6758b6782ca3c45be3d6230ef3dff5) Importer(2089858483,192608db42251d675da83286b1cce702) (ScriptedImporter) -> (artifact id: '2d74d17da0a0dcc0732ded04506c731b') in 0.0639244 seconds
Number of updated asset objects reloaded before import = 0Number of asset objects unloaded after import = 1

========================================================================
Received Import Request.
  Time since last request: 0.000059 seconds.
  path: Assets/elevator texture/elevator_ceetification_material_Normal.png
  artifactKey: Guid(7424941d588b067408955b8b08bbe88d) Importer(2089858483,192608db42251d675da83286b1cce702)
Start importing Assets/elevator texture/elevator_ceetification_material_Normal.png using Guid(7424941d588b067408955b8b08bbe88d) Importer(2089858483,192608db42251d675da83286b1cce702) (ScriptedImporter) -> (artifact id: '896907cb6ff79e5c1b6a40ce4d38deb4') in 0.0664111 seconds
Number of updated asset objects reloaded before import = 0Number of asset objects unloaded after import = 1

========================================================================
Received Import Request.
  Time since last request: 0.000162 seconds.
  path: Assets/elevator texture/elevator_aiStandardSurface9_Roughness.png
  artifactKey: Guid(a7ae1cb14ed2b204a87d8337f36c2561) Importer(2089858483,192608db42251d675da83286b1cce702)
Start importing Assets/elevator texture/elevator_aiStandardSurface9_Roughness.png using Guid(a7ae1cb14ed2b204a87d8337f36c2561) Importer(2089858483,192608db42251d675da83286b1cce702) (ScriptedImporter) -> (artifact id: '750413a8bd3ba39641701df134fde2f8') in 0.0616946 seconds
Number of updated asset objects reloaded before import = 0Number of asset objects unloaded after import = 1

========================================================================
Received Import Request.
  Time since last request: 0.000124 seconds.
  path: Assets/Elevator hall/Elevator hall_plaque_material_Normal.png
  artifactKey: Guid(0830bbcf114b25d4889e9f8c9f843210) Importer(2089858483,192608db42251d675da83286b1cce702)
Start importing Assets/Elevator hall/Elevator hall_plaque_material_Normal.png using Guid(0830bbcf114b25d4889e9f8c9f843210) Importer(2089858483,192608db42251d675da83286b1cce702) (ScriptedImporter) -> (artifact id: 'e499a4518f136a47acde233187b4782a') in 0.0455709 seconds
Number of updated asset objects reloaded before import = 0Number of asset objects unloaded after import = 1

========================================================================
Received Import Request.
  Time since last request: 0.000034 seconds.
  path: Assets/Elevator hall/Elevator hall_wall_material_Metallic.png
  artifactKey: Guid(f336d6c514693964098c5bf6a6184a8a) Importer(2089858483,192608db42251d675da83286b1cce702)
Start importing Assets/Elevator hall/Elevator hall_wall_material_Metallic.png using Guid(f336d6c514693964098c5bf6a6184a8a) Importer(2089858483,192608db42251d675da83286b1cce702) (ScriptedImporter) -> (artifact id: '73915d0b2e420a2efc90dc1dd855bb48') in 0.0488178 seconds
Number of updated asset objects reloaded before import = 0Number of asset objects unloaded after import = 1

========================================================================
Received Import Request.
  Time since last request: 0.000060 seconds.
  path: Assets/elevator texture/elevator_ceetification_material_Metallic.png
  artifactKey: Guid(2bbde5c89c177be458704e715a8a64ca) Importer(2089858483,192608db42251d675da83286b1cce702)
Start importing Assets/elevator texture/elevator_ceetification_material_Metallic.png using Guid(2bbde5c89c177be458704e715a8a64ca) Importer(2089858483,192608db42251d675da83286b1cce702) (ScriptedImporter) -> (artifact id: 'e9d3613e97157205fa5ddf5afc8f42c7') in 0.0687761 seconds
Number of updated asset objects reloaded before import = 0Number of asset objects unloaded after import = 1

========================================================================
Received Import Request.
  Time since last request: 0.000053 seconds.
  path: Assets/elevator texture/elevator_door_plaque_material_Metallic.png
  artifactKey: Guid(397e37819e709894fb115247b9d20e5e) Importer(2089858483,192608db42251d675da83286b1cce702)
Start importing Assets/elevator texture/elevator_door_plaque_material_Metallic.png using Guid(397e37819e709894fb115247b9d20e5e) Importer(2089858483,192608db42251d675da83286b1cce702) (ScriptedImporter) -> (artifact id: '834f32a17c1291d462fdcb7fbe96cd25') in 0.0635402 seconds
Number of updated asset objects reloaded before import = 0Number of asset objects unloaded after import = 1

========================================================================
Received Import Request.
  Time since last request: 0.000034 seconds.
  path: Assets/elevator texture/elevator_aiStandardSurface9_BaseColor.png
  artifactKey: Guid(47bafb2f8299d554385f6e8ada4276a7) Importer(2089858483,192608db42251d675da83286b1cce702)
Start importing Assets/elevator texture/elevator_aiStandardSurface9_BaseColor.png using Guid(47bafb2f8299d554385f6e8ada4276a7) Importer(2089858483,192608db42251d675da83286b1cce702) (ScriptedImporter) -> (artifact id: '16ef5bbfc5da8587bdb7edf55a54e3a3') in 0.0630044 seconds
Number of updated asset objects reloaded before import = 0Number of asset objects unloaded after import = 1

========================================================================
Received Import Request.
  Time since last request: 0.000036 seconds.
  path: Assets/Elevator hall/Elevator hall_wall_material_Height.png
  artifactKey: Guid(bac9d1b6308854e4893be0096b7ba32c) Importer(2089858483,192608db42251d675da83286b1cce702)
Start importing Assets/Elevator hall/Elevator hall_wall_material_Height.png using Guid(bac9d1b6308854e4893be0096b7ba32c) Importer(2089858483,192608db42251d675da83286b1cce702) (ScriptedImporter) -> (artifact id: 'ac9c7b2618523db97d542f409b3f9830') in 0.061819 seconds
Number of updated asset objects reloaded before import = 0Number of asset objects unloaded after import = 1

========================================================================
Received Import Request.
  Time since last request: 0.000132 seconds.
  path: Assets/elevator texture/elevator_ceetification_material_Height.png
  artifactKey: Guid(67958143928ef5f49a2b9c7937644f1f) Importer(2089858483,192608db42251d675da83286b1cce702)
Start importing Assets/elevator texture/elevator_ceetification_material_Height.png using Guid(67958143928ef5f49a2b9c7937644f1f) Importer(2089858483,192608db42251d675da83286b1cce702) (ScriptedImporter) -> (artifact id: '21084a2b748661b756a6c662e76a62ef') in 0.062479 seconds
Number of updated asset objects reloaded before import = 0Number of asset objects unloaded after import = 1

========================================================================
Received Import Request.
  Time since last request: 0.000030 seconds.
  path: Assets/Elevator hall/Elevator hall_wall_material_Normal.png
  artifactKey: Guid(5134729700e016f48a9ee1ae353447e6) Importer(2089858483,192608db42251d675da83286b1cce702)
Start importing Assets/Elevator hall/Elevator hall_wall_material_Normal.png using Guid(5134729700e016f48a9ee1ae353447e6) Importer(2089858483,192608db42251d675da83286b1cce702) (ScriptedImporter) -> (artifact id: '77a643338302930c49a759cb86ffc4e9') in 0.0519119 seconds
Number of updated asset objects reloaded before import = 0Number of asset objects unloaded after import = 1

========================================================================
Received Import Request.
  Time since last request: 0.000113 seconds.
  path: Assets/apartment/apartment_curtain_Metallic.png
  artifactKey: Guid(2ad2361b07ac044468060f9f6abb7a5a) Importer(2089858483,192608db42251d675da83286b1cce702)
Start importing Assets/apartment/apartment_curtain_Metallic.png using Guid(2ad2361b07ac044468060f9f6abb7a5a) Importer(2089858483,192608db42251d675da83286b1cce702) (ScriptedImporter) -> (artifact id: '89ebeb4edc380e086770ce90b111e0e7') in 0.0768653 seconds
Number of updated asset objects reloaded before import = 0Number of asset objects unloaded after import = 1

========================================================================
Received Import Request.
  Time since last request: 0.000039 seconds.
  path: Assets/KriegFont-xqwj SDF.asset
  artifactKey: Guid(2289ca37580063b418f2e331eb29122f) Importer(2089858483,192608db42251d675da83286b1cce702)
Start importing Assets/KriegFont-xqwj SDF.asset using Guid(2289ca37580063b418f2e331eb29122f) Importer(2089858483,192608db42251d675da83286b1cce702) (ScriptedImporter) -> (artifact id: '7f79e48d598d52779b2ad0bf3e2b6180') in 0.1194216 seconds
Number of updated asset objects reloaded before import = 0Number of asset objects unloaded after import = 5

========================================================================
Received Prepare
Default GameObject BitMask: UI already registered
Refreshing native plugins compatible for Editor in 6.00 ms, found 3 plugins.
Preloading 0 native plugins for Editor in 0.00 ms.
Unloading 12 Unused Serialized files (Serialized files now loaded: 0)
Unloading 4076 unused Assets / (1.6 MB). Loaded Objects now: 4696.
Memory consumption went from 101.6 MB to 100.0 MB.
Total: 44.032800 ms (FindLiveObjects: 0.681200 ms CreateObjectMapping: 0.888100 ms MarkObjects: 35.576700 ms  DeleteObjects: 6.883700 ms)

Prepare: number of updated asset objects reloaded= 0
========================================================================
Received Import Request.
  Time since last request: 0.658118 seconds.
  path: Assets/elevator texture/elevator_door_plaque_material_Roughness.png
  artifactKey: Guid(2ad770da0d029074884ae38b5092ff59) Importer(2089858483,192608db42251d675da83286b1cce702)
Start importing Assets/elevator texture/elevator_door_plaque_material_Roughness.png using Guid(2ad770da0d029074884ae38b5092ff59) Importer(2089858483,192608db42251d675da83286b1cce702) (ScriptedImporter) -> (artifact id: 'd81e2616c36c4189bd3960885ab5d4d6') in 0.115594 seconds
Number of updated asset objects reloaded before import = 0Number of asset objects unloaded after import = 1

========================================================================
Received Import Request.
  Time since last request: 0.000068 seconds.
  path: Assets/elevator texture/elevator_emergency_button_material_Metallic.png
  artifactKey: Guid(d78851e5e434a5146a402804ed9827cd) Importer(2089858483,192608db42251d675da83286b1cce702)
Start importing Assets/elevator texture/elevator_emergency_button_material_Metallic.png using Guid(d78851e5e434a5146a402804ed9827cd) Importer(2089858483,192608db42251d675da83286b1cce702) (ScriptedImporter) -> (artifact id: '3855870417c7457db27bb468c5c078b1') in 0.0923389 seconds
Number of updated asset objects reloaded before import = 0Number of asset objects unloaded after import = 1

========================================================================
Received Import Request.
  Time since last request: 0.000055 seconds.
  path: Assets/elevator texture/elevator_elevator_metal_door_2_material_Roughness.png
  artifactKey: Guid(5b29a7c1ac7991f48aa356e9e0569b19) Importer(2089858483,192608db42251d675da83286b1cce702)
Start importing Assets/elevator texture/elevator_elevator_metal_door_2_material_Roughness.png using Guid(5b29a7c1ac7991f48aa356e9e0569b19) Importer(2089858483,192608db42251d675da83286b1cce702) (ScriptedImporter) -> (artifact id: '9425a8729d23822103a2485735888995') in 0.1846702 seconds
Number of updated asset objects reloaded before import = 0Number of asset objects unloaded after import = 1

========================================================================
Received Import Request.
  Time since last request: 0.000108 seconds.
  path: Assets/elevator texture/elevator_elevator_door_1_material_Normal.png
  artifactKey: Guid(be7e4b69ac113b8459178635711ebb27) Importer(2089858483,192608db42251d675da83286b1cce702)
Start importing Assets/elevator texture/elevator_elevator_door_1_material_Normal.png using Guid(be7e4b69ac113b8459178635711ebb27) Importer(2089858483,192608db42251d675da83286b1cce702) (ScriptedImporter) -> (artifact id: 'e4183c9b3d25848c38c9e4191b0b527b') in 0.1141377 seconds
Number of updated asset objects reloaded before import = 0Number of asset objects unloaded after import = 1

========================================================================
Received Import Request.
  Time since last request: 0.000037 seconds.
  path: Assets/elevator texture/elevator_emergency_button_material_Roughness.png
  artifactKey: Guid(6edd7b20ce1a2634a97a4449f5a6ce86) Importer(2089858483,192608db42251d675da83286b1cce702)
Start importing Assets/elevator texture/elevator_emergency_button_material_Roughness.png using Guid(6edd7b20ce1a2634a97a4449f5a6ce86) Importer(2089858483,192608db42251d675da83286b1cce702) (ScriptedImporter) -> (artifact id: '15add763bd43eeca56a11ab542af7161') in 0.0785533 seconds
Number of updated asset objects reloaded before import = 0Number of asset objects unloaded after import = 1

========================================================================
Received Import Request.
  Time since last request: 0.000522 seconds.
  path: Assets/elevator texture/elevator_emergency_button_material_Normal.png
  artifactKey: Guid(a40a14cceb8bc4f46aea4f5a2e6c3ae3) Importer(2089858483,192608db42251d675da83286b1cce702)
Start importing Assets/elevator texture/elevator_emergency_button_material_Normal.png using Guid(a40a14cceb8bc4f46aea4f5a2e6c3ae3) Importer(2089858483,192608db42251d675da83286b1cce702) (ScriptedImporter) -> (artifact id: 'aec3dc6f3e91f487e94ab3f0a6f79e1b') in 0.0841028 seconds
Number of updated asset objects reloaded before import = 0Number of asset objects unloaded after import = 1

========================================================================
Received Import Request.
  Time since last request: 0.000039 seconds.
  path: Assets/elevator texture/elevator_elevator_door_1_material_Roughness.png
  artifactKey: Guid(e916fb1df8e33de4b839a9e0a6785f55) Importer(2089858483,192608db42251d675da83286b1cce702)
Start importing Assets/elevator texture/elevator_elevator_door_1_material_Roughness.png using Guid(e916fb1df8e33de4b839a9e0a6785f55) Importer(2089858483,192608db42251d675da83286b1cce702) (ScriptedImporter) -> (artifact id: 'ac4bc77dc4168414c2dab82a0dc0ae43') in 0.0653569 seconds
Number of updated asset objects reloaded before import = 0Number of asset objects unloaded after import = 1

========================================================================
Received Import Request.
  Time since last request: 0.000033 seconds.
  path: Assets/elevator texture/elevator_elevator_metal_door_2_material_Normal.png
  artifactKey: Guid(fb969223f93984b47ae1f8eb0d7570bc) Importer(2089858483,192608db42251d675da83286b1cce702)
Start importing Assets/elevator texture/elevator_elevator_metal_door_2_material_Normal.png using Guid(fb969223f93984b47ae1f8eb0d7570bc) Importer(2089858483,192608db42251d675da83286b1cce702) (ScriptedImporter) -> (artifact id: 'f1c144024cbf9baa82d541edfc8bca27') in 0.0762509 seconds
Number of updated asset objects reloaded before import = 0Number of asset objects unloaded after import = 1

========================================================================
Received Import Request.
  Time since last request: 0.000128 seconds.
  path: Assets/elevator texture/elevator_grip_bolt_material_BaseColor.png
  artifactKey: Guid(bdc33ba6d0a013b42b7bf3dadceaf2c8) Importer(2089858483,192608db42251d675da83286b1cce702)
Start importing Assets/elevator texture/elevator_grip_bolt_material_BaseColor.png using Guid(bdc33ba6d0a013b42b7bf3dadceaf2c8) Importer(2089858483,192608db42251d675da83286b1cce702) (ScriptedImporter) -> (artifact id: '8674a6de9bc56d20eba09751d400686c') in 0.0740142 seconds
Number of updated asset objects reloaded before import = 0Number of asset objects unloaded after import = 1

========================================================================
Received Import Request.
  Time since last request: 0.000041 seconds.
  path: Assets/elevator texture/elevator_grip_bolt_material_Metallic.png
  artifactKey: Guid(58a0e66e81330be4f9bc65c5c13771ca) Importer(2089858483,192608db42251d675da83286b1cce702)
Start importing Assets/elevator texture/elevator_grip_bolt_material_Metallic.png using Guid(58a0e66e81330be4f9bc65c5c13771ca) Importer(2089858483,192608db42251d675da83286b1cce702) (ScriptedImporter) -> (artifact id: '64a9a287d5e0d74dca64e3297b644007') in 0.0605295 seconds
Number of updated asset objects reloaded before import = 0Number of asset objects unloaded after import = 1

========================================================================
Received Import Request.
  Time since last request: 0.000032 seconds.
  path: Assets/elevator texture/elevator_grip_bolt_material_Height.png
  artifactKey: Guid(40682530a06799c4685eff1240e43aaa) Importer(2089858483,192608db42251d675da83286b1cce702)
Start importing Assets/elevator texture/elevator_grip_bolt_material_Height.png using Guid(40682530a06799c4685eff1240e43aaa) Importer(2089858483,192608db42251d675da83286b1cce702) (ScriptedImporter) -> (artifact id: '7cf35195867837b853f7f149c90d69ed') in 0.0597763 seconds
Number of updated asset objects reloaded before import = 0Number of asset objects unloaded after import = 1

========================================================================
Received Import Request.
  Time since last request: 0.000040 seconds.
  path: Assets/elevator texture/elevator_emergency_button_material_Height.png
  artifactKey: Guid(5ad25302c380e6b419940e798613e9a4) Importer(2089858483,192608db42251d675da83286b1cce702)
Start importing Assets/elevator texture/elevator_emergency_button_material_Height.png using Guid(5ad25302c380e6b419940e798613e9a4) Importer(2089858483,192608db42251d675da83286b1cce702) (ScriptedImporter) -> (artifact id: '4d35de63f9e5c915026b2dd2ae7417a0') in 0.0574973 seconds
Number of updated asset objects reloaded before import = 0Number of asset objects unloaded after import = 1

========================================================================
Received Import Request.
  Time since last request: 0.000273 seconds.
  path: Assets/elevator texture/elevator_elevator_door_1_metal1_Normal.png
  artifactKey: Guid(536667acd7ad2c4469430ff1b866b6ab) Importer(2089858483,192608db42251d675da83286b1cce702)
Start importing Assets/elevator texture/elevator_elevator_door_1_metal1_Normal.png using Guid(536667acd7ad2c4469430ff1b866b6ab) Importer(2089858483,192608db42251d675da83286b1cce702) (ScriptedImporter) -> (artifact id: '3f2b9c9d1de5134475b3e4430043ae72') in 0.0596764 seconds
Number of updated asset objects reloaded before import = 0Number of asset objects unloaded after import = 1

========================================================================
Received Import Request.
  Time since last request: 0.000090 seconds.
  path: Assets/elevator texture/elevator_floor_material_BaseColor.png
  artifactKey: Guid(0e60fdcabd780724a8a2143ac3a57d34) Importer(2089858483,192608db42251d675da83286b1cce702)
Start importing Assets/elevator texture/elevator_floor_material_BaseColor.png using Guid(0e60fdcabd780724a8a2143ac3a57d34) Importer(2089858483,192608db42251d675da83286b1cce702) (ScriptedImporter) -> (artifact id: '309c7b816989e64fe7d184e56d6d97a6') in 0.0732633 seconds
Number of updated asset objects reloaded before import = 0Number of asset objects unloaded after import = 1

========================================================================
Received Import Request.
  Time since last request: 0.000087 seconds.
  path: Assets/elevator texture/elevator_elevator_metal_door_2_material_Metallic.png
  artifactKey: Guid(63bca955185e81440a1d4d54c8e01694) Importer(2089858483,192608db42251d675da83286b1cce702)
Start importing Assets/elevator texture/elevator_elevator_metal_door_2_material_Metallic.png using Guid(63bca955185e81440a1d4d54c8e01694) Importer(2089858483,192608db42251d675da83286b1cce702) (ScriptedImporter) -> (artifact id: 'e00b8580976e58bc1848018bba33ab89') in 0.054245 seconds
Number of updated asset objects reloaded before import = 0Number of asset objects unloaded after import = 1

========================================================================
Received Import Request.
  Time since last request: 0.000419 seconds.
  path: Assets/elevator texture/elevator_floor_button_material_Metallic.png
  artifactKey: Guid(aa7d095e4c1bff145a3189a4e641d3e6) Importer(2089858483,192608db42251d675da83286b1cce702)
Start importing Assets/elevator texture/elevator_floor_button_material_Metallic.png using Guid(aa7d095e4c1bff145a3189a4e641d3e6) Importer(2089858483,192608db42251d675da83286b1cce702) (ScriptedImporter) -> (artifact id: 'cc9485e70ff587254de6bd70173618f4') in 0.06308 seconds
Number of updated asset objects reloaded before import = 0Number of asset objects unloaded after import = 1

========================================================================
Received Import Request.
  Time since last request: 0.000036 seconds.
  path: Assets/elevator texture/elevator_elevator_door_2_material_Height.png
  artifactKey: Guid(5386f58db6d3b7548bf03cd7f03cd279) Importer(2089858483,192608db42251d675da83286b1cce702)
Start importing Assets/elevator texture/elevator_elevator_door_2_material_Height.png using Guid(5386f58db6d3b7548bf03cd7f03cd279) Importer(2089858483,192608db42251d675da83286b1cce702) (ScriptedImporter) -> (artifact id: 'eeb72974ae6e0dae33a9887a4fcee5e9') in 0.058216 seconds
Number of updated asset objects reloaded before import = 0Number of asset objects unloaded after import = 1

========================================================================
Received Import Request.
  Time since last request: 0.000133 seconds.
  path: Assets/elevator texture/elevator_elevator_door_1_material_Metallic.png
  artifactKey: Guid(c60ebfcc935d5bc41a88152127173729) Importer(2089858483,192608db42251d675da83286b1cce702)
Start importing Assets/elevator texture/elevator_elevator_door_1_material_Metallic.png using Guid(c60ebfcc935d5bc41a88152127173729) Importer(2089858483,192608db42251d675da83286b1cce702) (ScriptedImporter) -> (artifact id: '4dffc855d71e5485fd7552ef6378a6f8') in 0.0600598 seconds
Number of updated asset objects reloaded before import = 0Number of asset objects unloaded after import = 1

========================================================================
Received Import Request.
  Time since last request: 0.000116 seconds.
  path: Assets/elevator texture/elevator_floor_button_material_Normal.png
  artifactKey: Guid(ba7e9a226010e614bb6f95fc64eadee2) Importer(2089858483,192608db42251d675da83286b1cce702)
Start importing Assets/elevator texture/elevator_floor_button_material_Normal.png using Guid(ba7e9a226010e614bb6f95fc64eadee2) Importer(2089858483,192608db42251d675da83286b1cce702) (ScriptedImporter) -> (artifact id: '93806d0054e6bf4e24f3e52a611956d2') in 0.0618051 seconds
Number of updated asset objects reloaded before import = 0Number of asset objects unloaded after import = 1

========================================================================
Received Import Request.
  Time since last request: 0.000170 seconds.
  path: Assets/elevator texture/elevator_grip_bolt_material_Normal.png
  artifactKey: Guid(d8b2d451c8fdde642865cf60738e8a1b) Importer(2089858483,192608db42251d675da83286b1cce702)
Start importing Assets/elevator texture/elevator_grip_bolt_material_Normal.png using Guid(d8b2d451c8fdde642865cf60738e8a1b) Importer(2089858483,192608db42251d675da83286b1cce702) (ScriptedImporter) -> (artifact id: '5625a45930d6dd0de8efa5bc19798b6a') in 0.0663703 seconds
Number of updated asset objects reloaded before import = 0Number of asset objects unloaded after import = 1

========================================================================
Received Import Request.
  Time since last request: 0.000203 seconds.
  path: Assets/elevator texture/elevator_elevator_door_1_material_Height.png
  artifactKey: Guid(c790ffa9be8c84348a7f4d438ca16b44) Importer(2089858483,192608db42251d675da83286b1cce702)
Start importing Assets/elevator texture/elevator_elevator_door_1_material_Height.png using Guid(c790ffa9be8c84348a7f4d438ca16b44) Importer(2089858483,192608db42251d675da83286b1cce702) (ScriptedImporter) -> (artifact id: '74eac8f590fc7158ada984e70e88285b') in 0.0615853 seconds
Number of updated asset objects reloaded before import = 0Number of asset objects unloaded after import = 1

========================================================================
Received Import Request.
  Time since last request: 0.266420 seconds.
  path: Assets/elevator texture/elevator_grip_material_Height.png
  artifactKey: Guid(053f7cb7d36062246a7e28272514529b) Importer(2089858483,192608db42251d675da83286b1cce702)
Start importing Assets/elevator texture/elevator_grip_material_Height.png using Guid(053f7cb7d36062246a7e28272514529b) Importer(2089858483,192608db42251d675da83286b1cce702) (ScriptedImporter) -> (artifact id: '59c701b231a1da5cfb73d52c411d4809') in 0.0621 seconds
Number of updated asset objects reloaded before import = 0Number of asset objects unloaded after import = 1

========================================================================
Received Import Request.
  Time since last request: 0.000035 seconds.
  path: Assets/elevator texture/elevator_wall_material_Metallic.png
  artifactKey: Guid(0ba5be11b2073774f84c6c641cd60521) Importer(2089858483,192608db42251d675da83286b1cce702)
Start importing Assets/elevator texture/elevator_wall_material_Metallic.png using Guid(0ba5be11b2073774f84c6c641cd60521) Importer(2089858483,192608db42251d675da83286b1cce702) (ScriptedImporter) -> (artifact id: '28dc9fb46f49b4bbf5e629e5c95e0a2b') in 0.063719 seconds
Number of updated asset objects reloaded before import = 0Number of asset objects unloaded after import = 1

========================================================================
Received Import Request.
  Time since last request: 0.000037 seconds.
  path: Assets/elevator texture/elevator_grip_material_Normal.png
  artifactKey: Guid(30f90af807cdd1547ac22956108e6e23) Importer(2089858483,192608db42251d675da83286b1cce702)
Start importing Assets/elevator texture/elevator_grip_material_Normal.png using Guid(30f90af807cdd1547ac22956108e6e23) Importer(2089858483,192608db42251d675da83286b1cce702) (ScriptedImporter) -> (artifact id: '547856c89c9ab85b25b4d33083b3ef1c') in 0.0633425 seconds
Number of updated asset objects reloaded before import = 0Number of asset objects unloaded after import = 1

========================================================================
Received Import Request.
  Time since last request: 0.000039 seconds.
  path: Assets/elevator texture/elevator_screw_material_Normal.png
  artifactKey: Guid(cc4ddeb07a06aa04aa1326ac40df3b35) Importer(2089858483,192608db42251d675da83286b1cce702)
Start importing Assets/elevator texture/elevator_screw_material_Normal.png using Guid(cc4ddeb07a06aa04aa1326ac40df3b35) Importer(2089858483,192608db42251d675da83286b1cce702) (ScriptedImporter) -> (artifact id: 'fcc725d3769b077b0410794b1bf441ac') in 0.0450308 seconds
Number of updated asset objects reloaded before import = 0Number of asset objects unloaded after import = 1

========================================================================
Received Import Request.
  Time since last request: 0.000048 seconds.
  path: Assets/elevator texture/elevator_phone_doot_material_Roughness.png
  artifactKey: Guid(0077a7a7fdc9c054ea3832b95fbd6c2f) Importer(2089858483,192608db42251d675da83286b1cce702)
Start importing Assets/elevator texture/elevator_phone_doot_material_Roughness.png using Guid(0077a7a7fdc9c054ea3832b95fbd6c2f) Importer(2089858483,192608db42251d675da83286b1cce702) (ScriptedImporter) -> (artifact id: 'd0fa9add0b81c8f03c3e36ebb6ce61a1') in 0.0586413 seconds
Number of updated asset objects reloaded before import = 0Number of asset objects unloaded after import = 1

========================================================================
Received Import Request.
  Time since last request: 0.001190 seconds.
  path: Assets/elevator texture/elevator_screen_material_Height.png
  artifactKey: Guid(66c00776b56a9874e8c480c6a652d98a) Importer(2089858483,192608db42251d675da83286b1cce702)
Start importing Assets/elevator texture/elevator_screen_material_Height.png using Guid(66c00776b56a9874e8c480c6a652d98a) Importer(2089858483,192608db42251d675da83286b1cce702) (ScriptedImporter) -> (artifact id: '3c9021855f75e3bdf37f758155574744') in 0.0578657 seconds
Number of updated asset objects reloaded before import = 0Number of asset objects unloaded after import = 1

========================================================================
Received Import Request.
  Time since last request: 0.000034 seconds.
  path: Assets/elevator texture/elevator_panel_material_BaseColor.png
  artifactKey: Guid(225516f2c7d1b3b4eb46541f0538ec70) Importer(2089858483,192608db42251d675da83286b1cce702)
Start importing Assets/elevator texture/elevator_panel_material_BaseColor.png using Guid(225516f2c7d1b3b4eb46541f0538ec70) Importer(2089858483,192608db42251d675da83286b1cce702) (ScriptedImporter) -> (artifact id: 'e08970aa8e18b1d700fdfa1df274a93f') in 0.0642145 seconds
Number of updated asset objects reloaded before import = 0Number of asset objects unloaded after import = 1

========================================================================
Received Import Request.
  Time since last request: 0.000028 seconds.
  path: Assets/elevator texture/elevator_grip_material_Metallic.png
  artifactKey: Guid(d13b14ddf65749d418de5e2f6d1478d7) Importer(2089858483,192608db42251d675da83286b1cce702)
Start importing Assets/elevator texture/elevator_grip_material_Metallic.png using Guid(d13b14ddf65749d418de5e2f6d1478d7) Importer(2089858483,192608db42251d675da83286b1cce702) (ScriptedImporter) -> (artifact id: '0cdfdf2298b433626373b4b1f1e218a8') in 0.0567518 seconds
Number of updated asset objects reloaded before import = 0Number of asset objects unloaded after import = 1

========================================================================
Received Import Request.
  Time since last request: 0.000035 seconds.
  path: Assets/elevator texture/elevator_phone_doot_material_Metallic.png
  artifactKey: Guid(4eac528ba6c636643ac3bab9224c34b7) Importer(2089858483,192608db42251d675da83286b1cce702)
Start importing Assets/elevator texture/elevator_phone_doot_material_Metallic.png using Guid(4eac528ba6c636643ac3bab9224c34b7) Importer(2089858483,192608db42251d675da83286b1cce702) (ScriptedImporter) -> (artifact id: 'fdd0291d2ce91515e5374eb79fef6682') in 0.0563069 seconds
Number of updated asset objects reloaded before import = 0Number of asset objects unloaded after import = 1

========================================================================
Received Import Request.
  Time since last request: 0.000171 seconds.
  path: Assets/elevator texture/elevator_panel_material_Roughness.png
  artifactKey: Guid(56bb72bab462183498f8cb514bd939ad) Importer(2089858483,192608db42251d675da83286b1cce702)
Start importing Assets/elevator texture/elevator_panel_material_Roughness.png using Guid(56bb72bab462183498f8cb514bd939ad) Importer(2089858483,192608db42251d675da83286b1cce702) (ScriptedImporter) -> (artifact id: '1244d294110883f3d461b1aa778d3dad') in 0.0946135 seconds
Number of updated asset objects reloaded before import = 0Number of asset objects unloaded after import = 1

========================================================================
Received Import Request.
  Time since last request: 0.000072 seconds.
  path: Assets/elevator texture/elevator_wall_material_BaseColor.png
  artifactKey: Guid(414308faefd0992488b1a295343c6317) Importer(2089858483,192608db42251d675da83286b1cce702)
Start importing Assets/elevator texture/elevator_wall_material_BaseColor.png using Guid(414308faefd0992488b1a295343c6317) Importer(2089858483,192608db42251d675da83286b1cce702) (ScriptedImporter) -> (artifact id: '1e03549c76d457b18ec8d600ace5c372') in 0.0530307 seconds
Number of updated asset objects reloaded before import = 0Number of asset objects unloaded after import = 1

========================================================================
Received Import Request.
  Time since last request: 0.000733 seconds.
  path: Assets/elevator texture/elevator_screw_material_BaseColor.png
  artifactKey: Guid(11f35ab266dfb95449347611fbaec610) Importer(2089858483,192608db42251d675da83286b1cce702)
Start importing Assets/elevator texture/elevator_screw_material_BaseColor.png using Guid(11f35ab266dfb95449347611fbaec610) Importer(2089858483,192608db42251d675da83286b1cce702) (ScriptedImporter) -> (artifact id: 'f3435cd275e0cdc946650a0d0baee0ce') in 0.0567573 seconds
Number of updated asset objects reloaded before import = 0Number of asset objects unloaded after import = 1

========================================================================
Received Import Request.
  Time since last request: 0.000400 seconds.
  path: Assets/Materials/aiStandardSurface2.mat
  artifactKey: Guid(3e6ebafb41dd6f641ac0161b9494e2a1) Importer(2089858483,192608db42251d675da83286b1cce702)
Start importing Assets/Materials/aiStandardSurface2.mat using Guid(3e6ebafb41dd6f641ac0161b9494e2a1) Importer(2089858483,192608db42251d675da83286b1cce702) (ScriptedImporter) -> (artifact id: 'b9f0db65fbb130496faba0b6fca1c3a6') in 0.081853 seconds
Number of updated asset objects reloaded before import = 0Number of asset objects unloaded after import = 2

========================================================================
Received Import Request.
  Time since last request: 0.000037 seconds.
  path: Assets/Materials/aiStandardSurface5.mat
  artifactKey: Guid(c82589300f7f79b4d891fd5090fff91d) Importer(2089858483,192608db42251d675da83286b1cce702)
Start importing Assets/Materials/aiStandardSurface5.mat using Guid(c82589300f7f79b4d891fd5090fff91d) Importer(2089858483,192608db42251d675da83286b1cce702) (ScriptedImporter) -> (artifact id: '98c9740d51952afed5abe3f78c4aff28') in 0.0561773 seconds
Number of updated asset objects reloaded before import = 0Number of asset objects unloaded after import = 1

========================================================================
Received Import Request.
  Time since last request: 0.000123 seconds.
  path: Assets/Materials/aiStandardSurface1SG-color 1.mat
  artifactKey: Guid(cb801bd0b4a707d449cbfe8c7da7aabc) Importer(2089858483,192608db42251d675da83286b1cce702)
Start importing Assets/Materials/aiStandardSurface1SG-color 1.mat using Guid(cb801bd0b4a707d449cbfe8c7da7aabc) Importer(2089858483,192608db42251d675da83286b1cce702) (ScriptedImporter) -> (artifact id: '563b506d2cb0c781cf874996642427ca') in 0.0642281 seconds
Number of updated asset objects reloaded before import = 0Number of asset objects unloaded after import = 2

========================================================================
Received Import Request.
  Time since last request: 0.000243 seconds.
  path: Assets/hitbar/Untitled-2_0001_livebar.png
  artifactKey: Guid(6e6e142a1a6627140bc060033db6ddc7) Importer(2089858483,192608db42251d675da83286b1cce702)
Start importing Assets/hitbar/Untitled-2_0001_livebar.png using Guid(6e6e142a1a6627140bc060033db6ddc7) Importer(2089858483,192608db42251d675da83286b1cce702) (ScriptedImporter) -> (artifact id: 'fbd2bae393fb18deb1537268608dcdf4') in 0.0517528 seconds
Number of updated asset objects reloaded before import = 0Number of asset objects unloaded after import = 3

========================================================================
Received Import Request.
  Time since last request: 0.000032 seconds.
  path: Assets/Materials/Elevator hall-door_1_material.mat
  artifactKey: Guid(d7a7a428135bcc648ae7a7c2eb9a5cbf) Importer(2089858483,192608db42251d675da83286b1cce702)
Start importing Assets/Materials/Elevator hall-door_1_material.mat using Guid(d7a7a428135bcc648ae7a7c2eb9a5cbf) Importer(2089858483,192608db42251d675da83286b1cce702) (ScriptedImporter) -> (artifact id: '9f64ae7a9b781ea44ab2a4c902062548') in 0.0628427 seconds
Number of updated asset objects reloaded before import = 0Number of asset objects unloaded after import = 1

========================================================================
Received Import Request.
  Time since last request: 0.000957 seconds.
  path: Assets/Materials/Elevator hall-door_knob_material.mat
  artifactKey: Guid(1ae206b68e3c4504cbda6b27679d5a07) Importer(2089858483,192608db42251d675da83286b1cce702)
Start importing Assets/Materials/Elevator hall-door_knob_material.mat using Guid(1ae206b68e3c4504cbda6b27679d5a07) Importer(2089858483,192608db42251d675da83286b1cce702) (ScriptedImporter) -> (artifact id: 'c7ff7be860032a1e972f6277af128f95') in 0.056499 seconds
Number of updated asset objects reloaded before import = 0Number of asset objects unloaded after import = 1

========================================================================
Received Import Request.
  Time since last request: 0.000064 seconds.
  path: Assets/elevator texture/elevator_wall_material_Roughness.png
  artifactKey: Guid(ebce67c19c64a8d4a92d1f45bc587df6) Importer(2089858483,192608db42251d675da83286b1cce702)
Start importing Assets/elevator texture/elevator_wall_material_Roughness.png using Guid(ebce67c19c64a8d4a92d1f45bc587df6) Importer(2089858483,192608db42251d675da83286b1cce702) (ScriptedImporter) -> (artifact id: '4eb184961464ab1b685f05814c472492') in 0.065719 seconds
Number of updated asset objects reloaded before import = 0Number of asset objects unloaded after import = 1

========================================================================
Received Import Request.
  Time since last request: 0.000081 seconds.
  path: Assets/Footsteps - Essentials/wood.wav
  artifactKey: Guid(0909de896e9029541b92ae05fe15e4b6) Importer(2089858483,192608db42251d675da83286b1cce702)
Start importing Assets/Footsteps - Essentials/wood.wav using Guid(0909de896e9029541b92ae05fe15e4b6) Importer(2089858483,192608db42251d675da83286b1cce702) (ScriptedImporter) -> (artifact id: '249743e40c798ef28de24a59ca4f67a7') in 0.1074654 seconds
Number of updated asset objects reloaded before import = 0Number of asset objects unloaded after import = 1

========================================================================
Received Import Request.
  Time since last request: 0.000043 seconds.
  path: Assets/Footsteps - Essentials/Footsteps_Wood_Walk_03.wav
  artifactKey: Guid(76c66b3ae15685a45a334b0628d1edd1) Importer(2089858483,192608db42251d675da83286b1cce702)
Start importing Assets/Footsteps - Essentials/Footsteps_Wood_Walk_03.wav using Guid(76c66b3ae15685a45a334b0628d1edd1) Importer(2089858483,192608db42251d675da83286b1cce702) (ScriptedImporter) -> (artifact id: 'f478d12996acad109e55270ad7eda5de') in 0.1116516 seconds
Number of updated asset objects reloaded before import = 0Number of asset objects unloaded after import = 1

========================================================================
Received Import Request.
  Time since last request: 0.000097 seconds.
  path: Assets/Materials/Elevator hall-wall_material1.mat
  artifactKey: Guid(a30ac18475481c341b4e183f582ce24c) Importer(2089858483,192608db42251d675da83286b1cce702)
Start importing Assets/Materials/Elevator hall-wall_material1.mat using Guid(a30ac18475481c341b4e183f582ce24c) Importer(2089858483,192608db42251d675da83286b1cce702) (ScriptedImporter) -> (artifact id: '14493284572941e27c6d2b8c2e0744a6') in 0.07109 seconds
Number of updated asset objects reloaded before import = 0Number of asset objects unloaded after import = 5

========================================================================
Received Import Request.
  Time since last request: 0.000071 seconds.
  path: Assets/Materials/Elevator hall-door_material1.mat
  artifactKey: Guid(25da68aa2be50ac4893710532ccc7d0b) Importer(2089858483,192608db42251d675da83286b1cce702)
Start importing Assets/Materials/Elevator hall-door_material1.mat using Guid(25da68aa2be50ac4893710532ccc7d0b) Importer(2089858483,192608db42251d675da83286b1cce702) (ScriptedImporter) -> (artifact id: 'b38287850630d39ef2b233c6032caa27') in 0.0631122 seconds
Number of updated asset objects reloaded before import = 0Number of asset objects unloaded after import = 5

========================================================================
Received Import Request.
  Time since last request: 0.000037 seconds.
  path: Assets/Materials/Elevator hall-plaque_material1.mat
  artifactKey: Guid(a26297a5e88acc3488f980f827723e66) Importer(2089858483,192608db42251d675da83286b1cce702)
Start importing Assets/Materials/Elevator hall-plaque_material1.mat using Guid(a26297a5e88acc3488f980f827723e66) Importer(2089858483,192608db42251d675da83286b1cce702) (ScriptedImporter) -> (artifact id: '7339bb2a2886be2ad7280985122dc3a3') in 0.0609042 seconds
Number of updated asset objects reloaded before import = 0Number of asset objects unloaded after import = 5

========================================================================
Received Import Request.
  Time since last request: 0.000043 seconds.
  path: Assets/Materials/elevator-elevator_metal_door_2_material2.mat
  artifactKey: Guid(8cdda28400b61cc4cae40b70823a6b29) Importer(2089858483,192608db42251d675da83286b1cce702)
Start importing Assets/Materials/elevator-elevator_metal_door_2_material2.mat using Guid(8cdda28400b61cc4cae40b70823a6b29) Importer(2089858483,192608db42251d675da83286b1cce702) (ScriptedImporter) -> (artifact id: 'bd3834fc00b368836eb83dc6b2510d00') in 0.0740712 seconds
Number of updated asset objects reloaded before import = 0Number of asset objects unloaded after import = 5

========================================================================
Received Import Request.
  Time since last request: 0.000053 seconds.
  path: Assets/Materials/elevator-floor_button_material1.mat
  artifactKey: Guid(949e027643990ef40a5ee1d73ba45a5a) Importer(2089858483,192608db42251d675da83286b1cce702)
Start importing Assets/Materials/elevator-floor_button_material1.mat using Guid(949e027643990ef40a5ee1d73ba45a5a) Importer(2089858483,192608db42251d675da83286b1cce702) (ScriptedImporter) -> (artifact id: '2b6aa421585fed238d819f07307e8d49') in 0.0654424 seconds
Number of updated asset objects reloaded before import = 0Number of asset objects unloaded after import = 5

========================================================================
Received Import Request.
  Time since last request: 0.000063 seconds.
  path: Assets/Materials/Elevator hall-floor_material.mat
  artifactKey: Guid(903bb538e62742949aa95f4d36d31210) Importer(2089858483,192608db42251d675da83286b1cce702)
Start importing Assets/Materials/Elevator hall-floor_material.mat using Guid(903bb538e62742949aa95f4d36d31210) Importer(2089858483,192608db42251d675da83286b1cce702) (ScriptedImporter) -> (artifact id: '6276cece03de3f0a00c161eb087f27d5') in 0.0507559 seconds
Number of updated asset objects reloaded before import = 0Number of asset objects unloaded after import = 5

========================================================================
Received Import Request.
  Time since last request: 0.000038 seconds.
  path: Assets/Listening To Music.fbx
  artifactKey: Guid(b79b7b7c3549aeb469fbf9c1f6e50937) Importer(2089858483,192608db42251d675da83286b1cce702)
Start importing Assets/Listening To Music.fbx using Guid(b79b7b7c3549aeb469fbf9c1f6e50937) Importer(2089858483,192608db42251d675da83286b1cce702) (ScriptedImporter) -> (artifact id: 'ecfd21a42d164a952cafd551afa6ef94') in 0.0915629 seconds
Number of updated asset objects reloaded before import = 0Number of asset objects unloaded after import = 150

========================================================================
Received Import Request.
  Time since last request: 0.000137 seconds.
  path: Assets/tvstations.mp3.m4a
  artifactKey: Guid(462d56bc5fc0da84fb2dedbb349ecbb6) Importer(2089858483,192608db42251d675da83286b1cce702)
Start importing Assets/tvstations.mp3.m4a using Guid(462d56bc5fc0da84fb2dedbb349ecbb6) Importer(2089858483,192608db42251d675da83286b1cce702) (ScriptedImporter) -> (artifact id: 'ef2f6730fd752e2b0b54202e1e87db09') in 0.0349998 seconds
Number of updated asset objects reloaded before import = 0Number of asset objects unloaded after import = 1

========================================================================
Received Import Request.
  Time since last request: 0.000152 seconds.
  path: Assets/toppng.com-dust-cloud-png-1024x1024.png
  artifactKey: Guid(d05e55db598bcc74fbe46faf51d75dac) Importer(2089858483,192608db42251d675da83286b1cce702)
Start importing Assets/toppng.com-dust-cloud-png-1024x1024.png using Guid(d05e55db598bcc74fbe46faf51d75dac) Importer(2089858483,192608db42251d675da83286b1cce702) (ScriptedImporter) -> (artifact id: '3963f0b0eee9c8222e4604276c00a144') in 0.0571734 seconds
Number of updated asset objects reloaded before import = 0Number of asset objects unloaded after import = 1

========================================================================
Received Import Request.
  Time since last request: 0.000039 seconds.
  path: Assets/Materials/Elevator hall-floro_material.mat
  artifactKey: Guid(827d90c1b35e8ed4791786abfb26baf3) Importer(2089858483,192608db42251d675da83286b1cce702)
Start importing Assets/Materials/Elevator hall-floro_material.mat using Guid(827d90c1b35e8ed4791786abfb26baf3) Importer(2089858483,192608db42251d675da83286b1cce702) (ScriptedImporter) -> (artifact id: '0831e077260a598551f28503cf06911e') in 0.0609632 seconds
Number of updated asset objects reloaded before import = 0Number of asset objects unloaded after import = 1

========================================================================
Received Import Request.
  Time since last request: 0.000596 seconds.
  path: Assets/Materials/HazardCone1-HazCone2_groupMat.mat
  artifactKey: Guid(96001decdd62bb747b31c55c6ee1f87d) Importer(2089858483,192608db42251d675da83286b1cce702)
Start importing Assets/Materials/HazardCone1-HazCone2_groupMat.mat using Guid(96001decdd62bb747b31c55c6ee1f87d) Importer(2089858483,192608db42251d675da83286b1cce702) (ScriptedImporter) -> (artifact id: '48248d1da76ae0fa9e580561524c7c00') in 0.0534489 seconds
Number of updated asset objects reloaded before import = 0Number of asset objects unloaded after import = 1

========================================================================
Received Import Request.
  Time since last request: 0.000040 seconds.
  path: Assets/Materials/office-elevator_door2.mat
  artifactKey: Guid(241ae368f5b6b1e4aadf4db0323174f6) Importer(2089858483,192608db42251d675da83286b1cce702)
Start importing Assets/Materials/office-elevator_door2.mat using Guid(241ae368f5b6b1e4aadf4db0323174f6) Importer(2089858483,192608db42251d675da83286b1cce702) (ScriptedImporter) -> (artifact id: '8d2d8fd2080ab5b600792c63f7fbaf5d') in 0.1885992 seconds
Number of updated asset objects reloaded before import = 0Number of asset objects unloaded after import = 5

========================================================================
Received Import Request.
  Time since last request: 0.000049 seconds.
  path: Assets/Materials/office-elevator_frame1.mat
  artifactKey: Guid(c640bcb7ae13bce4fb461fb06d26d7ea) Importer(2089858483,192608db42251d675da83286b1cce702)
Start importing Assets/Materials/office-elevator_frame1.mat using Guid(c640bcb7ae13bce4fb461fb06d26d7ea) Importer(2089858483,192608db42251d675da83286b1cce702) (ScriptedImporter) -> (artifact id: '7c62ea9823e8d6a5df46c2937010e2a2') in 0.2901085 seconds
Number of updated asset objects reloaded before import = 0Number of asset objects unloaded after import = 5

========================================================================
Received Import Request.
  Time since last request: 0.000045 seconds.
  path: Assets/Materials/elevator-wall_material1.mat
  artifactKey: Guid(20cbf194f870636499cc578113fdc982) Importer(2089858483,192608db42251d675da83286b1cce702)
Start importing Assets/Materials/elevator-wall_material1.mat using Guid(20cbf194f870636499cc578113fdc982) Importer(2089858483,192608db42251d675da83286b1cce702) (ScriptedImporter) -> (artifact id: '0dd3e3742c1dd66124afac503fc9020f') in 0.1961706 seconds
Number of updated asset objects reloaded before import = 0Number of asset objects unloaded after import = 5

========================================================================
Received Import Request.
  Time since last request: 0.000038 seconds.
  path: Assets/Materials/office-trachcan_material.mat
  artifactKey: Guid(76b3f7edee884984cb22bb31fc4958a1) Importer(2089858483,192608db42251d675da83286b1cce702)
Start importing Assets/Materials/office-trachcan_material.mat using Guid(76b3f7edee884984cb22bb31fc4958a1) Importer(2089858483,192608db42251d675da83286b1cce702) (ScriptedImporter) -> (artifact id: '488afb41d61516a9e94eca08863e1a68') in 0.1815874 seconds
Number of updated asset objects reloaded before import = 0Number of asset objects unloaded after import = 4

========================================================================
Received Import Request.
  Time since last request: 0.000066 seconds.
  path: Assets/Materials/office-rug_2_material1.mat
  artifactKey: Guid(3f3c76e0152b05541b8e788c7df673be) Importer(2089858483,192608db42251d675da83286b1cce702)
Start importing Assets/Materials/office-rug_2_material1.mat using Guid(3f3c76e0152b05541b8e788c7df673be) Importer(2089858483,192608db42251d675da83286b1cce702) (ScriptedImporter) -> (artifact id: '62b8b0d2c27eee7ab2ca8d0b6001c199') in 0.2130822 seconds
Number of updated asset objects reloaded before import = 0Number of asset objects unloaded after import = 5

========================================================================
Received Import Request.
  Time since last request: 0.000043 seconds.
  path: Assets/Materials/office-plant_material1.mat
  artifactKey: Guid(5f48ba95fc451d44594c2b8c54ca6ee5) Importer(2089858483,192608db42251d675da83286b1cce702)
Start importing Assets/Materials/office-plant_material1.mat using Guid(5f48ba95fc451d44594c2b8c54ca6ee5) Importer(2089858483,192608db42251d675da83286b1cce702) (ScriptedImporter) -> (artifact id: 'dd80d4ba60630ef2a106d42c294b78a0') in 0.1677587 seconds
Number of updated asset objects reloaded before import = 0Number of asset objects unloaded after import = 5

========================================================================
Received Import Request.
  Time since last request: 0.000066 seconds.
  path: Assets/Materials/mettalica.mat
  artifactKey: Guid(6567b48abb399c84892f3d32f59fa43a) Importer(2089858483,192608db42251d675da83286b1cce702)
Start importing Assets/Materials/mettalica.mat using Guid(6567b48abb399c84892f3d32f59fa43a) Importer(2089858483,192608db42251d675da83286b1cce702) (ScriptedImporter) -> (artifact id: '66169c1a84c79764327e4689d78d6b70') in 0.0756128 seconds
Number of updated asset objects reloaded before import = 0Number of asset objects unloaded after import = 2

========================================================================
Received Import Request.
  Time since last request: 0.000045 seconds.
  path: Assets/apartment/apartment_counter_Roughness.png
  artifactKey: Guid(11f79395f1e65104c91d02f2fd5ce4a5) Importer(2089858483,192608db42251d675da83286b1cce702)
Start importing Assets/apartment/apartment_counter_Roughness.png using Guid(11f79395f1e65104c91d02f2fd5ce4a5) Importer(2089858483,192608db42251d675da83286b1cce702) (ScriptedImporter) -> (artifact id: '27c69b67f456f6c1e44ea4c7df9ba2d9') in 0.1046529 seconds
Number of updated asset objects reloaded before import = 0Number of asset objects unloaded after import = 1

========================================================================
Received Import Request.
  Time since last request: 0.000079 seconds.
  path: Assets/Materials/sign_material.mat
  artifactKey: Guid(17c9539d5c8d07a42a4875402b720302) Importer(2089858483,192608db42251d675da83286b1cce702)
Start importing Assets/Materials/sign_material.mat using Guid(17c9539d5c8d07a42a4875402b720302) Importer(2089858483,192608db42251d675da83286b1cce702) (ScriptedImporter) -> (artifact id: 'e5568f27760d2de778c9ba71281eb31b') in 0.1778424 seconds
Number of updated asset objects reloaded before import = 0Number of asset objects unloaded after import = 4

========================================================================
Received Import Request.
  Time since last request: 0.000047 seconds.
  path: Assets/Materials/office-wall_material1.mat
  artifactKey: Guid(a11f6575f756a7546ac237d206a063b9) Importer(2089858483,192608db42251d675da83286b1cce702)
Start importing Assets/Materials/office-wall_material1.mat using Guid(a11f6575f756a7546ac237d206a063b9) Importer(2089858483,192608db42251d675da83286b1cce702) (ScriptedImporter) -> (artifact id: '3dfe2fd0eeae881c44fade37282b72c4') in 0.1540008 seconds
Number of updated asset objects reloaded before import = 0Number of asset objects unloaded after import = 5

========================================================================
Received Import Request.
  Time since last request: 0.000072 seconds.
  path: Assets/Materials/office-tv_material2.mat
  artifactKey: Guid(29765b5fc8ed567489d53f9a1a48af9e) Importer(2089858483,192608db42251d675da83286b1cce702)
Start importing Assets/Materials/office-tv_material2.mat using Guid(29765b5fc8ed567489d53f9a1a48af9e) Importer(2089858483,192608db42251d675da83286b1cce702) (ScriptedImporter) -> (artifact id: 'cf58627ea54003fd5e9919355f909c19') in 0.1566837 seconds
Number of updated asset objects reloaded before import = 0Number of asset objects unloaded after import = 5

========================================================================
Received Import Request.
  Time since last request: 0.000048 seconds.
  path: Assets/Materials/elevator_door2.mat
  artifactKey: Guid(1fa36225271a9834690bbcf32b90a999) Importer(2089858483,192608db42251d675da83286b1cce702)
Start importing Assets/Materials/elevator_door2.mat using Guid(1fa36225271a9834690bbcf32b90a999) Importer(2089858483,192608db42251d675da83286b1cce702) (ScriptedImporter) -> (artifact id: 'c91912012e92f041654118f2f4c66955') in 0.0599059 seconds
Number of updated asset objects reloaded before import = 0Number of asset objects unloaded after import = 4

========================================================================
Received Import Request.
  Time since last request: 0.000044 seconds.
  path: Assets/office texture/office_chair_material1_BaseColor.png
  artifactKey: Guid(2e28fde5108e83547971e35332b43556) Importer(2089858483,192608db42251d675da83286b1cce702)
Start importing Assets/office texture/office_chair_material1_BaseColor.png using Guid(2e28fde5108e83547971e35332b43556) Importer(2089858483,192608db42251d675da83286b1cce702) (ScriptedImporter) -> (artifact id: '0785514a249e47c8f22fdbc44013f475') in 0.0586134 seconds
Number of updated asset objects reloaded before import = 0Number of asset objects unloaded after import = 1

========================================================================
Received Import Request.
  Time since last request: 0.000101 seconds.
  path: Assets/office texture/office_chair_material1_Height.png
  artifactKey: Guid(44d09267c020f8e45938e6372c6e7a00) Importer(2089858483,192608db42251d675da83286b1cce702)
Start importing Assets/office texture/office_chair_material1_Height.png using Guid(44d09267c020f8e45938e6372c6e7a00) Importer(2089858483,192608db42251d675da83286b1cce702) (ScriptedImporter) -> (artifact id: 'a5a07511a3a15ab232f2453169537878') in 0.0768989 seconds
Number of updated asset objects reloaded before import = 0Number of asset objects unloaded after import = 1

========================================================================
Received Import Request.
  Time since last request: 0.000042 seconds.
  path: Assets/Materials/tv_material2.mat
  artifactKey: Guid(143d9a201ec15324c9c3be2b0678e90b) Importer(2089858483,192608db42251d675da83286b1cce702)
Start importing Assets/Materials/tv_material2.mat using Guid(143d9a201ec15324c9c3be2b0678e90b) Importer(2089858483,192608db42251d675da83286b1cce702) (ScriptedImporter) -> (artifact id: 'f32246c220b3fb7dbe458ddc9747255a') in 0.0634748 seconds
Number of updated asset objects reloaded before import = 0Number of asset objects unloaded after import = 4

========================================================================
Received Import Request.
  Time since last request: 0.000054 seconds.
  path: Assets/Materials/vending_machine_glass1.mat
  artifactKey: Guid(3a758970dcd38b94e908fc3ef2bcd231) Importer(2089858483,192608db42251d675da83286b1cce702)
Start importing Assets/Materials/vending_machine_glass1.mat using Guid(3a758970dcd38b94e908fc3ef2bcd231) Importer(2089858483,192608db42251d675da83286b1cce702) (ScriptedImporter) -> (artifact id: '07ccd9557bffcae4be2fbe57f4178a0d') in 0.0726175 seconds
Number of updated asset objects reloaded before import = 0Number of asset objects unloaded after import = 2

========================================================================
Received Import Request.
  Time since last request: 0.000047 seconds.
  path: Assets/Materials/window_material1.mat
  artifactKey: Guid(e3f408b64c59d3349a6ff5095ae5c32f) Importer(2089858483,192608db42251d675da83286b1cce702)
Start importing Assets/Materials/window_material1.mat using Guid(e3f408b64c59d3349a6ff5095ae5c32f) Importer(2089858483,192608db42251d675da83286b1cce702) (ScriptedImporter) -> (artifact id: '1246e93b8c0eab7f531f02302cf7f51c') in 0.126689 seconds
Number of updated asset objects reloaded before import = 0Number of asset objects unloaded after import = 4

========================================================================
Received Import Request.
  Time since last request: 0.000076 seconds.
  path: Assets/office texture/leaves-plant-green-texture-11570344614j16ktkk2z8.jpg
  artifactKey: Guid(d47220e49a576084e8b1a038db6899db) Importer(2089858483,192608db42251d675da83286b1cce702)
Start importing Assets/office texture/leaves-plant-green-texture-11570344614j16ktkk2z8.jpg using Guid(d47220e49a576084e8b1a038db6899db) Importer(2089858483,192608db42251d675da83286b1cce702) (ScriptedImporter) -> (artifact id: '059533cc0643c09029ab01dc01909bbc') in 0.0973637 seconds
Number of updated asset objects reloaded before import = 0Number of asset objects unloaded after import = 1

========================================================================
Received Import Request.
  Time since last request: 0.000283 seconds.
  path: Assets/apartment/apartment_trash_Height.png
  artifactKey: Guid(2b0ffeff69dcd2b40a965af65a01de29) Importer(2089858483,192608db42251d675da83286b1cce702)
Start importing Assets/apartment/apartment_trash_Height.png using Guid(2b0ffeff69dcd2b40a965af65a01de29) Importer(2089858483,192608db42251d675da83286b1cce702) (ScriptedImporter) -> (artifact id: '7973c91ec3e2295d4e6c80c6594a55a4') in 0.092082 seconds
Number of updated asset objects reloaded before import = 0Number of asset objects unloaded after import = 1

========================================================================
Received Import Request.
  Time since last request: 0.000510 seconds.
  path: Assets/office texture/office_door_material_Roughness.png
  artifactKey: Guid(0c9e9eb1ee048264cb537686b601ba5c) Importer(2089858483,192608db42251d675da83286b1cce702)
Start importing Assets/office texture/office_door_material_Roughness.png using Guid(0c9e9eb1ee048264cb537686b601ba5c) Importer(2089858483,192608db42251d675da83286b1cce702) (ScriptedImporter) -> (artifact id: '4ba245716ed372dbd849b7ade3779597') in 0.088225 seconds
Number of updated asset objects reloaded before import = 0Number of asset objects unloaded after import = 1

========================================================================
Received Import Request.
  Time since last request: 0.000044 seconds.
  path: Assets/office texture/office_door_material_BaseColor.png
  artifactKey: Guid(a8fda1a4a6b037c41804b82c3254af1b) Importer(2089858483,192608db42251d675da83286b1cce702)
Start importing Assets/office texture/office_door_material_BaseColor.png using Guid(a8fda1a4a6b037c41804b82c3254af1b) Importer(2089858483,192608db42251d675da83286b1cce702) (ScriptedImporter) -> (artifact id: '771358dc7097eaf24f62082c5ab687ee') in 0.08763 seconds
Number of updated asset objects reloaded before import = 0Number of asset objects unloaded after import = 1

========================================================================
Received Import Request.
  Time since last request: 0.000055 seconds.
  path: Assets/office texture/office_chair_material1_Roughness.png
  artifactKey: Guid(12b2bfe6dd6d3864c91c2edbef9cae08) Importer(2089858483,192608db42251d675da83286b1cce702)
Start importing Assets/office texture/office_chair_material1_Roughness.png using Guid(12b2bfe6dd6d3864c91c2edbef9cae08) Importer(2089858483,192608db42251d675da83286b1cce702) (ScriptedImporter) -> (artifact id: 'ade363603e7a3020096f2dbf6a16fc41') in 0.059801 seconds
Number of updated asset objects reloaded before import = 0Number of asset objects unloaded after import = 1

========================================================================
Received Import Request.
  Time since last request: 0.000067 seconds.
  path: Assets/office texture/office_elevator_door1_BaseColor.png
  artifactKey: Guid(ff5f313fc1f202045a355daffbb52ca5) Importer(2089858483,192608db42251d675da83286b1cce702)
Start importing Assets/office texture/office_elevator_door1_BaseColor.png using Guid(ff5f313fc1f202045a355daffbb52ca5) Importer(2089858483,192608db42251d675da83286b1cce702) (ScriptedImporter) -> (artifact id: 'a7d393e0347924a37231d5c81f024597') in 0.1525447 seconds
Number of updated asset objects reloaded before import = 0Number of asset objects unloaded after import = 1

========================================================================
Received Import Request.
  Time since last request: 0.000041 seconds.
  path: Assets/office texture/office_elevator_door1_Roughness_Raw_ACEScg.png.tx
  artifactKey: Guid(0a623cf8e355bd74fa44d5fdf3319800) Importer(2089858483,192608db42251d675da83286b1cce702)
Start importing Assets/office texture/office_elevator_door1_Roughness_Raw_ACEScg.png.tx using Guid(0a623cf8e355bd74fa44d5fdf3319800) Importer(2089858483,192608db42251d675da83286b1cce702) (ScriptedImporter) -> (artifact id: 'd799d4d5ed26ba45998602f051f9d5ce') in 0.0302774 seconds
Number of updated asset objects reloaded before import = 0Number of asset objects unloaded after import = 1

========================================================================
Received Import Request.
  Time since last request: 0.000065 seconds.
  path: Assets/office texture/office_elevator_frame_BaseColor_sRGB_ACEScg.png.tx
  artifactKey: Guid(37d193042c2051f4f8e71f5016cf2460) Importer(2089858483,192608db42251d675da83286b1cce702)
Start importing Assets/office texture/office_elevator_frame_BaseColor_sRGB_ACEScg.png.tx using Guid(37d193042c2051f4f8e71f5016cf2460) Importer(2089858483,192608db42251d675da83286b1cce702) (ScriptedImporter) -> (artifact id: 'c12f5f74203c73e9e7f2d79616afb9c4') in 0.0396389 seconds
Number of updated asset objects reloaded before import = 0Number of asset objects unloaded after import = 1

========================================================================
Received Import Request.
  Time since last request: 0.000164 seconds.
  path: Assets/office texture/office_door_material_Normal_Raw_ACEScg.png.tx
  artifactKey: Guid(f86b387e1b6c1bc4992194373a8f785a) Importer(2089858483,192608db42251d675da83286b1cce702)
Start importing Assets/office texture/office_door_material_Normal_Raw_ACEScg.png.tx using Guid(f86b387e1b6c1bc4992194373a8f785a) Importer(2089858483,192608db42251d675da83286b1cce702) (ScriptedImporter) -> (artifact id: '5f77a7efbb4154426da908addbb8960a') in 0.0281424 seconds
Number of updated asset objects reloaded before import = 0Number of asset objects unloaded after import = 1

========================================================================
Received Import Request.
  Time since last request: 0.000435 seconds.
  path: Assets/apartment/apartment_wall_Roughness.png
  artifactKey: Guid(40eeab1601c48c846ade63b9821cb447) Importer(2089858483,192608db42251d675da83286b1cce702)
Start importing Assets/apartment/apartment_wall_Roughness.png using Guid(40eeab1601c48c846ade63b9821cb447) Importer(2089858483,192608db42251d675da83286b1cce702) (ScriptedImporter) -> (artifact id: 'fd946662eb1ce56c4e77f6319ad0b0cd') in 0.0856464 seconds
Number of updated asset objects reloaded before import = 0Number of asset objects unloaded after import = 1

========================================================================
Received Import Request.
  Time since last request: 0.000041 seconds.
  path: Assets/office texture/office_elevator_frame_Roughness_Raw_ACEScg.png.tx
  artifactKey: Guid(6792624ae4159b448a782cd5ff41b1ea) Importer(2089858483,192608db42251d675da83286b1cce702)
Start importing Assets/office texture/office_elevator_frame_Roughness_Raw_ACEScg.png.tx using Guid(6792624ae4159b448a782cd5ff41b1ea) Importer(2089858483,192608db42251d675da83286b1cce702) (ScriptedImporter) -> (artifact id: '5bbe9bfef424cb4e378ab81fe8167cb4') in 0.0379951 seconds
Number of updated asset objects reloaded before import = 0Number of asset objects unloaded after import = 1

========================================================================
Received Import Request.
  Time since last request: 0.000255 seconds.
  path: Assets/office texture/office_frame_material_BaseColor_sRGB_ACEScg.png.tx
  artifactKey: Guid(6493d70f230e70349b0fb1c763e5f2d3) Importer(2089858483,192608db42251d675da83286b1cce702)
Start importing Assets/office texture/office_frame_material_BaseColor_sRGB_ACEScg.png.tx using Guid(6493d70f230e70349b0fb1c763e5f2d3) Importer(2089858483,192608db42251d675da83286b1cce702) (ScriptedImporter) -> (artifact id: 'd9e6338659648b7e574542ff200dd7a4') in 0.0467247 seconds
Number of updated asset objects reloaded before import = 0Number of asset objects unloaded after import = 1

========================================================================
Received Import Request.
  Time since last request: 0.000053 seconds.
  path: Assets/office texture/office_frame_material_Normal.png
  artifactKey: Guid(c27342ea214d7a440b85e7f6ad3ffa96) Importer(2089858483,192608db42251d675da83286b1cce702)
Start importing Assets/office texture/office_frame_material_Normal.png using Guid(c27342ea214d7a440b85e7f6ad3ffa96) Importer(2089858483,192608db42251d675da83286b1cce702) (ScriptedImporter) -> (artifact id: 'f801b1f43869631b390ada6c8c4b5ba8') in 0.0623205 seconds
Number of updated asset objects reloaded before import = 0Number of asset objects unloaded after import = 1

========================================================================
Received Import Request.
  Time since last request: 0.000178 seconds.
  path: Assets/office texture/office_elevator_frame_Metallic_Raw_ACEScg.png.tx
  artifactKey: Guid(1e6175afd294c584fb95a09cfa116a58) Importer(2089858483,192608db42251d675da83286b1cce702)
Start importing Assets/office texture/office_elevator_frame_Metallic_Raw_ACEScg.png.tx using Guid(1e6175afd294c584fb95a09cfa116a58) Importer(2089858483,192608db42251d675da83286b1cce702) (ScriptedImporter) -> (artifact id: '190b793cbc7da0126caa29d4abe7d35d') in 0.0329463 seconds
Number of updated asset objects reloaded before import = 0Number of asset objects unloaded after import = 1

========================================================================
Received Import Request.
  Time since last request: 0.000129 seconds.
  path: Assets/office texture/office_floor_material_BaseColor.png
  artifactKey: Guid(a29a30a007f1c6042a3afa9159f359d0) Importer(2089858483,192608db42251d675da83286b1cce702)
Start importing Assets/office texture/office_floor_material_BaseColor.png using Guid(a29a30a007f1c6042a3afa9159f359d0) Importer(2089858483,192608db42251d675da83286b1cce702) (ScriptedImporter) -> (artifact id: '8803e3d8ab3376a4c181659a63a4c362') in 0.0734554 seconds
Number of updated asset objects reloaded before import = 0Number of asset objects unloaded after import = 1

========================================================================
Received Import Request.
  Time since last request: 0.000064 seconds.
  path: Assets/office texture/office_floor_material_Normal.png
  artifactKey: Guid(1612a348e1222cf479bc1dafd6328226) Importer(2089858483,192608db42251d675da83286b1cce702)
Start importing Assets/office texture/office_floor_material_Normal.png using Guid(1612a348e1222cf479bc1dafd6328226) Importer(2089858483,192608db42251d675da83286b1cce702) (ScriptedImporter) -> (artifact id: 'efc0ba2f1b09a2daaa33a3cb27e6e90c') in 0.0627432 seconds
Number of updated asset objects reloaded before import = 0Number of asset objects unloaded after import = 1

========================================================================
Received Import Request.
  Time since last request: 0.000045 seconds.
  path: Assets/office texture/office_floor_material_Roughness_Raw_ACEScg.png.tx
  artifactKey: Guid(bc1ac06fba1ba0345baccc0a5917352b) Importer(2089858483,192608db42251d675da83286b1cce702)
Start importing Assets/office texture/office_floor_material_Roughness_Raw_ACEScg.png.tx using Guid(bc1ac06fba1ba0345baccc0a5917352b) Importer(2089858483,192608db42251d675da83286b1cce702) (ScriptedImporter) -> (artifact id: '3d8d644999b709765e2aed4daf6e226a') in 0.0295191 seconds
Number of updated asset objects reloaded before import = 0Number of asset objects unloaded after import = 1

========================================================================
Received Import Request.
  Time since last request: 0.000085 seconds.
  path: Assets/apartment/apartment_lamp_Roughness.png
  artifactKey: Guid(d2b311fc15812624a95f0fc3f45d17ad) Importer(2089858483,192608db42251d675da83286b1cce702)
Start importing Assets/apartment/apartment_lamp_Roughness.png using Guid(d2b311fc15812624a95f0fc3f45d17ad) Importer(2089858483,192608db42251d675da83286b1cce702) (ScriptedImporter) -> (artifact id: 'b84f37beec6f289687ffcc653b334eff') in 0.073498 seconds
Number of updated asset objects reloaded before import = 0Number of asset objects unloaded after import = 1

========================================================================
Received Import Request.
  Time since last request: 0.000206 seconds.
  path: Assets/Materials/elevator-floor_material1.mat
  artifactKey: Guid(bc2e3008cea63804d846c1ced789081b) Importer(2089858483,192608db42251d675da83286b1cce702)
Start importing Assets/Materials/elevator-floor_material1.mat using Guid(bc2e3008cea63804d846c1ced789081b) Importer(2089858483,192608db42251d675da83286b1cce702) (ScriptedImporter) -> (artifact id: 'bbe9bb7cf3bcb03559714357e10ca809') in 0.0863213 seconds
Number of updated asset objects reloaded before import = 0Number of asset objects unloaded after import = 5

========================================================================
Received Import Request.
  Time since last request: 0.000041 seconds.
  path: Assets/office texture/office_front_desk_material_Height.png
  artifactKey: Guid(a57cc5c984ec4474883455b073def314) Importer(2089858483,192608db42251d675da83286b1cce702)
Start importing Assets/office texture/office_front_desk_material_Height.png using Guid(a57cc5c984ec4474883455b073def314) Importer(2089858483,192608db42251d675da83286b1cce702) (ScriptedImporter) -> (artifact id: 'cd8e8fe6b94a0e66a6aa85ac0c1f12c2') in 0.0850117 seconds
Number of updated asset objects reloaded before import = 0Number of asset objects unloaded after import = 1

========================================================================
Received Import Request.
  Time since last request: 0.000511 seconds.
  path: Assets/Elevator hall/Elevator hall_door_knob_material_Normal.png
  artifactKey: Guid(5f8cdbe9a948ee349a13e029d0d4cac3) Importer(2089858483,192608db42251d675da83286b1cce702)
Start importing Assets/Elevator hall/Elevator hall_door_knob_material_Normal.png using Guid(5f8cdbe9a948ee349a13e029d0d4cac3) Importer(2089858483,192608db42251d675da83286b1cce702) (ScriptedImporter) -> (artifact id: '84c7f9cc8904d81049833249ace2cad7') in 0.0532953 seconds
Number of updated asset objects reloaded before import = 0Number of asset objects unloaded after import = 1

========================================================================
Received Import Request.
  Time since last request: 0.000039 seconds.
  path: Assets/office texture/office_key_hole_material_Normal.png
  artifactKey: Guid(7f05be027de949c429f43fa1a8cbee25) Importer(2089858483,192608db42251d675da83286b1cce702)
Start importing Assets/office texture/office_key_hole_material_Normal.png using Guid(7f05be027de949c429f43fa1a8cbee25) Importer(2089858483,192608db42251d675da83286b1cce702) (ScriptedImporter) -> (artifact id: 'f67880c1e65837dba71011e0cc0f0793') in 0.0521814 seconds
Number of updated asset objects reloaded before import = 0Number of asset objects unloaded after import = 1

========================================================================
Received Import Request.
  Time since last request: 0.000035 seconds.
  path: Assets/office texture/office_key_hole_material_Roughness.png
  artifactKey: Guid(946c1583b3af67845be30b49da27ee78) Importer(2089858483,192608db42251d675da83286b1cce702)
Start importing Assets/office texture/office_key_hole_material_Roughness.png using Guid(946c1583b3af67845be30b49da27ee78) Importer(2089858483,192608db42251d675da83286b1cce702) (ScriptedImporter) -> (artifact id: '8e2d10ab69f567e2cb8fb1ea54669c61') in 0.0538367 seconds
Number of updated asset objects reloaded before import = 0Number of asset objects unloaded after import = 1

========================================================================
Received Import Request.
  Time since last request: 0.000035 seconds.
  path: Assets/office texture/office_front_desk_material_Metallic.png
  artifactKey: Guid(6af2a344814333848a95fe4918d7f9e3) Importer(2089858483,192608db42251d675da83286b1cce702)
Start importing Assets/office texture/office_front_desk_material_Metallic.png using Guid(6af2a344814333848a95fe4918d7f9e3) Importer(2089858483,192608db42251d675da83286b1cce702) (ScriptedImporter) -> (artifact id: '893fe56acb6a2b0d3f57fae876d0ea55') in 0.0607572 seconds
Number of updated asset objects reloaded before import = 0Number of asset objects unloaded after import = 1

========================================================================
Received Import Request.
  Time since last request: 0.000407 seconds.
  path: Assets/office texture/office_key_hole_material_Height.png
  artifactKey: Guid(e40d067a56114f64dad851b2f961336b) Importer(2089858483,192608db42251d675da83286b1cce702)
Start importing Assets/office texture/office_key_hole_material_Height.png using Guid(e40d067a56114f64dad851b2f961336b) Importer(2089858483,192608db42251d675da83286b1cce702) (ScriptedImporter) -> (artifact id: '593c83813cebc11eeb08bd734d4011c5') in 0.0710748 seconds
Number of updated asset objects reloaded before import = 0Number of asset objects unloaded after import = 1

========================================================================
Received Import Request.
  Time since last request: 0.000069 seconds.
  path: Assets/office texture/office_key_hole_material_Normal_Raw_ACEScg.png.tx
  artifactKey: Guid(6b801e834887e1c4d8e0c69a3ccaa576) Importer(2089858483,192608db42251d675da83286b1cce702)
Start importing Assets/office texture/office_key_hole_material_Normal_Raw_ACEScg.png.tx using Guid(6b801e834887e1c4d8e0c69a3ccaa576) Importer(2089858483,192608db42251d675da83286b1cce702) (ScriptedImporter) -> (artifact id: '92a81092f7af079505feac48d5bf1a2a') in 0.0299427 seconds
Number of updated asset objects reloaded before import = 0Number of asset objects unloaded after import = 1

========================================================================
Received Import Request.
  Time since last request: 0.000062 seconds.
  path: Assets/office texture/office_key_hole_material_Metallic_Raw_ACEScg.png.tx
  artifactKey: Guid(f508aabb0eb5a70408dd315a654690fa) Importer(2089858483,192608db42251d675da83286b1cce702)
Start importing Assets/office texture/office_key_hole_material_Metallic_Raw_ACEScg.png.tx using Guid(f508aabb0eb5a70408dd315a654690fa) Importer(2089858483,192608db42251d675da83286b1cce702) (ScriptedImporter) -> (artifact id: 'ba3dac7aa4724a3709846962097fb639') in 0.0309065 seconds
Number of updated asset objects reloaded before import = 0Number of asset objects unloaded after import = 1

========================================================================
Received Import Request.
  Time since last request: 0.000146 seconds.
  path: Assets/office texture/office_front_desk_material_Roughness_Raw_ACEScg.png.tx
  artifactKey: Guid(5f64a1b04b896af4e9e503ab632dba60) Importer(2089858483,192608db42251d675da83286b1cce702)
Start importing Assets/office texture/office_front_desk_material_Roughness_Raw_ACEScg.png.tx using Guid(5f64a1b04b896af4e9e503ab632dba60) Importer(2089858483,192608db42251d675da83286b1cce702) (ScriptedImporter) -> (artifact id: '50ddd646f8a65e9d383ce2b907f0db42') in 0.0309337 seconds
Number of updated asset objects reloaded before import = 0Number of asset objects unloaded after import = 1

========================================================================
Received Import Request.
  Time since last request: 0.000146 seconds.
  path: Assets/Elevator hall/Elevator hall_door_material_Normal.png
  artifactKey: Guid(e1885528af4e7de45a5d3195f16129e0) Importer(2089858483,192608db42251d675da83286b1cce702)
Start importing Assets/Elevator hall/Elevator hall_door_material_Normal.png using Guid(e1885528af4e7de45a5d3195f16129e0) Importer(2089858483,192608db42251d675da83286b1cce702) (ScriptedImporter) -> (artifact id: '8ebb4cca748061d0d6cdb7a9e7ee76a6') in 0.0590185 seconds
Number of updated asset objects reloaded before import = 0Number of asset objects unloaded after import = 1

========================================================================
Received Import Request.
  Time since last request: 0.000052 seconds.
  path: Assets/Elevator hall/Elevator hall_plaque_material_Metallic.png
  artifactKey: Guid(fcd9f994f042868489e203cc691aa9aa) Importer(2089858483,192608db42251d675da83286b1cce702)
Start importing Assets/Elevator hall/Elevator hall_plaque_material_Metallic.png using Guid(fcd9f994f042868489e203cc691aa9aa) Importer(2089858483,192608db42251d675da83286b1cce702) (ScriptedImporter) -> (artifact id: '07cc80dd4d83e4758f70634a73ef3c3f') in 0.049346 seconds
Number of updated asset objects reloaded before import = 0Number of asset objects unloaded after import = 1

========================================================================
Received Import Request.
  Time since last request: 0.000082 seconds.
  path: Assets/office texture/office_rug_2_material_Height.png
  artifactKey: Guid(4666f1512b9d31f42ac4e36eefce6dd0) Importer(2089858483,192608db42251d675da83286b1cce702)
Start importing Assets/office texture/office_rug_2_material_Height.png using Guid(4666f1512b9d31f42ac4e36eefce6dd0) Importer(2089858483,192608db42251d675da83286b1cce702) (ScriptedImporter) -> (artifact id: 'b325a00fecec84333f0698d8f29cc877') in 0.0763674 seconds
Number of updated asset objects reloaded before import = 0Number of asset objects unloaded after import = 1

========================================================================
Received Import Request.
  Time since last request: 0.000043 seconds.
  path: Assets/office texture/office_photo_material_Roughness.png
  artifactKey: Guid(cf4f3d5a031029642928e223917b5223) Importer(2089858483,192608db42251d675da83286b1cce702)
Start importing Assets/office texture/office_photo_material_Roughness.png using Guid(cf4f3d5a031029642928e223917b5223) Importer(2089858483,192608db42251d675da83286b1cce702) (ScriptedImporter) -> (artifact id: 'c6b716c58764dd675e6f047ab3a9deb5') in 0.0767707 seconds
Number of updated asset objects reloaded before import = 0Number of asset objects unloaded after import = 1

========================================================================
Received Import Request.
  Time since last request: 0.000032 seconds.
  path: Assets/office texture/office_rug_2_material_Normal_Raw_ACEScg.png.tx
  artifactKey: Guid(506a3c1d636410342b328c7782ef3c22) Importer(2089858483,192608db42251d675da83286b1cce702)
Start importing Assets/office texture/office_rug_2_material_Normal_Raw_ACEScg.png.tx using Guid(506a3c1d636410342b328c7782ef3c22) Importer(2089858483,192608db42251d675da83286b1cce702) (ScriptedImporter) -> (artifact id: '87310ad77636ac39eaa6cce664faada5') in 0.0402039 seconds
Number of updated asset objects reloaded before import = 0Number of asset objects unloaded after import = 1

========================================================================
Received Import Request.
  Time since last request: 0.000043 seconds.
  path: Assets/office texture/office_mail_box_material_Roughness_Raw_ACEScg.png.tx
  artifactKey: Guid(7746acc8385810b47a9760b469378e2f) Importer(2089858483,192608db42251d675da83286b1cce702)
Start importing Assets/office texture/office_mail_box_material_Roughness_Raw_ACEScg.png.tx using Guid(7746acc8385810b47a9760b469378e2f) Importer(2089858483,192608db42251d675da83286b1cce702) (ScriptedImporter) -> (artifact id: '1e50ff5177054df331ecb2a5f99ec8ce') in 0.0286544 seconds
Number of updated asset objects reloaded before import = 0Number of asset objects unloaded after import = 1

========================================================================
Received Import Request.
  Time since last request: 0.000491 seconds.
  path: Assets/office texture/office_mail_box_material_Roughness.png
  artifactKey: Guid(344c977326cbd434fbdd6f3d0e36a9dc) Importer(2089858483,192608db42251d675da83286b1cce702)
Start importing Assets/office texture/office_mail_box_material_Roughness.png using Guid(344c977326cbd434fbdd6f3d0e36a9dc) Importer(2089858483,192608db42251d675da83286b1cce702) (ScriptedImporter) -> (artifact id: 'a0374366a08c360cb636a6facb6a27f2') in 0.0592267 seconds
Number of updated asset objects reloaded before import = 0Number of asset objects unloaded after import = 1

========================================================================
Received Import Request.
  Time since last request: 0.000036 seconds.
  path: Assets/office texture/office_rug_2_material_Metallic_Raw_ACEScg.png.tx
  artifactKey: Guid(77d820a21660df249bdb440a66f1be76) Importer(2089858483,192608db42251d675da83286b1cce702)
Start importing Assets/office texture/office_rug_2_material_Metallic_Raw_ACEScg.png.tx using Guid(77d820a21660df249bdb440a66f1be76) Importer(2089858483,192608db42251d675da83286b1cce702) (ScriptedImporter) -> (artifact id: 'c32246e4ad03f9a994a1d53aa46b975a') in 0.036124 seconds
Number of updated asset objects reloaded before import = 0Number of asset objects unloaded after import = 1

========================================================================
Received Import Request.
  Time since last request: 0.000040 seconds.
  path: Assets/office texture/office_rug_2_material_Roughness.png
  artifactKey: Guid(841c6152e49b22847a8f76cb282eca19) Importer(2089858483,192608db42251d675da83286b1cce702)
Start importing Assets/office texture/office_rug_2_material_Roughness.png using Guid(841c6152e49b22847a8f76cb282eca19) Importer(2089858483,192608db42251d675da83286b1cce702) (ScriptedImporter) -> (artifact id: '8b18b2f0f872bdab5ddd36a26e90b68f') in 0.0606683 seconds
Number of updated asset objects reloaded before import = 0Number of asset objects unloaded after import = 1

========================================================================
Received Import Request.
  Time since last request: 0.000112 seconds.
  path: Assets/office texture/office_plant_material_BaseColor.png
  artifactKey: Guid(0fcbdd18f643a974f8529545104d50fb) Importer(2089858483,192608db42251d675da83286b1cce702)
Start importing Assets/office texture/office_plant_material_BaseColor.png using Guid(0fcbdd18f643a974f8529545104d50fb) Importer(2089858483,192608db42251d675da83286b1cce702) (ScriptedImporter) -> (artifact id: 'd83bc382677b3759cccb3856082530b8') in 0.0562669 seconds
Number of updated asset objects reloaded before import = 0Number of asset objects unloaded after import = 1

========================================================================
Received Import Request.
  Time since last request: 0.000049 seconds.
  path: Assets/office texture/office_rug_material_Normal.png
  artifactKey: Guid(6f6fd9be6e1bbea448eba64879782b93) Importer(2089858483,192608db42251d675da83286b1cce702)
Start importing Assets/office texture/office_rug_material_Normal.png using Guid(6f6fd9be6e1bbea448eba64879782b93) Importer(2089858483,192608db42251d675da83286b1cce702) (ScriptedImporter) -> (artifact id: 'bff192ff7666afa49bbe5538db3742d2') in 0.0778627 seconds
Number of updated asset objects reloaded before import = 0Number of asset objects unloaded after import = 1

========================================================================
Received Import Request.
  Time since last request: 0.000062 seconds.
  path: Assets/office texture/office_sign_material1_Roughness_Raw_ACEScg.png.tx
  artifactKey: Guid(6c97bc37f6284ef419aa5b535c934733) Importer(2089858483,192608db42251d675da83286b1cce702)
Start importing Assets/office texture/office_sign_material1_Roughness_Raw_ACEScg.png.tx using Guid(6c97bc37f6284ef419aa5b535c934733) Importer(2089858483,192608db42251d675da83286b1cce702) (ScriptedImporter) -> (artifact id: '2189014bd67eee80e8c04bb81f416dc4') in 0.0458201 seconds
Number of updated asset objects reloaded before import = 0Number of asset objects unloaded after import = 1

========================================================================
Received Import Request.
  Time since last request: 0.000037 seconds.
  path: Assets/office texture/office_sign_material1_BaseColor_sRGB_ACEScg.png.tx
  artifactKey: Guid(8743871ff7c17394dbc6128b4d650fce) Importer(2089858483,192608db42251d675da83286b1cce702)
Start importing Assets/office texture/office_sign_material1_BaseColor_sRGB_ACEScg.png.tx using Guid(8743871ff7c17394dbc6128b4d650fce) Importer(2089858483,192608db42251d675da83286b1cce702) (ScriptedImporter) -> (artifact id: 'bf339ddd5b4d4679d847fcc99f5a02dc') in 0.0321695 seconds
Number of updated asset objects reloaded before import = 0Number of asset objects unloaded after import = 1

========================================================================
Received Import Request.
  Time since last request: 0.000035 seconds.
  path: Assets/office texture/office_sign_material1_Metallic.png
  artifactKey: Guid(02eeb77cf30a6ee41bf29d4e7197c01a) Importer(2089858483,192608db42251d675da83286b1cce702)
Start importing Assets/office texture/office_sign_material1_Metallic.png using Guid(02eeb77cf30a6ee41bf29d4e7197c01a) Importer(2089858483,192608db42251d675da83286b1cce702) (ScriptedImporter) -> (artifact id: '45de09f1eb82b139d705dee3f022b0d6') in 0.0539905 seconds
Number of updated asset objects reloaded before import = 0Number of asset objects unloaded after import = 1

========================================================================
Received Import Request.
  Time since last request: 0.000093 seconds.
  path: Assets/office texture/office_table_material_Normal.png
  artifactKey: Guid(2e7826b2add77a042b4beb458085a4ed) Importer(2089858483,192608db42251d675da83286b1cce702)
Start importing Assets/office texture/office_table_material_Normal.png using Guid(2e7826b2add77a042b4beb458085a4ed) Importer(2089858483,192608db42251d675da83286b1cce702) (ScriptedImporter) -> (artifact id: 'e54f8c9277338ecdd33d8257f4a727ae') in 0.0756934 seconds
Number of updated asset objects reloaded before import = 0Number of asset objects unloaded after import = 1

========================================================================
Received Import Request.
  Time since last request: 0.000079 seconds.
  path: Assets/office texture/office_sign_material1_Normal_Raw_ACEScg.png.tx
  artifactKey: Guid(87d7e7e97ba982c4ab23ab662e5b5b7e) Importer(2089858483,192608db42251d675da83286b1cce702)
Start importing Assets/office texture/office_sign_material1_Normal_Raw_ACEScg.png.tx using Guid(87d7e7e97ba982c4ab23ab662e5b5b7e) Importer(2089858483,192608db42251d675da83286b1cce702) (ScriptedImporter) -> (artifact id: 'f86107590b3d7bd46bd4a328af3867d1') in 0.0261043 seconds
Number of updated asset objects reloaded before import = 0Number of asset objects unloaded after import = 1

========================================================================
Received Import Request.
  Time since last request: 0.000106 seconds.
  path: Assets/office texture/office_sign_material1_BaseColor.png
  artifactKey: Guid(7b948668de2fc60479d254366d4e9ea2) Importer(2089858483,192608db42251d675da83286b1cce702)
Start importing Assets/office texture/office_sign_material1_BaseColor.png using Guid(7b948668de2fc60479d254366d4e9ea2) Importer(2089858483,192608db42251d675da83286b1cce702) (ScriptedImporter) -> (artifact id: '822a1502fcbe2e4149e157d5e84f9462') in 0.0541918 seconds
Number of updated asset objects reloaded before import = 0Number of asset objects unloaded after import = 1

========================================================================
Received Import Request.
  Time since last request: 0.000042 seconds.
  path: Assets/office texture/office_sign_material1_Roughness.png
  artifactKey: Guid(e1f366cc89935324481d73cb1f666ae1) Importer(2089858483,192608db42251d675da83286b1cce702)
Start importing Assets/office texture/office_sign_material1_Roughness.png using Guid(e1f366cc89935324481d73cb1f666ae1) Importer(2089858483,192608db42251d675da83286b1cce702) (ScriptedImporter) -> (artifact id: '46d7348ef34d0c32dac11adfd69a5372') in 0.0580493 seconds
Number of updated asset objects reloaded before import = 0Number of asset objects unloaded after import = 1

========================================================================
Received Import Request.
  Time since last request: 0.000034 seconds.
  path: Assets/Elevator hall/Elevator hall_plaque_material_Height.png
  artifactKey: Guid(16a52119c61cdbb44ac06118f784c23f) Importer(2089858483,192608db42251d675da83286b1cce702)
Start importing Assets/Elevator hall/Elevator hall_plaque_material_Height.png using Guid(16a52119c61cdbb44ac06118f784c23f) Importer(2089858483,192608db42251d675da83286b1cce702) (ScriptedImporter) -> (artifact id: '576eadabd7cbf8d6cf6631a46aaf396d') in 0.0748501 seconds
Number of updated asset objects reloaded before import = 0Number of asset objects unloaded after import = 1

========================================================================
Received Import Request.
  Time since last request: 0.000045 seconds.
  path: Assets/office texture/office_tv_screen_material_Normal.png
  artifactKey: Guid(100a442a38e29504a8d275f842197e0e) Importer(2089858483,192608db42251d675da83286b1cce702)
Start importing Assets/office texture/office_tv_screen_material_Normal.png using Guid(100a442a38e29504a8d275f842197e0e) Importer(2089858483,192608db42251d675da83286b1cce702) (ScriptedImporter) -> (artifact id: '24f62f266165761640657add85218c0d') in 0.0790965 seconds
Number of updated asset objects reloaded before import = 0Number of asset objects unloaded after import = 1

========================================================================
Received Import Request.
  Time since last request: 0.000051 seconds.
  path: Assets/office texture/office_wall_material_BaseColor.png
  artifactKey: Guid(47021b642e03b8846a13d846391c7b2d) Importer(2089858483,192608db42251d675da83286b1cce702)
Start importing Assets/office texture/office_wall_material_BaseColor.png using Guid(47021b642e03b8846a13d846391c7b2d) Importer(2089858483,192608db42251d675da83286b1cce702) (ScriptedImporter) -> (artifact id: 'e5a693dda43728d310fbcae37540ddff') in 0.0867861 seconds
Number of updated asset objects reloaded before import = 0Number of asset objects unloaded after import = 1

========================================================================
Received Import Request.
  Time since last request: 0.000060 seconds.
  path: Assets/office texture/office_vending_machine_material_Normal_Raw_ACEScg.png.tx
  artifactKey: Guid(37a25bc3f123fc94ba433883ee3f53c0) Importer(2089858483,192608db42251d675da83286b1cce702)
Start importing Assets/office texture/office_vending_machine_material_Normal_Raw_ACEScg.png.tx using Guid(37a25bc3f123fc94ba433883ee3f53c0) Importer(2089858483,192608db42251d675da83286b1cce702) (ScriptedImporter) -> (artifact id: 'd7375d039a7f595e5ec39aa16a6ecaaf') in 0.0302024 seconds
Number of updated asset objects reloaded before import = 0Number of asset objects unloaded after import = 1

========================================================================
Received Import Request.
  Time since last request: 0.000038 seconds.
  path: Assets/office texture/office_vending_machine_glass1_Roughness.png
  artifactKey: Guid(705c4dc35a04e1d41acf8a27d1811e8e) Importer(2089858483,192608db42251d675da83286b1cce702)
Start importing Assets/office texture/office_vending_machine_glass1_Roughness.png using Guid(705c4dc35a04e1d41acf8a27d1811e8e) Importer(2089858483,192608db42251d675da83286b1cce702) (ScriptedImporter) -> (artifact id: '0add11ef02f29d865d71f3828b641c8a') in 0.0690696 seconds
Number of updated asset objects reloaded before import = 0Number of asset objects unloaded after import = 1

========================================================================
Received Import Request.
  Time since last request: 0.000041 seconds.
  path: Assets/office texture/office_vending_machine_material_Height.png
  artifactKey: Guid(2b1edeedae7a6be4ebc5eb25bb651a6d) Importer(2089858483,192608db42251d675da83286b1cce702)
Start importing Assets/office texture/office_vending_machine_material_Height.png using Guid(2b1edeedae7a6be4ebc5eb25bb651a6d) Importer(2089858483,192608db42251d675da83286b1cce702) (ScriptedImporter) -> (artifact id: '010f59348b4b73a2c31435ca5b03c0f0') in 0.0808512 seconds
Number of updated asset objects reloaded before import = 0Number of asset objects unloaded after import = 1

========================================================================
Received Import Request.
  Time since last request: 0.000035 seconds.
  path: Assets/office texture/office_tv_material_Metallic_Raw_ACEScg.png.tx
  artifactKey: Guid(7698ed31c0421df48b6a9d0d1111b241) Importer(2089858483,192608db42251d675da83286b1cce702)
Start importing Assets/office texture/office_tv_material_Metallic_Raw_ACEScg.png.tx using Guid(7698ed31c0421df48b6a9d0d1111b241) Importer(2089858483,192608db42251d675da83286b1cce702) (ScriptedImporter) -> (artifact id: 'd5e6bad842c68906fe007a988c63a7ae') in 0.0279438 seconds
Number of updated asset objects reloaded before import = 0Number of asset objects unloaded after import = 1

========================================================================
Received Import Request.
  Time since last request: 0.000047 seconds.
  path: Assets/office texture/office_tv_screen_material_Height.png
  artifactKey: Guid(a196795841cf86d4991b83642729a581) Importer(2089858483,192608db42251d675da83286b1cce702)
Start importing Assets/office texture/office_tv_screen_material_Height.png using Guid(a196795841cf86d4991b83642729a581) Importer(2089858483,192608db42251d675da83286b1cce702) (ScriptedImporter) -> (artifact id: '606148a911e5c008394b02fb88efd19a') in 0.07613 seconds
Number of updated asset objects reloaded before import = 0Number of asset objects unloaded after import = 1

========================================================================
Received Import Request.
  Time since last request: 0.000055 seconds.
  path: Assets/office texture/office_tv_material_Metallic.png
  artifactKey: Guid(4e43913a5a81a6c489b6513db65bb190) Importer(2089858483,192608db42251d675da83286b1cce702)
Start importing Assets/office texture/office_tv_material_Metallic.png using Guid(4e43913a5a81a6c489b6513db65bb190) Importer(2089858483,192608db42251d675da83286b1cce702) (ScriptedImporter) -> (artifact id: 'aed6ca019f7ff9cc2d587d9c937abf99') in 0.0723269 seconds
Number of updated asset objects reloaded before import = 0Number of asset objects unloaded after import = 1

========================================================================
Received Import Request.
  Time since last request: 0.000051 seconds.
  path: Assets/office texture/painting .png
  artifactKey: Guid(feb912dea3c5f12459911f587a5c0913) Importer(2089858483,192608db42251d675da83286b1cce702)
Start importing Assets/office texture/painting .png using Guid(feb912dea3c5f12459911f587a5c0913) Importer(2089858483,192608db42251d675da83286b1cce702) (ScriptedImporter) -> (artifact id: '436c0c47bfd2aed0cd9aaac68d8f2937') in 0.0577119 seconds
Number of updated asset objects reloaded before import = 0Number of asset objects unloaded after import = 1

========================================================================
Received Import Request.
  Time since last request: 0.000040 seconds.
  path: Assets/office texture/office_window_material_Normal_Raw_ACEScg.png.tx
  artifactKey: Guid(8dfad2c62059d1641b7eedae211ff167) Importer(2089858483,192608db42251d675da83286b1cce702)
Start importing Assets/office texture/office_window_material_Normal_Raw_ACEScg.png.tx using Guid(8dfad2c62059d1641b7eedae211ff167) Importer(2089858483,192608db42251d675da83286b1cce702) (ScriptedImporter) -> (artifact id: '07d4813bcdde06591af0a93e2ae01167') in 0.0288935 seconds
Number of updated asset objects reloaded before import = 0Number of asset objects unloaded after import = 1

========================================================================
Received Import Request.
  Time since last request: 0.000132 seconds.
  path: Assets/office texture/office_wall_material_Metallic.png
  artifactKey: Guid(db49b17d0bc49f94ca06005544daee71) Importer(2089858483,192608db42251d675da83286b1cce702)
Start importing Assets/office texture/office_wall_material_Metallic.png using Guid(db49b17d0bc49f94ca06005544daee71) Importer(2089858483,192608db42251d675da83286b1cce702) (ScriptedImporter) -> (artifact id: '71ce96b1b9f704fb8bb0054c69af7e13') in 0.0558879 seconds
Number of updated asset objects reloaded before import = 0Number of asset objects unloaded after import = 1

========================================================================
Received Import Request.
  Time since last request: 0.000044 seconds.
  path: Assets/office texture/office_window_material_BaseColor_sRGB_ACEScg.png.tx
  artifactKey: Guid(7bf3f1c12a021ce46a1bf75a7e18316e) Importer(2089858483,192608db42251d675da83286b1cce702)
Start importing Assets/office texture/office_window_material_BaseColor_sRGB_ACEScg.png.tx using Guid(7bf3f1c12a021ce46a1bf75a7e18316e) Importer(2089858483,192608db42251d675da83286b1cce702) (ScriptedImporter) -> (artifact id: 'a96f327dcf115959cd21f7529e8092e8') in 0.0296547 seconds
Number of updated asset objects reloaded before import = 0Number of asset objects unloaded after import = 1

========================================================================
Received Import Request.
  Time since last request: 0.000487 seconds.
  path: Assets/office texture/office_window_material_Metallic_Raw_ACEScg.png.tx
  artifactKey: Guid(b8ee698f4ba662f4ab47a22b6fb7258d) Importer(2089858483,192608db42251d675da83286b1cce702)
Start importing Assets/office texture/office_window_material_Metallic_Raw_ACEScg.png.tx using Guid(b8ee698f4ba662f4ab47a22b6fb7258d) Importer(2089858483,192608db42251d675da83286b1cce702) (ScriptedImporter) -> (artifact id: '9f1066c50e09c600f227453c13a47080') in 0.0288269 seconds
Number of updated asset objects reloaded before import = 0Number of asset objects unloaded after import = 1

========================================================================
Received Import Request.
  Time since last request: 0.000131 seconds.
  path: Assets/Scenes 1/1.0MainMenu.unity
  artifactKey: Guid(fe1ec3acee527804f936327cf6714674) Importer(2089858483,192608db42251d675da83286b1cce702)
Start importing Assets/Scenes 1/1.0MainMenu.unity using Guid(fe1ec3acee527804f936327cf6714674) Importer(2089858483,192608db42251d675da83286b1cce702) (ScriptedImporter) -> (artifact id: '18c78109cfb72e3abbb9e62a7484cfc3') in 0.0709583 seconds
Number of updated asset objects reloaded before import = 0Number of asset objects unloaded after import = 1

========================================================================
Received Import Request.
  Time since last request: 0.000034 seconds.
  path: Assets/office texture/trash_bin_G.tga
  artifactKey: Guid(7edb4c258a348ea4bb099692f7b2554c) Importer(2089858483,192608db42251d675da83286b1cce702)
Start importing Assets/office texture/trash_bin_G.tga using Guid(7edb4c258a348ea4bb099692f7b2554c) Importer(2089858483,192608db42251d675da83286b1cce702) (ScriptedImporter) -> (artifact id: 'b38ff58f9956d96ffbf12fe1dcc61770') in 0.079994 seconds
Number of updated asset objects reloaded before import = 0Number of asset objects unloaded after import = 1

========================================================================
Received Import Request.
  Time since last request: 0.000041 seconds.
  path: Assets/office texture/office_plant_material_BaseColor_sRGB_ACEScg.png.tx
  artifactKey: Guid(c09b33f53b72b6248b1c26d4a92c2891) Importer(2089858483,192608db42251d675da83286b1cce702)
Start importing Assets/office texture/office_plant_material_BaseColor_sRGB_ACEScg.png.tx using Guid(c09b33f53b72b6248b1c26d4a92c2891) Importer(2089858483,192608db42251d675da83286b1cce702) (ScriptedImporter) -> (artifact id: '0b54e74210a258a3d0e2842108462616') in 0.032002 seconds
Number of updated asset objects reloaded before import = 0Number of asset objects unloaded after import = 1

========================================================================
Received Import Request.
  Time since last request: 0.000510 seconds.
  path: Assets/office texture/office_vending_machine_glass1_BaseColor.png
  artifactKey: Guid(0b0cf2387e97c7a49b1b4d0c46af08f5) Importer(2089858483,192608db42251d675da83286b1cce702)
Start importing Assets/office texture/office_vending_machine_glass1_BaseColor.png using Guid(0b0cf2387e97c7a49b1b4d0c46af08f5) Importer(2089858483,192608db42251d675da83286b1cce702) (ScriptedImporter) -> (artifact id: '023d24e1314ada7b4140fb0829b99fd5') in 0.1200148 seconds
Number of updated asset objects reloaded before import = 0Number of asset objects unloaded after import = 1

========================================================================
Received Import Request.
  Time since last request: 0.000273 seconds.
  path: Assets/Scenes 1/4TheHallway.unity
  artifactKey: Guid(9e3270298307a9840b34fa02d02eadad) Importer(2089858483,192608db42251d675da83286b1cce702)
Start importing Assets/Scenes 1/4TheHallway.unity using Guid(9e3270298307a9840b34fa02d02eadad) Importer(2089858483,192608db42251d675da83286b1cce702) (ScriptedImporter) -> (artifact id: 'c2d3659229120f27bea2a0d6c745d892') in 0.1351176 seconds
Number of updated asset objects reloaded before import = 0Number of asset objects unloaded after import = 1

========================================================================
Received Import Request.
  Time since last request: 0.000063 seconds.
  path: Assets/script/ElevatorSequence.cs
  artifactKey: Guid(1bd0fe04cd98a854f84f3d007480d91b) Importer(2089858483,192608db42251d675da83286b1cce702)
Start importing Assets/script/ElevatorSequence.cs using Guid(1bd0fe04cd98a854f84f3d007480d91b) Importer(2089858483,192608db42251d675da83286b1cce702) (ScriptedImporter) -> (artifact id: '97e44b5f33a0376e147d605c524f9f45') in 0.0331333 seconds
Number of updated asset objects reloaded before import = 0Number of asset objects unloaded after import = 0

========================================================================
Received Import Request.
  Time since last request: 0.000127 seconds.
  path: Assets/script/HeadLookAt.cs
  artifactKey: Guid(1cc3295797580994b9e006fc36289a08) Importer(2089858483,192608db42251d675da83286b1cce702)
Start importing Assets/script/HeadLookAt.cs using Guid(1cc3295797580994b9e006fc36289a08) Importer(2089858483,192608db42251d675da83286b1cce702) (ScriptedImporter) -> (artifact id: 'b79e25296a948203f058394720a56d4c') in 0.0299254 seconds
Number of updated asset objects reloaded before import = 0Number of asset objects unloaded after import = 0

========================================================================
Received Import Request.
  Time since last request: 0.000179 seconds.
  path: Assets/Scenes 1/6TakeTheTrashOut.unity
  artifactKey: Guid(7b5adc328eb0a9f46ac2ec97753e9f61) Importer(2089858483,192608db42251d675da83286b1cce702)
Start importing Assets/Scenes 1/6TakeTheTrashOut.unity using Guid(7b5adc328eb0a9f46ac2ec97753e9f61) Importer(2089858483,192608db42251d675da83286b1cce702) (ScriptedImporter) -> (artifact id: '0d8d33d689f2e91fedb22d0f7d93407d') in 0.1009313 seconds
Number of updated asset objects reloaded before import = 0Number of asset objects unloaded after import = 1

========================================================================
Received Import Request.
  Time since last request: 0.000040 seconds.
  path: Assets/Scenes 1/9TheEnd.unity
  artifactKey: Guid(c6696e991afaf5847b3eb7d619bee081) Importer(2089858483,192608db42251d675da83286b1cce702)
Start importing Assets/Scenes 1/9TheEnd.unity using Guid(c6696e991afaf5847b3eb7d619bee081) Importer(2089858483,192608db42251d675da83286b1cce702) (ScriptedImporter) -> (artifact id: 'e462e0572e509cbb824e592ccdb41831') in 0.1813437 seconds
Number of updated asset objects reloaded before import = 0Number of asset objects unloaded after import = 1

========================================================================
Received Import Request.
  Time since last request: 0.000040 seconds.
  path: Assets/script/QTESystem.cs
  artifactKey: Guid(b8f4b23faab25c544a34eba364c502fe) Importer(2089858483,192608db42251d675da83286b1cce702)
Start importing Assets/script/QTESystem.cs using Guid(b8f4b23faab25c544a34eba364c502fe) Importer(2089858483,192608db42251d675da83286b1cce702) (ScriptedImporter) -> (artifact id: 'df1ab568a7457a7560a6c6c6f5259e6e') in 0.0342224 seconds
Number of updated asset objects reloaded before import = 0Number of asset objects unloaded after import = 0

========================================================================
Received Import Request.
  Time since last request: 0.000083 seconds.
  path: Assets/script/KillEventController.cs
  artifactKey: Guid(931b73da430698e468aa60ab758e2f5b) Importer(2089858483,192608db42251d675da83286b1cce702)
Start importing Assets/script/KillEventController.cs using Guid(931b73da430698e468aa60ab758e2f5b) Importer(2089858483,192608db42251d675da83286b1cce702) (ScriptedImporter) -> (artifact id: '9574a63d4166365cfe40350fa743fe0c') in 0.0396206 seconds
Number of updated asset objects reloaded before import = 0Number of asset objects unloaded after import = 0

========================================================================
Received Import Request.
  Time since last request: 0.000030 seconds.
  path: Assets/script/SceneFlowController.cs
  artifactKey: Guid(e7e31796a14e506489d888203ec57a27) Importer(2089858483,192608db42251d675da83286b1cce702)
Start importing Assets/script/SceneFlowController.cs using Guid(e7e31796a14e506489d888203ec57a27) Importer(2089858483,192608db42251d675da83286b1cce702) (ScriptedImporter) -> (artifact id: '61765d1c38be23e1db43a9b87209ca5f') in 0.0365979 seconds
Number of updated asset objects reloaded before import = 0Number of asset objects unloaded after import = 0

========================================================================
Received Import Request.
  Time since last request: 0.000037 seconds.
  path: Assets/script/InputSystem_Actions.cs
  artifactKey: Guid(992f1169815a93a4f86a503699b6b507) Importer(2089858483,192608db42251d675da83286b1cce702)
Start importing Assets/script/InputSystem_Actions.cs using Guid(992f1169815a93a4f86a503699b6b507) Importer(2089858483,192608db42251d675da83286b1cce702) (ScriptedImporter) -> (artifact id: 'a3f6b78ce0f3da809143a72cba958d9c') in 0.0717585 seconds
Number of updated asset objects reloaded before import = 0Number of asset objects unloaded after import = 0

========================================================================
Received Import Request.
  Time since last request: 0.000040 seconds.
  path: Assets/script/Idle.cs
  artifactKey: Guid(a09e435d669301744ae0e2ba55f48aba) Importer(2089858483,192608db42251d675da83286b1cce702)
Start importing Assets/script/Idle.cs using Guid(a09e435d669301744ae0e2ba55f48aba) Importer(2089858483,192608db42251d675da83286b1cce702) (ScriptedImporter) -> (artifact id: '5ee66b99cf09b15f264bad788f2e0326') in 0.0427394 seconds
Number of updated asset objects reloaded before import = 0Number of asset objects unloaded after import = 0

========================================================================
Received Import Request.
  Time since last request: 0.000042 seconds.
  path: Assets/script/CameraTriggerZone.cs
  artifactKey: Guid(c54d8351b8facae42957ec1e87230a2a) Importer(2089858483,192608db42251d675da83286b1cce702)
Start importing Assets/script/CameraTriggerZone.cs using Guid(c54d8351b8facae42957ec1e87230a2a) Importer(2089858483,192608db42251d675da83286b1cce702) (ScriptedImporter) -> (artifact id: '9f211f9d87871d2b0b6578f69459dd49') in 0.0386649 seconds
Number of updated asset objects reloaded before import = 0Number of asset objects unloaded after import = 0

========================================================================
Received Import Request.
  Time since last request: 0.000066 seconds.
  path: Assets/script/DialogueSequence.cs
  artifactKey: Guid(457526e8871045b439a4bad11994302f) Importer(2089858483,192608db42251d675da83286b1cce702)
Start importing Assets/script/DialogueSequence.cs using Guid(457526e8871045b439a4bad11994302f) Importer(2089858483,192608db42251d675da83286b1cce702) (ScriptedImporter) -> (artifact id: '38ac5c137fda80d0eef31da852afc209') in 0.030845 seconds
Number of updated asset objects reloaded before import = 0Number of asset objects unloaded after import = 0

========================================================================
Received Import Request.
  Time since last request: 0.000063 seconds.
  path: Assets/Scenes 1/2TheOffice.unity
  artifactKey: Guid(91f626bb4df9b0c489f2414ae16a743c) Importer(2089858483,192608db42251d675da83286b1cce702)
Start importing Assets/Scenes 1/2TheOffice.unity using Guid(91f626bb4df9b0c489f2414ae16a743c) Importer(2089858483,192608db42251d675da83286b1cce702) (ScriptedImporter) -> (artifact id: '71ab6eae9aa22c5bff4dfe335acba78f') in 0.083414 seconds
Number of updated asset objects reloaded before import = 0Number of asset objects unloaded after import = 1

========================================================================
Received Import Request.
  Time since last request: 0.000105 seconds.
  path: Assets/_Recovery/0 (1).unity
  artifactKey: Guid(25cb9cf69bbeeae448e55a2aa936fed5) Importer(2089858483,192608db42251d675da83286b1cce702)
Start importing Assets/_Recovery/0 (1).unity using Guid(25cb9cf69bbeeae448e55a2aa936fed5) Importer(2089858483,192608db42251d675da83286b1cce702) (ScriptedImporter) -> (artifact id: '2d724fe653f41a766afaa6104cf63ca3') in 0.0650464 seconds
Number of updated asset objects reloaded before import = 0Number of asset objects unloaded after import = 1

========================================================================
Received Import Request.
  Time since last request: 0.000598 seconds.
  path: Assets/apartment/Materials/apartment-curtain1.mat
  artifactKey: Guid(123809762c1eb8b45878af1dd0b160f2) Importer(2089858483,192608db42251d675da83286b1cce702)
Start importing Assets/apartment/Materials/apartment-curtain1.mat using Guid(123809762c1eb8b45878af1dd0b160f2) Importer(2089858483,192608db42251d675da83286b1cce702) (ScriptedImporter) -> (artifact id: '2a7e0cabc12b5611c1d63c90f44e3338') in 0.2520002 seconds
Number of updated asset objects reloaded before import = 0Number of asset objects unloaded after import = 5

========================================================================
Received Import Request.
  Time since last request: 0.000040 seconds.
  path: Assets/apartment/Materials/apartment-fridge.mat
  artifactKey: Guid(c84096c2f47201547a0bb69b44dd6fb7) Importer(2089858483,192608db42251d675da83286b1cce702)
Start importing Assets/apartment/Materials/apartment-fridge.mat using Guid(c84096c2f47201547a0bb69b44dd6fb7) Importer(2089858483,192608db42251d675da83286b1cce702) (ScriptedImporter) -> (artifact id: '7f4a642e234af9beb3d2c5e3f83971ee') in 0.1023669 seconds
Number of updated asset objects reloaded before import = 0Number of asset objects unloaded after import = 5

========================================================================
Received Import Request.
  Time since last request: 0.000078 seconds.
  path: Assets/_Recovery/0.unity
  artifactKey: Guid(6c7e8a86608850f468aecbcab1160d55) Importer(2089858483,192608db42251d675da83286b1cce702)
Start importing Assets/_Recovery/0.unity using Guid(6c7e8a86608850f468aecbcab1160d55) Importer(2089858483,192608db42251d675da83286b1cce702) (ScriptedImporter) -> (artifact id: '5fe01a33345c167f8d78d9d13eadd12d') in 0.0597747 seconds
Number of updated asset objects reloaded before import = 0Number of asset objects unloaded after import = 1

========================================================================
Received Import Request.
  Time since last request: 0.000276 seconds.
  path: Assets/apartment/Materials/apartment-floor.mat
  artifactKey: Guid(3bdfa5014a12ca742a31da0c366516ac) Importer(2089858483,192608db42251d675da83286b1cce702)
Start importing Assets/apartment/Materials/apartment-floor.mat using Guid(3bdfa5014a12ca742a31da0c366516ac) Importer(2089858483,192608db42251d675da83286b1cce702) (ScriptedImporter) -> (artifact id: 'c4f7a61e46bd79c01a743217651ecac7') in 0.1275733 seconds
Number of updated asset objects reloaded before import = 0Number of asset objects unloaded after import = 5

========================================================================
Received Prepare
Default GameObject BitMask: UI already registered
Begin MonoManager ReloadAssembly
[Licensing::Client] Successfully resolved entitlement details
- Loaded All Assemblies, in  1.687 seconds
Refreshing native plugins compatible for Editor in 3.58 ms, found 3 plugins.
Native extension for WindowsStandalone target not found
[Package Manager] Failed to launch server process. Reason: Unity was launched with the -noUpm command-line argument
[Package Manager] Unable to send message (not connected to server process).
[Package Manager] Cannot connect to Unity Package Manager local server
Mono: successfully reloaded assembly
- Finished resetting the current domain, in  2.001 seconds
Domain Reload Profiling: 3685ms
	BeginReloadAssembly (527ms)
		ExecutionOrderSort (0ms)
		DisableScriptedObjects (8ms)
		BackupInstance (0ms)
		ReleaseScriptingObjects (0ms)
		CreateAndSetChildDomain (109ms)
	RebuildCommonClasses (102ms)
	RebuildNativeTypeToScriptingClass (36ms)
	initialDomainReloadingComplete (75ms)
	LoadAllAssembliesAndSetupDomain (943ms)
		LoadAssemblies (826ms)
		RebuildTransferFunctionScriptingTraits (0ms)
		AnalyzeDomain (392ms)
			TypeCache.Refresh (17ms)
				TypeCache.ScanAssembly (2ms)
			BuildScriptInfoCaches (358ms)
			ResolveRequiredComponents (9ms)
	FinalizeReload (2002ms)
		ReleaseScriptCaches (0ms)
		RebuildScriptCaches (0ms)
		SetupLoadedEditorAssemblies (1662ms)
			LogAssemblyErrors (0ms)
			InitializePlatformSupportModulesInManaged (3ms)
			SetLoadedEditorAssemblies (5ms)
			BeforeProcessingInitializeOnLoad (336ms)
			ProcessInitializeOnLoadAttributes (1238ms)
			ProcessInitializeOnLoadMethodAttributes (60ms)
			AfterProcessingInitializeOnLoad (18ms)
			EditorAssembliesLoaded (0ms)
		ExecutionOrderSort2 (0ms)
		AwakeInstancesAfterBackupRestoration (14ms)
Refreshing native plugins compatible for Editor in 3.07 ms, found 3 plugins.
Preloading 0 native plugins for Editor in 0.00 ms.
Unloading 12 Unused Serialized files (Serialized files now loaded: 0)
Unloading 4083 unused Assets / (3.3 MB). Loaded Objects now: 4697.
Memory consumption went from 99.9 MB to 96.6 MB.
Total: 14.925100 ms (FindLiveObjects: 0.888800 ms CreateObjectMapping: 0.746500 ms MarkObjects: 9.901300 ms  DeleteObjects: 3.386600 ms)

Prepare: number of updated asset objects reloaded= 0
========================================================================
Received Prepare
Default GameObject BitMask: UI already registered
Begin MonoManager ReloadAssembly
- Loaded All Assemblies, in  1.314 seconds
Refreshing native plugins compatible for Editor in 3.92 ms, found 3 plugins.
Native extension for WindowsStandalone target not found
[Package Manager] Failed to launch server process. Reason: Unity was launched with the -noUpm command-line argument
[Package Manager] Unable to send message (not connected to server process).
[Package Manager] Cannot connect to Unity Package Manager local server
Mono: successfully reloaded assembly
- Finished resetting the current domain, in  1.611 seconds
Domain Reload Profiling: 2918ms
	BeginReloadAssembly (383ms)
		ExecutionOrderSort (0ms)
		DisableScriptedObjects (18ms)
		BackupInstance (0ms)
		ReleaseScriptingObjects (0ms)
		CreateAndSetChildDomain (69ms)
	RebuildCommonClasses (72ms)
	RebuildNativeTypeToScriptingClass (31ms)
	initialDomainReloadingComplete (59ms)
	LoadAllAssembliesAndSetupDomain (761ms)
		LoadAssemblies (646ms)
		RebuildTransferFunctionScriptingTraits (0ms)
		AnalyzeDomain (323ms)
			TypeCache.Refresh (12ms)
				TypeCache.ScanAssembly (0ms)
			BuildScriptInfoCaches (297ms)
			ResolveRequiredComponents (9ms)
	FinalizeReload (1612ms)
		ReleaseScriptCaches (0ms)
		RebuildScriptCaches (0ms)
		SetupLoadedEditorAssemblies (1388ms)
			LogAssemblyErrors (0ms)
			InitializePlatformSupportModulesInManaged (2ms)
			SetLoadedEditorAssemblies (6ms)
			BeforeProcessingInitializeOnLoad (258ms)
			ProcessInitializeOnLoadAttributes (1055ms)
			ProcessInitializeOnLoadMethodAttributes (49ms)
			AfterProcessingInitializeOnLoad (17ms)
			EditorAssembliesLoaded (0ms)
		ExecutionOrderSort2 (0ms)
		AwakeInstancesAfterBackupRestoration (12ms)
Refreshing native plugins compatible for Editor in 2.26 ms, found 3 plugins.
Preloading 0 native plugins for Editor in 0.00 ms.
Unloading 12 Unused Serialized files (Serialized files now loaded: 0)
Unloading 4083 unused Assets / (3.1 MB). Loaded Objects now: 4698.
Memory consumption went from 99.9 MB to 96.8 MB.
Total: 13.823000 ms (FindLiveObjects: 0.847000 ms CreateObjectMapping: 0.736500 ms MarkObjects: 9.637000 ms  DeleteObjects: 2.600100 ms)

Prepare: number of updated asset objects reloaded= 0
========================================================================
Received Import Request.
  Time since last request: 22.960174 seconds.
  path: Assets/Dance2.controller
  artifactKey: Guid(f699611c1555f7b46a5538d0216c6515) Importer(2089858483,192608db42251d675da83286b1cce702)
Start importing Assets/Dance2.controller using Guid(f699611c1555f7b46a5538d0216c6515) Importer(2089858483,192608db42251d675da83286b1cce702) (ScriptedImporter) -> (artifact id: '3f1c7b6e86fbb0e20782eefc1df08185') in 0.0982114 seconds
Number of updated asset objects reloaded before import = 0Number of asset objects unloaded after import = 4

========================================================================
Received Import Request.
  Time since last request: 0.000039 seconds.
  path: Assets/apartment/Materials/cabinet.mat
  artifactKey: Guid(887ed30ac45b400448e912f6e449e892) Importer(2089858483,192608db42251d675da83286b1cce702)
Start importing Assets/apartment/Materials/cabinet.mat using Guid(887ed30ac45b400448e912f6e449e892) Importer(2089858483,192608db42251d675da83286b1cce702) (ScriptedImporter) -> (artifact id: '6b9a74cce4f8ab5020a12118ccb9b1fb') in 0.0989461 seconds
Number of updated asset objects reloaded before import = 0Number of asset objects unloaded after import = 5

========================================================================
Received Import Request.
  Time since last request: 0.000035 seconds.
  path: Assets/apartment/Materials/rug.mat
  artifactKey: Guid(9969cde112d8b464ebe34d7c950629b6) Importer(2089858483,192608db42251d675da83286b1cce702)
Start importing Assets/apartment/Materials/rug.mat using Guid(9969cde112d8b464ebe34d7c950629b6) Importer(2089858483,192608db42251d675da83286b1cce702) (ScriptedImporter) -> (artifact id: '4bf7c0a5a7d33aee56c026c616b6cbfb') in 0.0389924 seconds
Number of updated asset objects reloaded before import = 0Number of asset objects unloaded after import = 1

========================================================================
Received Import Request.
  Time since last request: 0.000026 seconds.
  path: Assets/apartment/Materials/curtain.mat
  artifactKey: Guid(a2a9e6025a2c68942a5ac5b54076f5d8) Importer(2089858483,192608db42251d675da83286b1cce702)
Start importing Assets/apartment/Materials/curtain.mat using Guid(a2a9e6025a2c68942a5ac5b54076f5d8) Importer(2089858483,192608db42251d675da83286b1cce702) (ScriptedImporter) -> (artifact id: 'eb8e175383cb5bf4b7931522670c46ac') in 0.0434374 seconds
Number of updated asset objects reloaded before import = 0Number of asset objects unloaded after import = 1

========================================================================
Received Import Request.
  Time since last request: 0.000039 seconds.
  path: Assets/apartment/Materials/sink.mat
  artifactKey: Guid(870e2dad977edea4b9c9aa9f6cc91797) Importer(2089858483,192608db42251d675da83286b1cce702)
Start importing Assets/apartment/Materials/sink.mat using Guid(870e2dad977edea4b9c9aa9f6cc91797) Importer(2089858483,192608db42251d675da83286b1cce702) (ScriptedImporter) -> (artifact id: '2ab57e6e44f260683bc32786be73eb9a') in 0.0406788 seconds
Number of updated asset objects reloaded before import = 0Number of asset objects unloaded after import = 1

========================================================================
Received Import Request.
  Time since last request: 0.000046 seconds.
  path: Assets/apartment/Materials/apartment-window.mat
  artifactKey: Guid(ff1782fbe73b12b42b734d4acde18234) Importer(2089858483,192608db42251d675da83286b1cce702)
Start importing Assets/apartment/Materials/apartment-window.mat using Guid(ff1782fbe73b12b42b734d4acde18234) Importer(2089858483,192608db42251d675da83286b1cce702) (ScriptedImporter) -> (artifact id: '34a0b39b46ca3a30a62230923c4f6269') in 0.1127811 seconds
Number of updated asset objects reloaded before import = 0Number of asset objects unloaded after import = 4

========================================================================
Received Import Request.
  Time since last request: 0.000038 seconds.
  path: Assets/apartment/Materials/couch.mat
  artifactKey: Guid(544f0250a9a9e484bbbeeb9d4ccdfbd2) Importer(2089858483,192608db42251d675da83286b1cce702)
Start importing Assets/apartment/Materials/couch.mat using Guid(544f0250a9a9e484bbbeeb9d4ccdfbd2) Importer(2089858483,192608db42251d675da83286b1cce702) (ScriptedImporter) -> (artifact id: 'b49091be0b1f0d3da11624d2dc1a7e13') in 0.0420405 seconds
Number of updated asset objects reloaded before import = 0Number of asset objects unloaded after import = 1

========================================================================
Received Import Request.
  Time since last request: 0.000046 seconds.
  path: Assets/apartment/Materials/chair.mat
  artifactKey: Guid(d9d7bcdd9412efe46b35bf9ee1ff4137) Importer(2089858483,192608db42251d675da83286b1cce702)
Start importing Assets/apartment/Materials/chair.mat using Guid(d9d7bcdd9412efe46b35bf9ee1ff4137) Importer(2089858483,192608db42251d675da83286b1cce702) (ScriptedImporter) -> (artifact id: '16e4fe5d7957add73eda45b794a674b1') in 0.0444062 seconds
Number of updated asset objects reloaded before import = 0Number of asset objects unloaded after import = 1

========================================================================
Received Import Request.
  Time since last request: 0.000030 seconds.
  path: Assets/apartment/Materials/plate.mat
  artifactKey: Guid(ecafce9ce7c98c542a650eb0922ed14f) Importer(2089858483,192608db42251d675da83286b1cce702)
Start importing Assets/apartment/Materials/plate.mat using Guid(ecafce9ce7c98c542a650eb0922ed14f) Importer(2089858483,192608db42251d675da83286b1cce702) (ScriptedImporter) -> (artifact id: '41e43d9c4b8cb046cef84b19bf9eb8c7') in 0.0436002 seconds
Number of updated asset objects reloaded before import = 0Number of asset objects unloaded after import = 1

========================================================================
Received Import Request.
  Time since last request: 0.000037 seconds.
  path: Assets/psx-bong/textures/BongGlassYellow.jpeg
  artifactKey: Guid(074383b7bcbc14f40939079f0261741e) Importer(2089858483,192608db42251d675da83286b1cce702)
Start importing Assets/psx-bong/textures/BongGlassYellow.jpeg using Guid(074383b7bcbc14f40939079f0261741e) Importer(2089858483,192608db42251d675da83286b1cce702) (ScriptedImporter) -> (artifact id: '01d220fd849d1ae84acedfddc4c26a4c') in 0.1319471 seconds
Number of updated asset objects reloaded before import = 0Number of asset objects unloaded after import = 1

========================================================================
Received Import Request.
  Time since last request: 0.000120 seconds.
  path: Assets/chinese-take-out-boxes/Materials/food3.mat
  artifactKey: Guid(53e49d8c64d1cc04588198616bb0b10d) Importer(2089858483,192608db42251d675da83286b1cce702)
Start importing Assets/chinese-take-out-boxes/Materials/food3.mat using Guid(53e49d8c64d1cc04588198616bb0b10d) Importer(2089858483,192608db42251d675da83286b1cce702) (ScriptedImporter) -> (artifact id: '44569d09f159a7b42d94bd6dacd93f7d') in 0.0633308 seconds
Number of updated asset objects reloaded before import = 0Number of asset objects unloaded after import = 2

========================================================================
Received Import Request.
  Time since last request: 0.000044 seconds.
  path: Assets/PSXShaderKit/Shaders/PSX-Lite-VertexLitTransparentCutout.shader
  artifactKey: Guid(d639c4c40bbfeb44fb7c7d9cbcd3a572) Importer(2089858483,192608db42251d675da83286b1cce702)
Start importing Assets/PSXShaderKit/Shaders/PSX-Lite-VertexLitTransparentCutout.shader using Guid(d639c4c40bbfeb44fb7c7d9cbcd3a572) Importer(2089858483,192608db42251d675da83286b1cce702) (ScriptedImporter) -> (artifact id: '5a05991c691b9a18df6a5095bff30ef4') in 0.0393477 seconds
Number of updated asset objects reloaded before import = 0Number of asset objects unloaded after import = 1

========================================================================
Received Import Request.
  Time since last request: 0.000098 seconds.
  path: Assets/apartment/Materials/window_frame.mat
  artifactKey: Guid(219861a18486dbb43954a587608d2645) Importer(2089858483,192608db42251d675da83286b1cce702)
Start importing Assets/apartment/Materials/window_frame.mat using Guid(219861a18486dbb43954a587608d2645) Importer(2089858483,192608db42251d675da83286b1cce702) (ScriptedImporter) -> (artifact id: '4c2af594ad40ef7403e41f9e3e856d2e') in 0.0501017 seconds
Number of updated asset objects reloaded before import = 0Number of asset objects unloaded after import = 1

========================================================================
Received Import Request.
  Time since last request: 0.000148 seconds.
  path: Assets/chinese-take-out-boxes/textures/food1.png
  artifactKey: Guid(79bbbdf415d5e9d4084c45256a675b04) Importer(2089858483,192608db42251d675da83286b1cce702)
Start importing Assets/chinese-take-out-boxes/textures/food1.png using Guid(79bbbdf415d5e9d4084c45256a675b04) Importer(2089858483,192608db42251d675da83286b1cce702) (ScriptedImporter) -> (artifact id: 'f4b74a95359db7642b8adcd15f200cf0') in 0.0621931 seconds
Number of updated asset objects reloaded before import = 0Number of asset objects unloaded after import = 1

========================================================================
Received Import Request.
  Time since last request: 0.000035 seconds.
  path: Assets/Super Retro Compact Pack/Materials/FunCar_Brown.mat
  artifactKey: Guid(8f22ad5cde2f4be40a0c9c666a38c600) Importer(2089858483,192608db42251d675da83286b1cce702)
Start importing Assets/Super Retro Compact Pack/Materials/FunCar_Brown.mat using Guid(8f22ad5cde2f4be40a0c9c666a38c600) Importer(2089858483,192608db42251d675da83286b1cce702) (ScriptedImporter) -> (artifact id: '2d848afe58622efd8fbd8d80a36eb736') in 0.0710112 seconds
Number of updated asset objects reloaded before import = 0Number of asset objects unloaded after import = 2

========================================================================
Received Import Request.
  Time since last request: 0.000054 seconds.
  path: Assets/apartment/Materials/wall.mat
  artifactKey: Guid(254e5da2408b52642b2bb8d042b138d2) Importer(2089858483,192608db42251d675da83286b1cce702)
Start importing Assets/apartment/Materials/wall.mat using Guid(254e5da2408b52642b2bb8d042b138d2) Importer(2089858483,192608db42251d675da83286b1cce702) (ScriptedImporter) -> (artifact id: '065b6f758aeaeddb60640aefb4adaa60') in 0.0500238 seconds
Number of updated asset objects reloaded before import = 0Number of asset objects unloaded after import = 1

========================================================================
Received Import Request.
  Time since last request: 0.000096 seconds.
  path: Assets/Super Retro Compact Pack/Materials/FunCar_Muscle_Blue.mat
  artifactKey: Guid(877ad7c4b6a32e14196ae1045b9f0d4c) Importer(2089858483,192608db42251d675da83286b1cce702)
Start importing Assets/Super Retro Compact Pack/Materials/FunCar_Muscle_Blue.mat using Guid(877ad7c4b6a32e14196ae1045b9f0d4c) Importer(2089858483,192608db42251d675da83286b1cce702) (ScriptedImporter) -> (artifact id: '52857938fa8b076dc8dba873d3b2218c') in 0.0339738 seconds
Number of updated asset objects reloaded before import = 0Number of asset objects unloaded after import = 2

========================================================================
Received Import Request.
  Time since last request: 0.000027 seconds.
  path: Assets/apartment/Materials/tv.mat
  artifactKey: Guid(2a81569b03bbedc49951512e3a58311f) Importer(2089858483,192608db42251d675da83286b1cce702)
Start importing Assets/apartment/Materials/tv.mat using Guid(2a81569b03bbedc49951512e3a58311f) Importer(2089858483,192608db42251d675da83286b1cce702) (ScriptedImporter) -> (artifact id: 'aefa40c7e18f43848c77fcbf32a1e685') in 0.0485691 seconds
Number of updated asset objects reloaded before import = 0Number of asset objects unloaded after import = 1

========================================================================
Received Import Request.
  Time since last request: 0.000097 seconds.
  path: Assets/Super Retro Compact Pack/Prefabs/CompactCar_Red.prefab
  artifactKey: Guid(b114b8d24c8487d4face2d4d67fdbb66) Importer(2089858483,192608db42251d675da83286b1cce702)
Start importing Assets/Super Retro Compact Pack/Prefabs/CompactCar_Red.prefab using Guid(b114b8d24c8487d4face2d4d67fdbb66) Importer(2089858483,192608db42251d675da83286b1cce702) (ScriptedImporter) -> (artifact id: '63f6dd8f38316b333550da39932b73d8') in 0.0890741 seconds
Number of updated asset objects reloaded before import = 0Number of asset objects unloaded after import = 34

========================================================================
Received Import Request.
  Time since last request: 0.000035 seconds.
  path: Assets/PSXShaderKit/Shaders/PSX-Lite-VertexLitTransparent.shader
  artifactKey: Guid(bf2928017213de74c80eee2649082e99) Importer(2089858483,192608db42251d675da83286b1cce702)
Start importing Assets/PSXShaderKit/Shaders/PSX-Lite-VertexLitTransparent.shader using Guid(bf2928017213de74c80eee2649082e99) Importer(2089858483,192608db42251d675da83286b1cce702) (ScriptedImporter) -> (artifact id: 'eb7ee7343110bc62909345dc0fe52264') in 0.0291988 seconds
Number of updated asset objects reloaded before import = 0Number of asset objects unloaded after import = 1

========================================================================
Received Import Request.
  Time since last request: 0.000074 seconds.
  path: Assets/Super Retro Compact Pack/Models/FunCar_Muscle_01.fbx
  artifactKey: Guid(9ea643bae01808843bedffeecf312bb2) Importer(2089858483,192608db42251d675da83286b1cce702)
Start importing Assets/Super Retro Compact Pack/Models/FunCar_Muscle_01.fbx using Guid(9ea643bae01808843bedffeecf312bb2) Importer(2089858483,192608db42251d675da83286b1cce702) (ScriptedImporter) -> (artifact id: '36864d10ba80b5c5c8bfa29e69ee7e50') in 0.0981258 seconds
Number of updated asset objects reloaded before import = 0Number of asset objects unloaded after import = 35

========================================================================
Received Import Request.
  Time since last request: 0.000031 seconds.
  path: Assets/Super Retro Compact Pack/Materials/FunCar_Taxi_01.mat
  artifactKey: Guid(c7ca7112c22ed394dbc4dc6910d4fd1c) Importer(2089858483,192608db42251d675da83286b1cce702)
Start importing Assets/Super Retro Compact Pack/Materials/FunCar_Taxi_01.mat using Guid(c7ca7112c22ed394dbc4dc6910d4fd1c) Importer(2089858483,192608db42251d675da83286b1cce702) (ScriptedImporter) -> (artifact id: 'c397e2d3281856d7a05fdb2f28aaed6a') in 0.0741363 seconds
Number of updated asset objects reloaded before import = 0Number of asset objects unloaded after import = 2

========================================================================
Received Import Request.
  Time since last request: 0.000049 seconds.
  path: Assets/PSXShaderKit/Scripts/PSXShaderManager.cs
  artifactKey: Guid(c1a4c69f7a9d3ea43907b5765229dc85) Importer(2089858483,192608db42251d675da83286b1cce702)
Start importing Assets/PSXShaderKit/Scripts/PSXShaderManager.cs using Guid(c1a4c69f7a9d3ea43907b5765229dc85) Importer(2089858483,192608db42251d675da83286b1cce702) (ScriptedImporter) -> (artifact id: '313df3f2ae4a1829992b8110923d6b15') in 0.0320463 seconds
Number of updated asset objects reloaded before import = 0Number of asset objects unloaded after import = 0

========================================================================
Received Import Request.
  Time since last request: 0.000037 seconds.
  path: Assets/Super Retro Compact Pack/Prefabs/CompactCar_Brown.prefab
  artifactKey: Guid(efb064d9645e5c54e88af270294bef76) Importer(2089858483,192608db42251d675da83286b1cce702)
Start importing Assets/Super Retro Compact Pack/Prefabs/CompactCar_Brown.prefab using Guid(efb064d9645e5c54e88af270294bef76) Importer(2089858483,192608db42251d675da83286b1cce702) (ScriptedImporter) -> (artifact id: '49b8b015b7877b71c41686c6bdbb5e34') in 0.0723246 seconds
Number of updated asset objects reloaded before import = 0Number of asset objects unloaded after import = 34

========================================================================
Received Import Request.
  Time since last request: 0.000041 seconds.
  path: Assets/PSXShaderKit/Shaders/PSX-Lite-VertexLit.shader
  artifactKey: Guid(7df62e33d3d17584ab47e30a7e668103) Importer(2089858483,192608db42251d675da83286b1cce702)
Start importing Assets/PSXShaderKit/Shaders/PSX-Lite-VertexLit.shader using Guid(7df62e33d3d17584ab47e30a7e668103) Importer(2089858483,192608db42251d675da83286b1cce702) (ScriptedImporter) -> (artifact id: 'e37bb2cd4f648c13a3fc29aa55f55348') in 0.0392381 seconds
Number of updated asset objects reloaded before import = 0Number of asset objects unloaded after import = 1

========================================================================
Received Import Request.
  Time since last request: 0.000046 seconds.
  path: Assets/Super Retro Compact Pack/Materials/FunCar_Orange.mat
  artifactKey: Guid(675a694ee12c0ff439c96df57bb51df1) Importer(2089858483,192608db42251d675da83286b1cce702)
Start importing Assets/Super Retro Compact Pack/Materials/FunCar_Orange.mat using Guid(675a694ee12c0ff439c96df57bb51df1) Importer(2089858483,192608db42251d675da83286b1cce702) (ScriptedImporter) -> (artifact id: '92462c5207f25c2905e9b2dfd8e4fc28') in 0.0653106 seconds
Number of updated asset objects reloaded before import = 0Number of asset objects unloaded after import = 2

========================================================================
Received Import Request.
  Time since last request: 0.000035 seconds.
  path: Assets/TextMesh Pro/Resources/TMP Settings.asset
  artifactKey: Guid(3f5b5dff67a942289a9defa416b206f3) Importer(2089858483,192608db42251d675da83286b1cce702)
Start importing Assets/TextMesh Pro/Resources/TMP Settings.asset using Guid(3f5b5dff67a942289a9defa416b206f3) Importer(2089858483,192608db42251d675da83286b1cce702) (ScriptedImporter) -> (artifact id: '8d9c394d9093e406b545c10b86ce0482') in 0.1363368 seconds
Number of updated asset objects reloaded before import = 0Number of asset objects unloaded after import = 15

========================================================================
Received Import Request.
  Time since last request: 0.000032 seconds.
  path: Assets/TextMesh Pro/Shaders/SDFFunctions.hlsl
  artifactKey: Guid(96de908384869cd409c75efa351d5edf) Importer(2089858483,192608db42251d675da83286b1cce702)
Start importing Assets/TextMesh Pro/Shaders/SDFFunctions.hlsl using Guid(96de908384869cd409c75efa351d5edf) Importer(2089858483,192608db42251d675da83286b1cce702) (ScriptedImporter) -> (artifact id: '86ab9a9e29cb23de0a217a373473bdbd') in 0.0464885 seconds
Number of updated asset objects reloaded before import = 0Number of asset objects unloaded after import = 1

========================================================================
Received Import Request.
  Time since last request: 0.000034 seconds.
  path: Assets/Super Retro Compact Pack/Models/FunCar_Police_01.fbx
  artifactKey: Guid(b9de06a963e1db4458d800ac7e8ac51d) Importer(2089858483,192608db42251d675da83286b1cce702)
Start importing Assets/Super Retro Compact Pack/Models/FunCar_Police_01.fbx using Guid(b9de06a963e1db4458d800ac7e8ac51d) Importer(2089858483,192608db42251d675da83286b1cce702) (ScriptedImporter) -> (artifact id: 'fd3219f74cc8955b37244f5a8a0efdab') in 0.0737458 seconds
Number of updated asset objects reloaded before import = 0Number of asset objects unloaded after import = 35

========================================================================
Received Import Request.
  Time since last request: 0.000051 seconds.
  path: Assets/Super Retro Compact Pack/Prefabs/CompactCar_Taxi.prefab
  artifactKey: Guid(208148a64b26ead429c28298b662a4f5) Importer(2089858483,192608db42251d675da83286b1cce702)
Start importing Assets/Super Retro Compact Pack/Prefabs/CompactCar_Taxi.prefab using Guid(208148a64b26ead429c28298b662a4f5) Importer(2089858483,192608db42251d675da83286b1cce702) (ScriptedImporter) -> (artifact id: '677e99b311372767e02c0045bd81362f') in 0.0697255 seconds
Number of updated asset objects reloaded before import = 0Number of asset objects unloaded after import = 40

========================================================================
Received Import Request.
  Time since last request: 0.000027 seconds.
  path: Assets/script/CarHornTrigger.cs
  artifactKey: Guid(16256673fdf132a4e9aec1f858332011) Importer(2089858483,192608db42251d675da83286b1cce702)
Start importing Assets/script/CarHornTrigger.cs using Guid(16256673fdf132a4e9aec1f858332011) Importer(2089858483,192608db42251d675da83286b1cce702) (ScriptedImporter) -> (artifact id: '4e021693a7c0ba482f385bf0faa34e69') in 0.026915 seconds
Number of updated asset objects reloaded before import = 0Number of asset objects unloaded after import = 0

========================================================================
Received Import Request.
  Time since last request: 0.000233 seconds.
  path: Assets/office texture/office_mail_box_material_BaseColor.png
  artifactKey: Guid(3cea108b8e3e42e4394f087617499b71) Importer(2089858483,192608db42251d675da83286b1cce702)
Start importing Assets/office texture/office_mail_box_material_BaseColor.png using Guid(3cea108b8e3e42e4394f087617499b71) Importer(2089858483,192608db42251d675da83286b1cce702) (ScriptedImporter) -> (artifact id: '03555e6e5771ff440d2488c03d719ac0') in 0.0338994 seconds
Number of updated asset objects reloaded before import = 0Number of asset objects unloaded after import = 1

========================================================================
Received Import Request.
  Time since last request: 0.000107 seconds.
  path: Assets/instrument-guitar-ultra-low-poly/textures/Meshessipropinstrumentguitar041Tex.png
  artifactKey: Guid(4f141c0ea8f054e409f45b9e50351065) Importer(2089858483,192608db42251d675da83286b1cce702)
Start importing Assets/instrument-guitar-ultra-low-poly/textures/Meshessipropinstrumentguitar041Tex.png using Guid(4f141c0ea8f054e409f45b9e50351065) Importer(2089858483,192608db42251d675da83286b1cce702) (ScriptedImporter) -> (artifact id: 'f6bb05d2a78def647ace97d214401b4f') in 0.0611604 seconds
Number of updated asset objects reloaded before import = 0Number of asset objects unloaded after import = 1

========================================================================
Received Import Request.
  Time since last request: 0.000046 seconds.
  path: Assets/apartment/apartment_counter sink_BaseColor.png
  artifactKey: Guid(75f63c30f3be2f047b14a21f65efeb3e) Importer(2089858483,192608db42251d675da83286b1cce702)
Start importing Assets/apartment/apartment_counter sink_BaseColor.png using Guid(75f63c30f3be2f047b14a21f65efeb3e) Importer(2089858483,192608db42251d675da83286b1cce702) (ScriptedImporter) -> (artifact id: '97173027e110d411a86958c16593e0a4') in 0.0436286 seconds
Number of updated asset objects reloaded before import = 0Number of asset objects unloaded after import = 1

========================================================================
Received Import Request.
  Time since last request: 0.000148 seconds.
  path: Assets/TextMesh Pro/Shaders/TMP_SDF-Mobile SSD.shader
  artifactKey: Guid(c8d12adcee749c344b8117cf7c7eb912) Importer(2089858483,192608db42251d675da83286b1cce702)
Start importing Assets/TextMesh Pro/Shaders/TMP_SDF-Mobile SSD.shader using Guid(c8d12adcee749c344b8117cf7c7eb912) Importer(2089858483,192608db42251d675da83286b1cce702) (ScriptedImporter) -> (artifact id: '335569a78ea3b6223ea46656217f648a') in 0.0351156 seconds
Number of updated asset objects reloaded before import = 0Number of asset objects unloaded after import = 1

========================================================================
Received Import Request.
  Time since last request: 0.000032 seconds.
  path: Assets/TextMesh Pro/Shaders/TMP_SDF-Surface.shader
  artifactKey: Guid(f7ada0af4f174f0694ca6a487b8f543d) Importer(2089858483,192608db42251d675da83286b1cce702)
Start importing Assets/TextMesh Pro/Shaders/TMP_SDF-Surface.shader using Guid(f7ada0af4f174f0694ca6a487b8f543d) Importer(2089858483,192608db42251d675da83286b1cce702) (ScriptedImporter) -> (artifact id: '80502fcefa4ec964a4d2cf278d590d17') in 0.0336609 seconds
Number of updated asset objects reloaded before import = 0Number of asset objects unloaded after import = 1

========================================================================
Received Import Request.
  Time since last request: 0.000041 seconds.
  path: Assets/TextMesh Pro/Sprites/EmojiOne.json
  artifactKey: Guid(8f05276190cf498a8153f6cbe761d4e6) Importer(2089858483,192608db42251d675da83286b1cce702)
Start importing Assets/TextMesh Pro/Sprites/EmojiOne.json using Guid(8f05276190cf498a8153f6cbe761d4e6) Importer(2089858483,192608db42251d675da83286b1cce702) (ScriptedImporter) -> (artifact id: 'e693b531549c865add1d87c3fc360dcb') in 0.0456616 seconds
Number of updated asset objects reloaded before import = 0Number of asset objects unloaded after import = 1

========================================================================
Received Import Request.
  Time since last request: 0.000032 seconds.
  path: Assets/trash-can-02/textures/DefaultMaterial_Base_Color.png
  artifactKey: Guid(fd4ef35429ae4e84a85aca2f1471bc50) Importer(2089858483,192608db42251d675da83286b1cce702)
Start importing Assets/trash-can-02/textures/DefaultMaterial_Base_Color.png using Guid(fd4ef35429ae4e84a85aca2f1471bc50) Importer(2089858483,192608db42251d675da83286b1cce702) (ScriptedImporter) -> (artifact id: '35d53f7f3068782807889eb0035263f7') in 0.0495692 seconds
Number of updated asset objects reloaded before import = 0Number of asset objects unloaded after import = 1

========================================================================
Received Import Request.
  Time since last request: 0.000037 seconds.
  path: Assets/stalker.mtl
  artifactKey: Guid(5e5adc85dd1242548bb5c19313a843e8) Importer(2089858483,192608db42251d675da83286b1cce702)
Start importing Assets/stalker.mtl using Guid(5e5adc85dd1242548bb5c19313a843e8) Importer(2089858483,192608db42251d675da83286b1cce702) (ScriptedImporter) -> (artifact id: '7f20a5b0aa76cdf8442a1b36d549bf2d') in 0.0244873 seconds
Number of updated asset objects reloaded before import = 0Number of asset objects unloaded after import = 1

========================================================================
Received Import Request.
  Time since last request: 0.000029 seconds.
  path: Assets/Materials/elevator-door_plaque_material1.mat
  artifactKey: Guid(d4c5fd58bc8496240ab269e323f352b2) Importer(2089858483,192608db42251d675da83286b1cce702)
Start importing Assets/Materials/elevator-door_plaque_material1.mat using Guid(d4c5fd58bc8496240ab269e323f352b2) Importer(2089858483,192608db42251d675da83286b1cce702) (ScriptedImporter) -> (artifact id: 'b8edc0e6cc72e136d4cfe0494a838d8e') in 0.0673185 seconds
Number of updated asset objects reloaded before import = 0Number of asset objects unloaded after import = 5

========================================================================
Received Import Request.
  Time since last request: 0.000040 seconds.
  path: Assets/apartment/apartment_counter sink_Roughness.png
  artifactKey: Guid(35148adcb73876542ae1ae9eca9cc6a0) Importer(2089858483,192608db42251d675da83286b1cce702)
Start importing Assets/apartment/apartment_counter sink_Roughness.png using Guid(35148adcb73876542ae1ae9eca9cc6a0) Importer(2089858483,192608db42251d675da83286b1cce702) (ScriptedImporter) -> (artifact id: 'dfc86ce8b70fa64472d8e4d370fa84a5') in 0.0452162 seconds
Number of updated asset objects reloaded before import = 0Number of asset objects unloaded after import = 1

========================================================================
Received Import Request.
  Time since last request: 0.000150 seconds.
  path: Assets/Mailboxdoor .wav
  artifactKey: Guid(0868624d49998e9498e0065f2067d8c0) Importer(2089858483,192608db42251d675da83286b1cce702)
Start importing Assets/Mailboxdoor .wav using Guid(0868624d49998e9498e0065f2067d8c0) Importer(2089858483,192608db42251d675da83286b1cce702) (ScriptedImporter) -> (artifact id: '9a7972fa995a7fb3ff41a2f7f60b0801') in 0.0780155 seconds
Number of updated asset objects reloaded before import = 0Number of asset objects unloaded after import = 1

========================================================================
Received Import Request.
  Time since last request: 0.000055 seconds.
  path: Assets/apartment/Materials/trash.mat
  artifactKey: Guid(c7b49c9aab25f8d4c876a00ecced131f) Importer(2089858483,192608db42251d675da83286b1cce702)
Start importing Assets/apartment/Materials/trash.mat using Guid(c7b49c9aab25f8d4c876a00ecced131f) Importer(2089858483,192608db42251d675da83286b1cce702) (ScriptedImporter) -> (artifact id: '086d28a48965ef9cb90734c5a9859570') in 0.0538152 seconds
Number of updated asset objects reloaded before import = 0Number of asset objects unloaded after import = 1

========================================================================
Received Import Request.
  Time since last request: 0.000038 seconds.
  path: Assets/Super Retro Compact Pack/Prefabs/CompactCar_Neon.prefab
  artifactKey: Guid(e6cc0ed455f69054f953b3f03a04a5e4) Importer(2089858483,192608db42251d675da83286b1cce702)
Start importing Assets/Super Retro Compact Pack/Prefabs/CompactCar_Neon.prefab using Guid(e6cc0ed455f69054f953b3f03a04a5e4) Importer(2089858483,192608db42251d675da83286b1cce702) (ScriptedImporter) -> (artifact id: 'f56d7a04aaeaac320aed5eab558faec7') in 0.0752233 seconds
Number of updated asset objects reloaded before import = 0Number of asset objects unloaded after import = 34

========================================================================
Received Import Request.
  Time since last request: 0.000037 seconds.
  path: Assets/Ui/Ui/Untitled_Artwork-7.png
  artifactKey: Guid(d6d151268e4025a47a4c7c309fe1d98f) Importer(2089858483,192608db42251d675da83286b1cce702)
Start importing Assets/Ui/Ui/Untitled_Artwork-7.png using Guid(d6d151268e4025a47a4c7c309fe1d98f) Importer(2089858483,192608db42251d675da83286b1cce702) (ScriptedImporter) -> (artifact id: '6a6630b28937f28a1a25de4bad0b0010') in 0.0917104 seconds
Number of updated asset objects reloaded before import = 0Number of asset objects unloaded after import = 3

========================================================================
Received Import Request.
  Time since last request: 0.000046 seconds.
  path: Assets/instrument-guitar-ultra-low-poly/source/Prop_Instrument_Guitar_04/Meshessipropinstrumentguitar041Tex.png
  artifactKey: Guid(e0796055ea27caf4eb9d599a0d23e341) Importer(2089858483,192608db42251d675da83286b1cce702)
Start importing Assets/instrument-guitar-ultra-low-poly/source/Prop_Instrument_Guitar_04/Meshessipropinstrumentguitar041Tex.png using Guid(e0796055ea27caf4eb9d599a0d23e341) Importer(2089858483,192608db42251d675da83286b1cce702) (ScriptedImporter) -> (artifact id: '071ee4dce09fa8a088dfaca5d49c7951') in 0.0459708 seconds
Number of updated asset objects reloaded before import = 0Number of asset objects unloaded after import = 1

========================================================================
Received Import Request.
  Time since last request: 0.000482 seconds.
  path: Assets/trash-can-02/textures/New Material.mat
  artifactKey: Guid(1389623c1e2a54745a2dc29db3e981e9) Importer(2089858483,192608db42251d675da83286b1cce702)
Start importing Assets/trash-can-02/textures/New Material.mat using Guid(1389623c1e2a54745a2dc29db3e981e9) Importer(2089858483,192608db42251d675da83286b1cce702) (ScriptedImporter) -> (artifact id: '4ef4bc58e67081c2be750b318cbbfe81') in 0.0532632 seconds
Number of updated asset objects reloaded before import = 0Number of asset objects unloaded after import = 4

========================================================================
Received Import Request.
  Time since last request: 0.000077 seconds.
  path: Assets/PSX City/PSX City/Textures/Brick1.png
  artifactKey: Guid(f0ab8c88c807a634dbf53c623e7e9ac1) Importer(2089858483,192608db42251d675da83286b1cce702)
Start importing Assets/PSX City/PSX City/Textures/Brick1.png using Guid(f0ab8c88c807a634dbf53c623e7e9ac1) Importer(2089858483,192608db42251d675da83286b1cce702) (ScriptedImporter) -> (artifact id: '7bf0156f3f63dcba2b9f5d65a0f9b944') in 0.0509011 seconds
Number of updated asset objects reloaded before import = 0Number of asset objects unloaded after import = 1

========================================================================
Received Import Request.
  Time since last request: 0.000171 seconds.
  path: Assets/Super Retro Compact Pack/Prefabs/CompactCar_Police.prefab
  artifactKey: Guid(e0ebd8e4b3bdb054c9c4357758f3c55a) Importer(2089858483,192608db42251d675da83286b1cce702)
Start importing Assets/Super Retro Compact Pack/Prefabs/CompactCar_Police.prefab using Guid(e0ebd8e4b3bdb054c9c4357758f3c55a) Importer(2089858483,192608db42251d675da83286b1cce702) (ScriptedImporter) -> (artifact id: '2305225902176f3f7ad5af9534720d4d') in 0.0732832 seconds
Number of updated asset objects reloaded before import = 0Number of asset objects unloaded after import = 40

========================================================================
Received Import Request.
  Time since last request: 0.000110 seconds.
  path: Assets/apartment/apartment_window bar_Metallic.png
  artifactKey: Guid(dda830084ecac24489667a2fedfa9f35) Importer(2089858483,192608db42251d675da83286b1cce702)
Start importing Assets/apartment/apartment_window bar_Metallic.png using Guid(dda830084ecac24489667a2fedfa9f35) Importer(2089858483,192608db42251d675da83286b1cce702) (ScriptedImporter) -> (artifact id: '404e4d8b89b0539e91f246defa66a6c4') in 0.0617837 seconds
Number of updated asset objects reloaded before import = 0Number of asset objects unloaded after import = 1

========================================================================
Received Import Request.
  Time since last request: 0.000038 seconds.
  path: Assets/elevator texture/elevator_panel_material_Metallic.png
  artifactKey: Guid(4532fd21d73425244922b7c13f6f6d35) Importer(2089858483,192608db42251d675da83286b1cce702)
Start importing Assets/elevator texture/elevator_panel_material_Metallic.png using Guid(4532fd21d73425244922b7c13f6f6d35) Importer(2089858483,192608db42251d675da83286b1cce702) (ScriptedImporter) -> (artifact id: 'ca32c459f8bd5baaabc661a16c0e1aa6') in 0.050857 seconds
Number of updated asset objects reloaded before import = 0Number of asset objects unloaded after import = 1

========================================================================
Received Import Request.
  Time since last request: 0.000048 seconds.
  path: Assets/Super Retro Compact Pack/Models/FunCar_01.fbx
  artifactKey: Guid(b0c1ec48fc5036b40ad7bf2ef9ca4444) Importer(2089858483,192608db42251d675da83286b1cce702)
Start importing Assets/Super Retro Compact Pack/Models/FunCar_01.fbx using Guid(b0c1ec48fc5036b40ad7bf2ef9ca4444) Importer(2089858483,192608db42251d675da83286b1cce702) (ScriptedImporter) -> (artifact id: '4ad240196f21bf1241253d7ebdc364a0') in 0.0501035 seconds
Number of updated asset objects reloaded before import = 0Number of asset objects unloaded after import = 30

========================================================================
Received Import Request.
  Time since last request: 0.000031 seconds.
  path: Assets/Super Retro Compact Pack/Highway Set/Materials/Road_Shoulder.mat
  artifactKey: Guid(95f64259fb8d2994a8429a64ac9a83b6) Importer(2089858483,192608db42251d675da83286b1cce702)
Start importing Assets/Super Retro Compact Pack/Highway Set/Materials/Road_Shoulder.mat using Guid(95f64259fb8d2994a8429a64ac9a83b6) Importer(2089858483,192608db42251d675da83286b1cce702) (ScriptedImporter) -> (artifact id: 'bd582c7c022ee1a3a29178df3908f2cc') in 0.0731786 seconds
Number of updated asset objects reloaded before import = 0Number of asset objects unloaded after import = 2

========================================================================
Received Import Request.
  Time since last request: 0.000035 seconds.
  path: Assets/psx-bong/source/Bong/BongGlassYellow.jpg
  artifactKey: Guid(3a46303119c84e6478668c3b872e13ca) Importer(2089858483,192608db42251d675da83286b1cce702)
Start importing Assets/psx-bong/source/Bong/BongGlassYellow.jpg using Guid(3a46303119c84e6478668c3b872e13ca) Importer(2089858483,192608db42251d675da83286b1cce702) (ScriptedImporter) -> (artifact id: '4f299002ed569ea3bbf74b6ad16b9f78') in 0.0432295 seconds
Number of updated asset objects reloaded before import = 0Number of asset objects unloaded after import = 1

========================================================================
Received Import Request.
  Time since last request: 0.000042 seconds.
  path: Assets/PSXShaderKit/Shaders/ImageEffects/PSX-Pixelation.shader
  artifactKey: Guid(f2da0e2a14a532548b5db043244b3df1) Importer(2089858483,192608db42251d675da83286b1cce702)
Start importing Assets/PSXShaderKit/Shaders/ImageEffects/PSX-Pixelation.shader using Guid(f2da0e2a14a532548b5db043244b3df1) Importer(2089858483,192608db42251d675da83286b1cce702) (ScriptedImporter) -> (artifact id: '7f044c54f00504e24773df73dd17fa2c') in 0.0343973 seconds
Number of updated asset objects reloaded before import = 0Number of asset objects unloaded after import = 1

========================================================================
Received Import Request.
  Time since last request: 0.000056 seconds.
  path: Assets/PSX City/PSX City/Textures/Light.png
  artifactKey: Guid(e333debd8d526034da5735f3a7213688) Importer(2089858483,192608db42251d675da83286b1cce702)
Start importing Assets/PSX City/PSX City/Textures/Light.png using Guid(e333debd8d526034da5735f3a7213688) Importer(2089858483,192608db42251d675da83286b1cce702) (ScriptedImporter) -> (artifact id: '9a78f5aea84a0951fa1192ce47299ee1') in 0.0601462 seconds
Number of updated asset objects reloaded before import = 0Number of asset objects unloaded after import = 1

========================================================================
Received Import Request.
  Time since last request: 0.000037 seconds.
  path: Assets/apartment/apartment_fridge_Height.png
  artifactKey: Guid(9a55c779b9a8abc4693b920e65083191) Importer(2089858483,192608db42251d675da83286b1cce702)
Start importing Assets/apartment/apartment_fridge_Height.png using Guid(9a55c779b9a8abc4693b920e65083191) Importer(2089858483,192608db42251d675da83286b1cce702) (ScriptedImporter) -> (artifact id: '0bbd39dffe66b73bdb87fc64fec32627') in 0.0458196 seconds
Number of updated asset objects reloaded before import = 0Number of asset objects unloaded after import = 1

========================================================================
Received Import Request.
  Time since last request: 0.000192 seconds.
  path: Assets/office texture/cardboard_boxes_BaseColor.png
  artifactKey: Guid(9a33111fb194bdc4da91ca4101dfdd1e) Importer(2089858483,192608db42251d675da83286b1cce702)
Start importing Assets/office texture/cardboard_boxes_BaseColor.png using Guid(9a33111fb194bdc4da91ca4101dfdd1e) Importer(2089858483,192608db42251d675da83286b1cce702) (ScriptedImporter) -> (artifact id: '2fbb42f099974e2baef676d20a6a1aec') in 0.0533436 seconds
Number of updated asset objects reloaded before import = 0Number of asset objects unloaded after import = 1

========================================================================
Received Import Request.
  Time since last request: 0.000040 seconds.
  path: Assets/apartment/Materials/lamp.mat
  artifactKey: Guid(01cd053ca3ad6d84284b6562e3fd177c) Importer(2089858483,192608db42251d675da83286b1cce702)
Start importing Assets/apartment/Materials/lamp.mat using Guid(01cd053ca3ad6d84284b6562e3fd177c) Importer(2089858483,192608db42251d675da83286b1cce702) (ScriptedImporter) -> (artifact id: '11b8cedd36a154eb88fce75eb2fba84f') in 0.0483102 seconds
Number of updated asset objects reloaded before import = 0Number of asset objects unloaded after import = 1

========================================================================
Received Import Request.
  Time since last request: 0.000041 seconds.
  path: Assets/apartment/apartment_counter sink_Normal.png
  artifactKey: Guid(445d580b74ce4184eb2f58bd13655820) Importer(2089858483,192608db42251d675da83286b1cce702)
Start importing Assets/apartment/apartment_counter sink_Normal.png using Guid(445d580b74ce4184eb2f58bd13655820) Importer(2089858483,192608db42251d675da83286b1cce702) (ScriptedImporter) -> (artifact id: '0b73e1e09ea25d99507a196c82581f08') in 0.0538062 seconds
Number of updated asset objects reloaded before import = 0Number of asset objects unloaded after import = 1

========================================================================
Received Import Request.
  Time since last request: 0.000294 seconds.
  path: Assets/font/OCR-A Regular.otf
  artifactKey: Guid(1f55430a42279e742a55411361d24f6c) Importer(2089858483,192608db42251d675da83286b1cce702)
Start importing Assets/font/OCR-A Regular.otf using Guid(1f55430a42279e742a55411361d24f6c) Importer(2089858483,192608db42251d675da83286b1cce702) (ScriptedImporter) -> (artifact id: 'e972dad97a9ae8cf8dfae900bd568629') in 0.0600523 seconds
Number of updated asset objects reloaded before import = 0Number of asset objects unloaded after import = 3

========================================================================
Received Import Request.
  Time since last request: 0.000029 seconds.
  path: Assets/psx-bong/source/Bong/BongRed.jpg
  artifactKey: Guid(15e3e035fac6a2a4e9d5cec833ff60f3) Importer(2089858483,192608db42251d675da83286b1cce702)
Start importing Assets/psx-bong/source/Bong/BongRed.jpg using Guid(15e3e035fac6a2a4e9d5cec833ff60f3) Importer(2089858483,192608db42251d675da83286b1cce702) (ScriptedImporter) -> (artifact id: '03b0a6b08a0507bfa12d61f2f0f6890e') in 0.0599186 seconds
Number of updated asset objects reloaded before import = 0Number of asset objects unloaded after import = 1

========================================================================
Received Prepare
Default GameObject BitMask: UI already registered
Refreshing native plugins compatible for Editor in 9.32 ms, found 3 plugins.
Preloading 0 native plugins for Editor in 0.00 ms.
Unloading 12 Unused Serialized files (Serialized files now loaded: 0)
Unloading 4076 unused Assets / (2.6 MB). Loaded Objects now: 4698.
Memory consumption went from 100.9 MB to 98.3 MB.
Total: 23.971000 ms (FindLiveObjects: 1.260900 ms CreateObjectMapping: 1.616400 ms MarkObjects: 17.695600 ms  DeleteObjects: 3.393900 ms)

Prepare: number of updated asset objects reloaded= 0
========================================================================
Received Import Request.
  Time since last request: 0.862146 seconds.
  path: Assets/TextMesh Pro/Resources/Style Sheets/Default Style Sheet.asset
  artifactKey: Guid(f952c082cb03451daed3ee968ac6c63e) Importer(2089858483,192608db42251d675da83286b1cce702)
Start importing Assets/TextMesh Pro/Resources/Style Sheets/Default Style Sheet.asset using Guid(f952c082cb03451daed3ee968ac6c63e) Importer(2089858483,192608db42251d675da83286b1cce702) (ScriptedImporter) -> (artifact id: '330bfc0599a5195391cfcc4319b4caf3') in 0.0514205 seconds
Number of updated asset objects reloaded before import = 0Number of asset objects unloaded after import = 1

========================================================================
Received Import Request.
  Time since last request: 0.001158 seconds.
  path: Assets/script/GunPickUp.cs
  artifactKey: Guid(78c2d5b31980c454585b70d5e4f846bc) Importer(815301076,1909f56bfc062723c751e8b465ee728b)
Start importing Assets/script/GunPickUp.cs using Guid(78c2d5b31980c454585b70d5e4f846bc) Importer(815301076,1909f56bfc062723c751e8b465ee728b) (PreviewImporter) -> (artifact id: 'e4c8615c2077ef0aebdf387cbc20eea7') in 0.0023096 seconds
Number of updated asset objects reloaded before import = 0Number of asset objects unloaded after import = 0

========================================================================
Received Import Request.
  Time since last request: 0.000046 seconds.
  path: Assets/TextMesh Pro/Resources/Fonts & Materials/LiberationSans SDF.asset
  artifactKey: Guid(8f586378b4e144a9851e7b34d9b748ee) Importer(2089858483,192608db42251d675da83286b1cce702)
Start importing Assets/TextMesh Pro/Resources/Fonts & Materials/LiberationSans SDF.asset using Guid(8f586378b4e144a9851e7b34d9b748ee) Importer(2089858483,192608db42251d675da83286b1cce702) (ScriptedImporter) -> (artifact id: 'e4a170ef7e12737f42dbc42f39ae9407') in 0.2034689 seconds
Number of updated asset objects reloaded before import = 0Number of asset objects unloaded after import = 8

========================================================================
Received Import Request.
  Time since last request: 0.000066 seconds.
  path: Assets/TextMesh Pro/Resources/Sprite Assets/EmojiOne.asset
  artifactKey: Guid(c41005c129ba4d66911b75229fd70b45) Importer(2089858483,192608db42251d675da83286b1cce702)
Start importing Assets/TextMesh Pro/Resources/Sprite Assets/EmojiOne.asset using Guid(c41005c129ba4d66911b75229fd70b45) Importer(2089858483,192608db42251d675da83286b1cce702) (ScriptedImporter) -> (artifact id: 'dc13bfed31364647ceb702c8ced21dfb') in 0.0489578 seconds
Number of updated asset objects reloaded before import = 0Number of asset objects unloaded after import = 3

========================================================================
Received Import Request.
  Time since last request: 0.000054 seconds.
  path: Assets/Super Retro Compact Pack/Highway Set/Models/Pylon.fbx
  artifactKey: Guid(2338ebbe76b97bb41ae8bf3b27baf6ea) Importer(2089858483,192608db42251d675da83286b1cce702)
Start importing Assets/Super Retro Compact Pack/Highway Set/Models/Pylon.fbx using Guid(2338ebbe76b97bb41ae8bf3b27baf6ea) Importer(2089858483,192608db42251d675da83286b1cce702) (ScriptedImporter) -> (artifact id: 'aacb1512c99f22d77da3890118cef988') in 0.1410908 seconds
Number of updated asset objects reloaded before import = 0Number of asset objects unloaded after import = 8

========================================================================
Received Import Request.
  Time since last request: 0.000042 seconds.
  path: Assets/Super Retro Compact Pack/Highway Set/Prefabs/Gate_01.prefab
  artifactKey: Guid(ef49aca8bf976534e88ad608c0718acf) Importer(2089858483,192608db42251d675da83286b1cce702)
Start importing Assets/Super Retro Compact Pack/Highway Set/Prefabs/Gate_01.prefab using Guid(ef49aca8bf976534e88ad608c0718acf) Importer(2089858483,192608db42251d675da83286b1cce702) (ScriptedImporter) -> (artifact id: '4372b84c326c3cf022bfe0b62c2612a2') in 0.2421775 seconds
Number of updated asset objects reloaded before import = 0Number of asset objects unloaded after import = 22

========================================================================
Received Import Request.
  Time since last request: 0.000046 seconds.
  path: Assets/Survivalist/StarterAssets/ThirdPersonController/Character/Animations/Locomotion--Walk_N.anim.fbx
  artifactKey: Guid(8269a9f8cf495034c817722ac21f309f) Importer(2089858483,192608db42251d675da83286b1cce702)
Start importing Assets/Survivalist/StarterAssets/ThirdPersonController/Character/Animations/Locomotion--Walk_N.anim.fbx using Guid(8269a9f8cf495034c817722ac21f309f) Importer(2089858483,192608db42251d675da83286b1cce702) (ScriptedImporter) -> (artifact id: 'a0bd02e4e155f54e28b086a95731c80d') in 0.0740845 seconds
Number of updated asset objects reloaded before import = 0Number of asset objects unloaded after import = 143

========================================================================
Received Import Request.
  Time since last request: 0.000063 seconds.
  path: Assets/Super Retro Compact Pack/Highway Set/Models/Road_Shoulder_01.fbx
  artifactKey: Guid(78dfd16155cce33439ed6ad79cccb910) Importer(2089858483,192608db42251d675da83286b1cce702)
Start importing Assets/Super Retro Compact Pack/Highway Set/Models/Road_Shoulder_01.fbx using Guid(78dfd16155cce33439ed6ad79cccb910) Importer(2089858483,192608db42251d675da83286b1cce702) (ScriptedImporter) -> (artifact id: '58ea476d4e2451fa478df7047166b1ce') in 0.0922687 seconds
Number of updated asset objects reloaded before import = 0Number of asset objects unloaded after import = 8

========================================================================
Received Import Request.
  Time since last request: 0.000031 seconds.
  path: Assets/Survivalist/StarterAssets/ThirdPersonController/Character/Animations/Locomotion--Run_S.anim.fbx
  artifactKey: Guid(a073c604c44135e438eeeaef77058ac5) Importer(2089858483,192608db42251d675da83286b1cce702)
Start importing Assets/Survivalist/StarterAssets/ThirdPersonController/Character/Animations/Locomotion--Run_S.anim.fbx using Guid(a073c604c44135e438eeeaef77058ac5) Importer(2089858483,192608db42251d675da83286b1cce702) (ScriptedImporter) -> (artifact id: '2f14151e6cbca1052b9334b747265c11') in 0.084571 seconds
Number of updated asset objects reloaded before import = 0Number of asset objects unloaded after import = 143

========================================================================
Received Import Request.
  Time since last request: 0.000034 seconds.
  path: Assets/Super Retro Compact Pack/Highway Set/Prefabs/Barrier_02.prefab
  artifactKey: Guid(39b29c640ffe9d6449186f94ce049d88) Importer(2089858483,192608db42251d675da83286b1cce702)
Start importing Assets/Super Retro Compact Pack/Highway Set/Prefabs/Barrier_02.prefab using Guid(39b29c640ffe9d6449186f94ce049d88) Importer(2089858483,192608db42251d675da83286b1cce702) (ScriptedImporter) -> (artifact id: '1a6fc7f74eb164e6aad5324cc1e5bc12') in 0.0916346 seconds
Number of updated asset objects reloaded before import = 0Number of asset objects unloaded after import = 9

========================================================================
Received Import Request.
  Time since last request: 0.000073 seconds.
  path: Assets/Survivalist/StarterAssets/ThirdPersonController/Character/Animations/Stand--Idle.anim.fbx
  artifactKey: Guid(12e52e465ed793a4d801955e9f964a82) Importer(2089858483,192608db42251d675da83286b1cce702)
Start importing Assets/Survivalist/StarterAssets/ThirdPersonController/Character/Animations/Stand--Idle.anim.fbx using Guid(12e52e465ed793a4d801955e9f964a82) Importer(2089858483,192608db42251d675da83286b1cce702) (ScriptedImporter) -> (artifact id: 'dc2f0efdcc301eaf05f4db87b50c3910') in 0.0531604 seconds
Number of updated asset objects reloaded before import = 0Number of asset objects unloaded after import = 143

========================================================================
Received Import Request.
  Time since last request: 0.000338 seconds.
  path: Assets/Survivalist/StarterAssets/ThirdPersonController/Character/Animations/Locomotion--Run_N_Land.anim.fbx
  artifactKey: Guid(3c033631149b9c541bcf155cd94cccba) Importer(2089858483,192608db42251d675da83286b1cce702)
Start importing Assets/Survivalist/StarterAssets/ThirdPersonController/Character/Animations/Locomotion--Run_N_Land.anim.fbx using Guid(3c033631149b9c541bcf155cd94cccba) Importer(2089858483,192608db42251d675da83286b1cce702) (ScriptedImporter) -> (artifact id: '9237693095c1c21a73dd7995f0854c84') in 0.0877461 seconds
Number of updated asset objects reloaded before import = 0Number of asset objects unloaded after import = 143

========================================================================
Received Import Request.
  Time since last request: 0.000084 seconds.
  path: Assets/Super Retro Compact Pack/Highway Set/Prefabs/Road_Shoulder_01.prefab
  artifactKey: Guid(f19daf3e726e58c42bb22c0dd0172db1) Importer(2089858483,192608db42251d675da83286b1cce702)
Start importing Assets/Super Retro Compact Pack/Highway Set/Prefabs/Road_Shoulder_01.prefab using Guid(f19daf3e726e58c42bb22c0dd0172db1) Importer(2089858483,192608db42251d675da83286b1cce702) (ScriptedImporter) -> (artifact id: 'eab099560f4011a76fb52012070de443') in 0.0888408 seconds
Number of updated asset objects reloaded before import = 0Number of asset objects unloaded after import = 9

========================================================================
Received Import Request.
  Time since last request: 0.000030 seconds.
  path: Assets/Super Retro Compact Pack/Highway Set/Models/Skydome.fbx
  artifactKey: Guid(fb910e1c5078454408bfd32ba375fc3e) Importer(2089858483,192608db42251d675da83286b1cce702)
Start importing Assets/Super Retro Compact Pack/Highway Set/Models/Skydome.fbx using Guid(fb910e1c5078454408bfd32ba375fc3e) Importer(2089858483,192608db42251d675da83286b1cce702) (ScriptedImporter) -> (artifact id: '60487f869ebfcc220492f62addb20ba4') in 0.0794735 seconds
Number of updated asset objects reloaded before import = 0Number of asset objects unloaded after import = 16

========================================================================
Received Prepare
Default GameObject BitMask: UI already registered
Begin MonoManager ReloadAssembly
- Loaded All Assemblies, in  1.996 seconds
Refreshing native plugins compatible for Editor in 3.40 ms, found 3 plugins.
Native extension for WindowsStandalone target not found
[Package Manager] Failed to launch server process. Reason: Unity was launched with the -noUpm command-line argument
[Package Manager] Unable to send message (not connected to server process).
[Package Manager] Cannot connect to Unity Package Manager local server
Mono: successfully reloaded assembly
- Finished resetting the current domain, in  2.237 seconds
Domain Reload Profiling: 4221ms
	BeginReloadAssembly (536ms)
		ExecutionOrderSort (0ms)
		DisableScriptedObjects (19ms)
		BackupInstance (0ms)
		ReleaseScriptingObjects (0ms)
		CreateAndSetChildDomain (92ms)
	RebuildCommonClasses (97ms)
	RebuildNativeTypeToScriptingClass (34ms)
	initialDomainReloadingComplete (96ms)
	LoadAllAssembliesAndSetupDomain (1220ms)
		LoadAssemblies (1029ms)
		RebuildTransferFunctionScriptingTraits (0ms)
		AnalyzeDomain (495ms)
			TypeCache.Refresh (23ms)
				TypeCache.ScanAssembly (3ms)
			BuildScriptInfoCaches (442ms)
			ResolveRequiredComponents (18ms)
	FinalizeReload (2238ms)
		ReleaseScriptCaches (0ms)
		RebuildScriptCaches (0ms)
		SetupLoadedEditorAssemblies (1818ms)
			LogAssemblyErrors (0ms)
			InitializePlatformSupportModulesInManaged (4ms)
			SetLoadedEditorAssemblies (7ms)
			BeforeProcessingInitializeOnLoad (351ms)
			ProcessInitializeOnLoadAttributes (1234ms)
			ProcessInitializeOnLoadMethodAttributes (129ms)
			AfterProcessingInitializeOnLoad (92ms)
			EditorAssembliesLoaded (2ms)
		ExecutionOrderSort2 (0ms)
		AwakeInstancesAfterBackupRestoration (30ms)
Refreshing native plugins compatible for Editor in 4.28 ms, found 3 plugins.
Preloading 0 native plugins for Editor in 0.00 ms.
Unloading 12 Unused Serialized files (Serialized files now loaded: 0)
Unloading 4083 unused Assets / (2.7 MB). Loaded Objects now: 4699.
Memory consumption went from 100.0 MB to 97.3 MB.
Total: 15.605500 ms (FindLiveObjects: 0.874300 ms CreateObjectMapping: 0.749200 ms MarkObjects: 10.414000 ms  DeleteObjects: 3.565700 ms)

Prepare: number of updated asset objects reloaded= 0
Editor requested this worker to shutdown with reason: Scaling down because of idle timeout
AssetImportWorkerClient::OnTransportError - code=2 error=End of file
AssetImportWorker is now disconnected from the server
Process exiting
Exiting without the bug reporter. Application will terminate with return code 0